uuid,name,viaf_id,gnd_id,best_qid,best_label,best_description,best_score,best_reasons,second_qid,second_score,action,signal_source,all_candidates
20a72bba-7b3b-4cad-9e81-9663c2780654,"Aaron, Joseph Philipp",,,Q137321076,Joseph Philipp Aaron,,15,search_rank_0|p31_human,Q74696,15,manual,name,"[{""qid"": ""Q137321076"", ""label"": ""Joseph Philipp Aaron"", ""desc"": """", ""score"": 15}, {""qid"": ""Q74696"", ""label"": ""Joseph Almogi"", ""desc"": ""Israeli politician (1910-1991)"", ""score"": 15}, {""qid"": ""Q11728295"", ""label"": ""Yosef Aharon Rabinovits"", ""desc"": ""Polish rabbi"", ""score"": 13}, {""qid"": ""Q115620729"", ""label"": ""יוסף אהרן טאראן"", ""desc"": """", ""score"": 11}]"
7b32d16a-823b-464c-ada9-b2a3da65df70,Abraham Isaak,,,Q116167935,Abraham Isaak,,20,search_rank_0|p31_human|name_exact,Q4668924,20,manual,name,"[{""qid"": ""Q116167935"", ""label"": ""Abraham Isaak"", ""desc"": """", ""score"": 20}, {""qid"": ""Q4668924"", ""label"": ""Abraham Isaak"", ""desc"": ""Publisher, editor, anarchist (1856–1937)"", ""score"": 20}, {""qid"": ""Q53505851"", ""label"": ""Abraham Isaak Polack"", ""desc"": """", ""score"": 13}, {""qid"": ""Q330110"", ""label"": ""Abraham Isaak Kook"", ""desc"": ""jüdischer Mystiker, Rabbiner (1865-1935)"", ""score"": 13}, {""qid"": ""Q94795556"", ""label"": ""Abraham Isaak Gans"", ""desc"": """", ""score"": 9}]"
f1f70ea9-ed3a-44a6-9922-43b974e06f5e,Abraham Joel Emanuel,,,,,,0,,,0,manual,name,[]
0a27c870-dc49-4f7f-afc6-b034d3efb242,Abraham Moses,,,Q105374178,Abraham Moses,"holocaust victim, b. 1850-04-07",20,search_rank_0|p31_human|name_exact,Q91585505,18,manual,name,"[{""qid"": ""Q105374178"", ""label"": ""Abraham Moses"", ""desc"": ""holocaust victim, b. 1850-04-07"", ""score"": 20}, {""qid"": ""Q91585505"", ""label"": ""Abraham S Moses"", ""desc"": ""researcher (ORCID 0000-0002-7006-5681)"", ""score"": 18}, {""qid"": ""Q105374179"", ""label"": ""Abraham Moses"", ""desc"": ""holocaust victim, b. 1867-05-23"", ""score"": 16}, {""qid"": ""Q123364818"", ""label"": ""Abraham Mosessohn"", ""desc"": """", ""score"": 11}, {""qid"": ""Q330415"", ""label"": ""Abraham Moses Luncz"", ""desc"": ""jüdischer Gelehrter, Autor und Verleger"", ""score"": 11}, {""qid"": ""Q2778027"", ""label"": ""אברהם משה קליין"", ""desc"": ""משורר קנדי"", ""score"": 9}, {""qid"": ""Q91869"", ""label"": ""Adolf Martin Schlesinger"", ""desc"": ""deutscher Musikverleger"", ""score"": 9}, {""qid"": ""Q126727483"", ""label"": ""Abraham Moses Margulies-Jafe Schlesinger"", ""desc"": """", ""score"": 7}]"
488e3308-f8cf-4843-bcc5-429acbd1a477,"Abrahamsen, Moses Levin",,,,,,0,,,0,manual,name,[]
08d51d05-1792-46f6-83b3-8f75b07b1b78,"Ackord, Elias",,,,,,0,,,0,manual,name,[]
6d8bcee0-2c75-4c4b-bca1-b48a5d8c47f3,Adolphi (Pastor),,,,,,0,,,0,manual,name,[]
aeaf0097-8815-4914-bc60-5bc3eb3bc903,"Alexander, Abraham",,,Q115628682,"Alexander, Abraham",article in The Biographical Dictionary of America,17,search_rank_0|name_exact|has_sitelinks,Q130417110,15,manual,name,"[{""qid"": ""Q115628682"", ""label"": ""Alexander, Abraham"", ""desc"": ""article in The Biographical Dictionary of America"", ""score"": 17}, {""qid"": ""Q130417110"", ""label"": ""Abraham Alexander"", ""desc"": ""American blues/soul/R&B musician"", ""score"": 15}, {""qid"": ""Q4668742"", ""label"": ""Abraham Alexander"", ""desc"": ""Public figure in Mecklenburg County, North Carolina, during the American Revolution (1718-1786)"", ""score"": 13}, {""qid"": ""Q323417"", ""label"": ""Abraham Ribicoff"", ""desc"": ""American politician (1910–1998)"", ""score"": 9}, {""qid"": ""Q221933"", ""label"": ""Abraham Teerlink"", ""desc"": ""Dutch painter (1776-1857)"", ""score"": 7}, {""qid"": ""Q1385081"", ""label"": ""Alexander Schneider"", ""desc"": ""Lithuanian musician (1908-1993)"", ""score"": 7}, {""qid"": ""Q116177636"", ""label"": ""Abraham Alexander Lindo"", ""desc"": ""Jamaican merchant (1775–1849)"", ""score"": 7}, {""qid"": ""Q103844901"", ""label"": ""Alexander, Abraham (1718-1786), early leader in Mecklenburg County, North Carolina"", ""desc"": ""encyclopedia article"", ""score"": 6}]"
c982197f-d010-4537-89d8-6fc2f69bc369,"Alexander, Isaak",,,Q104208876,Isaak Alexander,"holocaust victim, b. 1871-07-18",15,search_rank_0|p31_human,Q104208877,13,manual,name,"[{""qid"": ""Q104208876"", ""label"": ""Isaak Alexander"", ""desc"": ""holocaust victim, b. 1871-07-18"", ""score"": 15}, {""qid"": ""Q104208877"", ""label"": ""Isaak Alexander"", ""desc"": ""holocaust victim, b. 1875-01-01"", ""score"": 13}, {""qid"": ""Q6075824"", ""label"": ""Isaac Alexander"", ""desc"": ""writer"", ""score"": 13}]"
496546fd-ae64-47d5-9c59-340535367712,"Alexander, Levy",,,Q366643,Lloyd Alexander,American children's writer (1924-2007),17,search_rank_1|p31_human|name_partial|has_sitelinks,Q131771614,15,manual,name,"[{""qid"": ""Q366643"", ""label"": ""Lloyd Alexander"", ""desc"": ""American children's writer (1924-2007)"", ""score"": 17}, {""qid"": ""Q131771614"", ""label"": ""Levy Alexander"", ""desc"": """", ""score"": 15}]"
6ac1e151-0c36-47e1-bdf9-25cd89d4443f,"Alexander, Levy",,,Q366643,Lloyd Alexander,American children's writer (1924-2007),17,search_rank_1|p31_human|name_partial|has_sitelinks,Q131771614,15,manual,name,"[{""qid"": ""Q366643"", ""label"": ""Lloyd Alexander"", ""desc"": ""American children's writer (1924-2007)"", ""score"": 17}, {""qid"": ""Q131771614"", ""label"": ""Levy Alexander"", ""desc"": """", ""score"": 15}]"
98e06976-017c-488e-9bf8-91ec2b5bbba9,Anonym,,,Q4233718,anonymous,"unknown creator of a work (do not use as value of P50; use ""unknown value"" instead)",17,search_rank_0|name_exact|has_sitelinks,Q96207739,16,manual,name,"[{""qid"": ""Q4233718"", ""label"": ""anonymous"", ""desc"": ""unknown creator of a work (do not use as value of P50; use \""unknown value\"" instead)"", ""score"": 17}, {""qid"": ""Q96207739"", ""label"": ""Anonym"", ""desc"": ""German rapper"", ""score"": 16}, {""qid"": ""Q24567005"", ""label"": ""Anonymous Was A Woman Award"", ""desc"": ""פרס האנונימי היה אישה"", ""score"": 12}, {""qid"": ""Q166280"", ""label"": ""S.A."", ""desc"": ""type of corporation in countries that mostly employ civil law"", ""score"": 10}, {""qid"": ""Q474968"", ""label"": ""anonymer Meister"", ""desc"": ""Name der Künstlerin oder des Künstler ist unbekannt"", ""score"": 9}, {""qid"": ""Q308859"", ""label"": ""Anonymität"", ""desc"": ""Situation, in der Person oder Gruppe nicht identifiziert werden kann"", ""score"": 7}, {""qid"": ""Q567633"", ""label"": ""Anonymous Content"", ""desc"": ""U.S. film and television production, and a talent management company"", ""score"": 6}, {""qid"": ""Q130711987"", ""label"": ""Anonym"", ""desc"": ""theatre play by Karel Dvořák"", ""score"": 5}, {""qid"": ""Q59755918"", ""label"": ""anonym"", ""desc"": ""Meta-Objekt für unspezifische Künstler; zu nutzen mit den Eigenschaften \""Text von\"" (P676) und/oder \""Komponist\"" (P86). Entspricht IPI-Nummern 00090659356 oder 00603808464."", ""score"": 5}, {""qid"": ""Q22906387"", ""label"": ""Anonymous;Code"", ""desc"": ""2022 visual novel video game developed by Mages and Chiyomaru Studio"", ""score"": 4}, {""qid"": ""Q37521799"", ""label"": ""Anonymous"", ""desc"": ""שם משפחה (Anonymous)"", ""score"": 2}]"
220e901c-cf7b-4a83-a999-550364bce236,Anonymous,,,Q4233718,anonymous,"unknown creator of a work (do not use as value of P50; use ""unknown value"" instead)",17,search_rank_0|name_exact|has_sitelinks,Q2492027,15,manual,name,"[{""qid"": ""Q4233718"", ""label"": ""anonymous"", ""desc"": ""unknown creator of a work (do not use as value of P50; use \""unknown value\"" instead)"", ""score"": 17}, {""qid"": ""Q2492027"", ""label"": ""Anonymous"", ""desc"": ""2007 studio album by Tomahawk"", ""score"": 15}, {""qid"": ""Q10920"", ""label"": ""אנונימוס"", ""desc"": ""קבוצת האקרים"", ""score"": 13}, {""qid"": ""Q86167"", ""label"": ""Therese Huber"", ""desc"": ""סופרת גרמנייה"", ""score"": 12}, {""qid"": ""Q37521799"", ""label"": ""Anonymous"", ""desc"": ""שם משפחה (Anonymous)"", ""score"": 9}, {""qid"": ""Q313819"", ""label"": ""Anonymous"", ""desc"": ""סרט משנת 2011"", ""score"": 7}, {""qid"": ""Q567632"", ""label"": ""Anonymous"", ""desc"": ""Band"", ""score"": 7}, {""qid"": ""Q166280"", ""label"": ""S.A."", ""desc"": ""type of corporation in countries that mostly employ civil law"", ""score"": 6}, {""qid"": ""Q567633"", ""label"": ""Anonymous Content"", ""desc"": ""U.S. film and television production, and a talent management company"", ""score"": 4}]"
610a3771-bef6-4434-8a10-5f2b9102ba7e,"Arnstein, Benedikt",,,Q816915,Benedikt David Arnstein,Austrian author,15,search_rank_1|p31_human|has_sitelinks,Q88551961,14,manual,name,"[{""qid"": ""Q816915"", ""label"": ""Benedikt David Arnstein"", ""desc"": ""Austrian author"", ""score"": 15}, {""qid"": ""Q88551961"", ""label"": ""Arnstein, Benedikt David (BLKÖ)"", ""desc"": ""entry in the Biographisches Lexikon des Kaiserthums Oesterreich (vol. 1, p. 69)"", ""score"": 14}]"
1755766e-d7c8-427b-9008-396a875e75fb,"Arnstein (Freiherr von), Nathan Adam",,,,,,0,,,0,manual,name,[]
488fe709-d4aa-4d38-8024-803bd5d34f59,"Arnstein, Josef",,,Q104210134,Josef Arnstein,"holocaust victim, b. 1899-10-28",15,search_rank_0|p31_human,Q104210132,13,manual,name,"[{""qid"": ""Q104210134"", ""label"": ""Josef Arnstein"", ""desc"": ""holocaust victim, b. 1899-10-28"", ""score"": 15}, {""qid"": ""Q104210132"", ""label"": ""Josef Arnstein"", ""desc"": ""holocaust victim, b. 1865-11-30"", ""score"": 13}, {""qid"": ""Q104210130"", ""label"": ""Josef Arnstein"", ""desc"": ""holocaust victim, b. 1896-08-02"", ""score"": 11}, {""qid"": ""Q104210131"", ""label"": ""Josef Arnstein"", ""desc"": ""holocaust victim, b. 1922-04-09"", ""score"": 9}, {""qid"": ""Q104210133"", ""label"": ""Josef Arnstein"", ""desc"": ""holocaust victim, b. 1892-01-31"", ""score"": 7}]"
f38f63c7-876c-4fb2-a57d-fc0d2c20e11f,"Arnstein, Meier",,,,,,0,,,0,manual,name,[]
4aae48ee-022f-4397-92e5-716006ba2719,"Arnstein, Nathan Adam (Freiherr von Arnstein)",,,,,,0,,,0,manual,name,[]
37574581-e74b-482d-99f4-07fe439fd120,"Arnstein, Wolf I.",,,,,,0,,,0,manual,name,[]
40e1c3e0-98d9-4aeb-bdce-e428893dadde,"Asch, Abraham",,,Q131772111,Abraham Asch,,15,search_rank_0|p31_human,Q323459,15,manual,name,"[{""qid"": ""Q131772111"", ""label"": ""Abraham Asch"", ""desc"": """", ""score"": 15}, {""qid"": ""Q323459"", ""label"": ""Abraham Ascher"", ""desc"": ""Rabbiner"", ""score"": 15}, {""qid"": ""Q59695409"", ""label"": ""Avraham Ashkenazi"", ""desc"": ""researcher ORCID ID = 0000-0002-1253-497X"", ""score"": 11}, {""qid"": ""Q325313"", ""label"": ""אשר אברהם"", ""desc"": ""פוליטיקאי הולנדי"", ""score"": 11}, {""qid"": ""Q104210501"", ""label"": ""Abraham Ascher"", ""desc"": ""Holocaust victim (born 1867)"", ""score"": 7}, {""qid"": ""Q2346533"", ""label"": ""Abraham Asscher"", ""desc"": """", ""score"": 7}, {""qid"": ""Q9138366"", ""label"": ""Abraham Ascher"", ""desc"": ""American historian"", ""score"": 7}, {""qid"": ""Q4668755"", ""label"": ""Abraham Ashkenazi"", ""desc"": ""rabbi (1813–1880)"", ""score"": 7}, {""qid"": ""Q12403361"", ""label"": ""Abraham Ashur"", ""desc"": ""Israeli military officer"", ""score"": 7}, {""qid"": ""Q125498265"", ""label"": ""Abraham Ascher"", ""desc"": ""Wikimedia disambiguation page"", ""score"": 2}]"
a666ad57-c35f-47b1-8736-c29470579049,"Bartenstein, Joseph",,,,,,0,,,0,manual,name,[]
830ea3b9-bd23-437d-b7ed-3f64f353adb7,Baschwitz,,,Q97977,Kurt Baschwitz,German journalist (1886–1968),20,search_rank_1|p31_human|name_exact|has_sitelinks,Q105996384,17,manual,name,"[{""qid"": ""Q97977"", ""label"": ""Kurt Baschwitz"", ""desc"": ""German journalist (1886–1968)"", ""score"": 20}, {""qid"": ""Q105996384"", ""label"": ""Baschwitz"", ""desc"": ""family name"", ""score"": 17}]"
544e9455-03bb-48a9-bef2-4b8f981ef13b,"Beer, Moses",,,Q113830,Max Beer,German academic (1864-1943),17,search_rank_0|p31_human|has_sitelinks,Q56526324,15,manual,name,"[{""qid"": ""Q113830"", ""label"": ""Max Beer"", ""desc"": ""German academic (1864-1943)"", ""score"": 17}, {""qid"": ""Q56526324"", ""label"": ""Moses Shabbethai Beer"", ""desc"": ""Italian rabbi"", ""score"": 15}]"
8084a91c-e3d6-4cfa-b35b-6db50d2a694f,"Beer, Peter",,,Q88592085,"Beer, Peter (BLKÖ)","entry in the Biographisches Lexikon des Kaiserthums Oesterreich (vol. 1, p. 223)",17,search_rank_0|name_exact|has_sitelinks,Q791961,15,manual,name,"[{""qid"": ""Q88592085"", ""label"": ""Beer, Peter (BLKÖ)"", ""desc"": ""entry in the Biographisches Lexikon des Kaiserthums Oesterreich (vol. 1, p. 223)"", ""score"": 17}, {""qid"": ""Q791961"", ""label"": ""Peter Beer"", ""desc"": ""Czech teacher (1758-1838)"", ""score"": 15}, {""qid"": ""Q989590"", ""label"": ""Peter Beer"", ""desc"": ""German university teacher"", ""score"": 13}, {""qid"": ""Q7172749"", ""label"": ""Peter Beer"", ""desc"": ""Royal Air Force air marshals"", ""score"": 11}, {""qid"": ""Q125269129"", ""label"": ""Peter Beer"", ""desc"": ""Austrian master builder"", ""score"": 7}, {""qid"": ""Q123749384"", ""label"": ""Peter Beer"", ""desc"": """", ""score"": 5}]"
420e09ab-9802-4da8-9f84-37bb9a88a20b,"Belinfante, Isaac",,,,,,0,,,0,manual,name,[]
bb0e8b83-4e66-4fc2-a9da-051abb3a35ad,"Belinfante, Isaac",,,,,,0,,,0,manual,name,[]
fdf0076c-10af-4c74-9fe6-d5ea979a0d50,Below (Münzdirektor),,,,,,0,,,0,manual,name,[]
3814a3ed-53d6-4885-87f4-5b4ac56506fe,"Bendavid, Lazarus",,,Q21222131,"Bendavid, Lazarus",encyclopedic article,17,search_rank_0|name_exact|has_sitelinks,Q97151,15,manual,name,"[{""qid"": ""Q21222131"", ""label"": ""Bendavid, Lazarus"", ""desc"": ""encyclopedic article"", ""score"": 17}, {""qid"": ""Q97151"", ""label"": ""Lazarus Bendavid"", ""desc"": ""Prussian mathematician and philosopher (1762-1832)"", ""score"": 15}]"
2b63d087-92b9-4f68-b842-5bd30c7f4e02,"Bendix, Jeremias",,,Q128909131,Jeremias Bendix,,15,search_rank_0|p31_human,Q125823787,13,manual,name,"[{""qid"": ""Q128909131"", ""label"": ""Jeremias Bendix"", ""desc"": """", ""score"": 15}, {""qid"": ""Q125823787"", ""label"": ""Jeremiah Bendix"", ""desc"": """", ""score"": 13}]"
65a457a0-ad25-489d-b680-5c66fc70a145,Berend Callmann,,,,,,0,,,0,manual,name,[]
732947b6-df79-41d3-9451-391a1dea370d,Berend Ellerich,,,,,,0,,,0,manual,name,[]
e1449d0a-de39-4269-9e89-4f460a582ea9,Berend Mendel,,,,,,0,,,0,manual,name,[]
5d3bae57-e486-421b-baf9-3be502e0f3f0,"Berend, S. L. (Landesältester)",,,,,,0,,,0,manual,name,[]
d4df543d-2db0-411f-8d5f-abff4a90a9a9,"Berr, Isaac Berr",,,,,,0,,,0,manual,name,[]
326f5239-e8ab-408f-afe3-eeb6a8ea226f,"Bing, Beer Abraham",,,,,,0,,,0,manual,name,[]
96007c2b-a67d-49a5-adc8-d8f6bba5d6ed,"Binge, Abraham",,,,,,0,,,0,manual,name,[]
82efb751-e3e3-4ed6-a2a1-bfb79ae067e6,Boas Isaak,,,,,,0,,,0,manual,name,[]
e063a500-af8f-4c27-a21b-75e34f3ef79d,"Bondi, Hirsch",,,,,,0,,,0,manual,name,[]
f262885a-c5d5-40f2-835f-2490195d6ba1,"Bondi, Isaac",,,,,,0,,,0,manual,name,[]
487ca253-4d84-4e95-8f66-a748d3cd8351,"Bondi, Moses",,,,,,0,,,0,manual,name,[]
2a8d5135-bc3e-456e-afb7-ed99e8aeb233,"Bresslau, Löbel",,,,,,0,,,0,manual,name,[]
5041b22b-071d-41f4-b09e-0d4ea7d5b571,"Brug, Lazarus",,,,,,0,,,0,manual,name,[]
356773bd-8703-46f4-80b1-b8a486fcbc47,Carlotta Arnstein,,,,,,0,,,0,manual,name,[]
18a8cb8b-5c06-48ef-9ead-946c54a81cf2,"Caspar, Isaac",,,,,,0,,,0,manual,name,[]
4644770f-fff8-470b-9553-88a1cab662d9,"Cohen, Benjamin Moses",,,,,,0,,,0,manual,name,[]
82b8e08b-291a-4ff6-a963-dfe85d9e6cdf,"Cohn, Nathan (Lehrer)",,,,,,0,,,0,manual,name,[]
ee76a9a6-16cf-41fb-a5eb-394f7a6a92cf,"Cologna, Abraham de",,,Q88584875,"Cologna, Abraham de (BLKÖ)","entry in the Biographisches Lexikon des Kaiserthums Oesterreich (vol. 2, p. 432)",17,search_rank_0|name_exact|has_sitelinks,Q2821857,15,manual,name,"[{""qid"": ""Q88584875"", ""label"": ""Cologna, Abraham de (BLKÖ)"", ""desc"": ""entry in the Biographisches Lexikon des Kaiserthums Oesterreich (vol. 2, p. 432)"", ""score"": 17}, {""qid"": ""Q2821857"", ""label"": ""Abraham de Cologna"", ""desc"": ""French rabbi"", ""score"": 15}]"
ceb9f255-fca1-4a3e-b530-21e8656ed9cd,"Cöslin, Chajim",,,,,,0,,,0,manual,name,[]
df6019e3-ac7c-4fda-b203-3b39794d05ae,David Jakob Ries,,,,,,0,,,0,manual,name,[]
2ae7cdc2-6cb7-4a49-bb3e-a7ef66aeefff,"David, Joseph Nathan",,,,,,0,,,0,manual,name,[]
3f1586a2-5cf4-473a-9525-514365806998,David Levi,,,Q3703232,David Levi,Italian-Jewish poet (1816–1898),22,search_rank_0|p31_human|name_exact|has_sitelinks,Q3018330,20,manual,name,"[{""qid"": ""Q3703232"", ""label"": ""David Levi"", ""desc"": ""Italian-Jewish poet (1816–1898)"", ""score"": 22}, {""qid"": ""Q3018330"", ""label"": ""David Lévi Alvarès"", ""desc"": """", ""score"": 20}, {""qid"": ""Q441553"", ""label"": ""David Levi"", ""desc"": ""US-amerikanischer Musiker und Schauspieler"", ""score"": 18}, {""qid"": ""Q368263"", ""label"": ""David Levithan"", ""desc"": ""American author and editor"", ""score"": 13}, {""qid"": ""Q5236531"", ""label"": ""David Levi"", ""desc"": ""כדורגלן ישראלי"", ""score"": 12}, {""qid"": ""Q5236530"", ""label"": ""דוד לוי"", ""desc"": ""British scholar"", ""score"": 12}, {""qid"": ""Q5236527"", ""label"": ""David Levi"", ""desc"": ""Wikimedia-Begriffsklärungsseite"", ""score"": 9}, {""qid"": ""Q141478"", ""label"": ""David Levine"", ""desc"": ""American caricaturist (1926-2009)"", ""score"": 9}]"
38a20c96-1c38-4005-99fd-e6416eccc9ac,David Levin,,,Q102407901,David Levin,Ph.D. University of Maryland College Park 2010,20,search_rank_0|p31_human|name_exact,Q110089477,18,manual,name,"[{""qid"": ""Q102407901"", ""label"": ""David Levin"", ""desc"": ""Ph.D. University of Maryland College Park 2010"", ""score"": 20}, {""qid"": ""Q110089477"", ""label"": ""David Levin"", ""desc"": ""born:1924-11-21|died:1998-07-12|; Levin, David; Levin, David 1924-1998"", ""score"": 18}, {""qid"": ""Q19803643"", ""label"": ""David Levin"", ""desc"": ""israelischer Eishockeyspieler"", ""score"": 18}, {""qid"": ""Q128241310"", ""label"": ""David Levin"", ""desc"": ""1848-"", ""score"": 14}, {""qid"": ""Q51295148"", ""label"": ""David Levin"", ""desc"": ""amerikanischer Ballonsportler"", ""score"": 14}, {""qid"": ""Q7059408"", ""label"": ""David Levin"", ""desc"": ""theatrical director and Hebrew poet (1934–2022)"", ""score"": 12}, {""qid"": ""Q103294584"", ""label"": ""David Levin"", ""desc"": """", ""score"": 10}, {""qid"": ""Q105362302"", ""label"": ""David Levin"", ""desc"": ""Holocaust victim (born 1869)"", ""score"": 10}, {""qid"": ""Q71300871"", ""label"": ""David Levin"", ""desc"": ""Schachspieler"", ""score"": 10}]"
d1a2829c-6610-414d-b910-a3e815b4ef90,"David, Meyer Michel (Kammeragent)",,,,,,0,,,0,manual,name,[]
701e78d6-878a-4e63-b195-eb82dfe37aec,"Detmold, Anna",,,,,,0,,,0,manual,name,[]
a8481dc2-216b-4d52-8e14-cddc1ccdb9d4,Diehl,,,Q18411342,Diehl,family name,17,search_rank_0|name_exact|has_sitelinks,Q21062306,16,manual,name,"[{""qid"": ""Q18411342"", ""label"": ""Diehl"", ""desc"": ""family name"", ""score"": 17}, {""qid"": ""Q21062306"", ""label"": ""William Webster Diehl"", ""desc"": ""botanist (1891-1978)"", ""score"": 16}, {""qid"": ""Q1220628"", ""label"": ""Diehl (company)"", ""desc"": ""German corporate group headquartered in Nuremberg"", ""score"": 15}, {""qid"": ""Q2712631"", ""label"": ""90138 Diehl"", ""desc"": ""אסטרואיד"", ""score"": 13}, {""qid"": ""Q21220257"", ""label"": ""Diehlea"", ""desc"": ""genus of insects"", ""score"": 6}, {""qid"": ""Q123114877"", ""label"": ""Galerie Volker Diehl"", ""desc"": ""art gallery in Berlin"", ""score"": 5}]"
9d3d6921-746e-4a32-8302-6bb4b30fbe63,Dohm (Syndicus),,,Q214983,כריסטיאן וילהלם פון דוהם,היסטוריון וסופר פוליטי גרמני (1751–1820),18,search_rank_2|p31_human|name_exact|has_sitelinks,Q21492352,17,manual,name,"[{""qid"": ""Q214983"", ""label"": ""כריסטיאן וילהלם פון דוהם"", ""desc"": ""היסטוריון וסופר פוליטי גרמני (1751–1820)"", ""score"": 18}, {""qid"": ""Q21492352"", ""label"": ""Dohm"", ""desc"": ""family name"", ""score"": 17}, {""qid"": ""Q36955341"", ""label"": ""Dohmen"", ""desc"": ""family name"", ""score"": 12}, {""qid"": ""Q6467"", ""label"": ""Dohma"", ""desc"": ""Gemeinde im Landkreis Sächsische Schweiz-Osterzgebirge, Sachsen, Deutschland"", ""score"": 11}, {""qid"": ""Q60375370"", ""label"": ""Dohm"", ""desc"": ""human settlement in Germany"", ""score"": 9}, {""qid"": ""Q36883269"", ""label"": ""Dohmann"", ""desc"": ""family name"", ""score"": 4}, {""qid"": ""Q98793045"", ""label"": ""Dohmeyers Weg"", ""desc"": ""street in the city district of Kleefeld in Hanover, Germany"", ""score"": 4}]"
55240572-2d2d-4b97-ba0c-38387999d960,"Dormitzer, Meir Markus",,,,,,0,,,0,manual,name,[]
8effd4e0-0875-4c96-b641-82a01703248a,"Driesen, Mordechai",,,,,,0,,,0,manual,name,[]
ecd73b46-67c2-431c-91b2-aebe3661dcd5,Elbthal,,,,,,0,,,0,manual,name,[]
c238bf2c-03af-4d17-9439-05328573da83,Elia b. Daniel (Jaffe),,,,,,0,,,0,manual,name,[]
83079763-16d3-4722-9149-27f54ac3bfc9,Elias Meyer (Kammeragent),,,,,,0,,,0,manual,name,[]
2886fd46-e657-4445-b046-cec795875168,"Elieser, Herz",,,,,,0,,,0,manual,name,[]
66ac3d9e-fd09-4835-83bf-8b01fac04282,Engel,,,Q2348034,מייקל ס. אנגל,אנטומולוג אמריקאי,18,search_rank_2|p31_human|name_exact|has_sitelinks,Q19694228,17,manual,name,"[{""qid"": ""Q2348034"", ""label"": ""מייקל ס. אנגל"", ""desc"": ""אנטומולוג אמריקאי"", ""score"": 18}, {""qid"": ""Q19694228"", ""label"": ""Engel"", ""desc"": ""family name"", ""score"": 17}, {""qid"": ""Q21142107"", ""label"": ""Engel"", ""desc"": ""male given name"", ""score"": 15}, {""qid"": ""Q235113"", ""label"": ""Engel"", ""desc"": ""übernatürliches Geistwesen in Religionen und Mythologien"", ""score"": 11}, {""qid"": ""Q105906073"", ""label"": ""Engel"", ""desc"": """", ""score"": 10}, {""qid"": ""Q608380"", ""label"": ""Engel"", ""desc"": ""1997 single by Rammstein"", ""score"": 9}, {""qid"": ""Q473472"", ""label"": ""Hahajima"", ""desc"": ""inhabited island in the Bonin/Ogasawara archipelago, administered as part of Tokyo, Japan"", ""score"": 7}, {""qid"": ""Q18252114"", ""label"": ""Engelbert"", ""desc"": ""male given name"", ""score"": 4}]"
5dedca5d-e288-4288-ac67-0b3165233559,Ephraim,,,Q16275698,Ephraim,male given name,17,search_rank_0|name_exact|has_sitelinks,Q16867299,15,manual,name,"[{""qid"": ""Q16275698"", ""label"": ""Ephraim"", ""desc"": ""male given name"", ""score"": 17}, {""qid"": ""Q16867299"", ""label"": ""Ephraim"", ""desc"": ""family name"", ""score"": 15}, {""qid"": ""Q203251"", ""label"": ""אפרים"", ""desc"": ""דמות מקראית, מבניו של יוסף בן יעקב"", ""score"": 13}, {""qid"": ""Q180374"", ""label"": ""Frank Gehry"", ""desc"": ""Canadian and American architect (1929–2025)"", ""score"": 13}, {""qid"": ""Q140255552"", ""label"": ""Ephraim Chibuzor"", ""desc"": ""Nigerian professional caregiver, real estate and Enterpreneur"", ""score"": 10}, {""qid"": ""Q482749"", ""label"": ""Ephraim"", ""desc"": ""עיר בארצות הברית"", ""score"": 9}, {""qid"": ""Q1329576"", ""label"": ""שבט אפרים"", ""desc"": ""משבטי ישראל"", ""score"": 7}, {""qid"": ""Q29038907"", ""label"": ""Ephraim"", ""desc"": ""männlicher Vorname (אפרים)"", ""score"": 5}]"
c9cb4d5d-aad1-4e81-8b49-2a87c52c061c,"Ephraim, David",,,Q115251422,David Ephraim Joël,,15,search_rank_0|p31_human,Q102149894,13,manual,name,"[{""qid"": ""Q115251422"", ""label"": ""David Ephraim Joël"", ""desc"": """", ""score"": 15}, {""qid"": ""Q102149894"", ""label"": ""David Ephraim Rohrlich"", ""desc"": ""Ph.D. Yale University 1976"", ""score"": 13}, {""qid"": ""Q21554227"", ""label"": ""David Ephraim Hart-Davies"", ""desc"": """", ""score"": 11}, {""qid"": ""Q133637503"", ""label"": ""David Ephraim Hart-Davies"", ""desc"": """", ""score"": 9}, {""qid"": ""Q5233179"", ""label"": ""David E. Hayden"", ""desc"": ""United States Navy Medal of Honor recipient"", ""score"": 9}, {""qid"": ""Q110963893"", ""label"": ""David E. Crawley"", ""desc"": ""American lawyer"", ""score"": 7}]"
26ce8d84-6b9c-4b24-8d62-d90d6f0be77e,Ephraim Lion Davids,,,,,,0,,,0,manual,name,[]
cdb900b8-119c-459c-af4f-23c94b74bd2f,"Epstein, Pelte Moses",,,,,,0,,,0,manual,name,[]
614b20c5-3d61-4c23-99a8-70c695404720,"Erhraim, Veitel H.",,,,,,0,,,0,manual,name,[]
cd57f3a1-ccd4-490a-902f-d7ef61ef7654,Eschwege,,,Q59314147,Eschwege,family name,17,search_rank_0|name_exact|has_sitelinks,Q1468,15,manual,name,"[{""qid"": ""Q59314147"", ""label"": ""Eschwege"", ""desc"": ""family name"", ""score"": 17}, {""qid"": ""Q1468"", ""label"": ""Eschwege"", ""desc"": ""Kreisstadt im Werra-Meißner-Kreis in Hessen"", ""score"": 15}, {""qid"": ""Q800740"", ""label"": ""Bahnhof Eschwege"", ""desc"": ""Bahnhof in Hessen"", ""score"": 13}, {""qid"": ""Q52352698"", ""label"": ""Eschwege"", ""desc"": ""pollution control vessel built in 2003"", ""score"": 11}, {""qid"": ""Q1367151"", ""label"": ""Eschwege"", ""desc"": ""noble family"", ""score"": 9}]"
e07a032c-c098-4d25-bad8-8845f15565fa,"Eskeles, Bernhard",,,Q87887,Bernhard von Eskeles,Austrian financier and private banker,15,search_rank_1|p31_human|has_sitelinks,Q88661948,14,manual,name,"[{""qid"": ""Q87887"", ""label"": ""Bernhard von Eskeles"", ""desc"": ""Austrian financier and private banker"", ""score"": 15}, {""qid"": ""Q88661948"", ""label"": ""Eskeles, Bernhard Freiherr von (BLKÖ)"", ""desc"": ""entry in the Biographisches Lexikon des Kaiserthums Oesterreich (vol. 4, p. 78)"", ""score"": 14}, {""qid"": ""Q21234488"", ""label"": ""Eskeles, Bernhard Freiherr von"", ""desc"": ""encyclopedic article"", ""score"": 10}]"
d5d623c4-8da9-4153-ab83-9f8050aa73c4,"Euchel, Demoiselle",,,,,,0,,,0,manual,name,[]
762b4cba-417c-4fcd-b4cd-6a77cdde1517,"Euchel, Gottleb",,,,,,0,,,0,manual,name,[]
ba0a587e-385e-43e5-931d-80fda7eeecf5,Ezechel Caspar,,,,,,0,,,0,manual,name,[]
5a80105c-b5fd-4208-baf2-ac4ba190e872,"Fischer, Markus",,,Q102063867,Markus Fischer,,15,search_rank_0|p31_human,Q1901477,15,manual,name,"[{""qid"": ""Q102063867"", ""label"": ""Markus Fischer"", ""desc"": """", ""score"": 15}, {""qid"": ""Q1901477"", ""label"": ""Markus Fischer"", ""desc"": ""Schweizer Regisseur, Drehbuchautor"", ""score"": 15}, {""qid"": ""Q77976523"", ""label"": ""Marcus Fischer"", ""desc"": """", ""score"": 15}, {""qid"": ""Q102879923"", ""label"": ""Markus Fischer"", ""desc"": ""Dr. rer. nat. Universität Mannheim 2002"", ""score"": 9}, {""qid"": ""Q23656649"", ""label"": ""Markus Fischer"", ""desc"": ""designer; led the team at Festo that developed the first ultralight artificial bird capable of flying like a real bird."", ""score"": 7}, {""qid"": ""Q1901476"", ""label"": ""Markus Fischer"", ""desc"": ""deutscher Biathlet und Trainer"", ""score"": 7}, {""qid"": ""Q102369518"", ""label"": ""Markus Fischer"", ""desc"": ""Ph.D. Ruprecht-Karls-Universität Heidelberg 2007"", ""score"": 5}, {""qid"": ""Q112353884"", ""label"": ""Markus Fischer"", ""desc"": """", ""score"": 5}, {""qid"": ""Q133010177"", ""label"": ""Markus Fischer"", ""desc"": """", ""score"": 5}, {""qid"": ""Q112379462"", ""label"": ""Markus Fischer"", ""desc"": """", ""score"": 5}, {""qid"": ""Q133481698"", ""label"": ""Markus Fischer"", ""desc"": """", ""score"": 5}]"
5cc615d8-655a-4939-913e-d80162416e3f,Fränkel,,,Q21452364,Fränkel,family name,17,search_rank_0|name_exact|has_sitelinks,Q59406756,16,manual,name,"[{""qid"": ""Q21452364"", ""label"": ""Fränkel"", ""desc"": ""family name"", ""score"": 17}, {""qid"": ""Q59406756"", ""label"": ""Henry Robert Frankel"", ""desc"": ""American philosopher and historian of science"", ""score"": 16}, {""qid"": ""Q21492940"", ""label"": ""Frankel"", ""desc"": ""family name"", ""score"": 15}, {""qid"": ""Q2720508"", ""label"": ""Frankel"", ""desc"": ""British Thoroughbred racehorse"", ""score"": 13}, {""qid"": ""Q30746604"", ""label"": ""Fränkel"", ""desc"": ""hill in Germany"", ""score"": 9}, {""qid"": ""Q27578685"", ""label"": ""Fränkel (ADB)"", ""desc"": ""Artikel in der Allgemeinen Deutschen Biographie"", ""score"": 7}, {""qid"": ""Q63993697"", ""label"": ""Frankel Leó út"", ""desc"": ""street in Budapest District II, Hungary"", ""score"": 4}]"
9d4445f8-1a44-4238-b46b-998c38834914,"Fränkel, David",,,Q21203617,"Fränkel, David",encyclopedic article,17,search_rank_0|name_exact|has_sitelinks,Q21137699,15,manual,name,"[{""qid"": ""Q21203617"", ""label"": ""Fränkel, David"", ""desc"": ""encyclopedic article"", ""score"": 17}, {""qid"": ""Q21137699"", ""label"": ""Fränkel, David"", ""desc"": ""Artikel in der Allgemeinen Deutschen Biographie"", ""score"": 15}, {""qid"": ""Q104548550"", ""label"": ""David Fränkel"", ""desc"": ""Holocaust victim (born 1875)"", ""score"": 11}, {""qid"": ""Q1177346"", ""label"": ""David ben Mose Fränkel"", ""desc"": ""deutsch-jüdischer Publizist"", ""score"": 11}, {""qid"": ""Q96521"", ""label"": ""David ben Naphtali Fränkel"", ""desc"": ""German rabbi"", ""score"": 11}, {""qid"": ""Q104624000"", ""label"": ""David Arie Frenkel"", ""desc"": """", ""score"": 9}, {""qid"": ""Q934964"", ""label"": ""David Frankel"", ""desc"": ""American film director (born 1959)"", ""score"": 7}, {""qid"": ""Q6982393"", ""label"": ""David Frenkel"", ""desc"": ""Hungarian-born Israeli judge"", ""score"": 7}, {""qid"": ""Q88554016"", ""label"": ""David S Frankel"", ""desc"": ""cardiovascular researcher"", ""score"": 5}, {""qid"": ""Q118914246"", ""label"": ""דוד פרנקל"", ""desc"": ""רב, מו\""ל, מוכר ספרים, ממייסדי חברת דובבי שפתי ישנים בהוסיאטין (גליציה)"", ""score"": 5}, {""qid"": ""Q116204035"", ""label"": ""David Frankel"", ""desc"": ""General Partner - Ovation Capital Partners"", ""score"": 5}, {""qid"": ""Q19920328"", ""label"": ""David Frankel"", ""desc"": ""Wikimedia-Begriffsklärungsseite"", ""score"": 2}]"
19f323fe-1beb-40b5-b666-66f271150111,"Fränkel, David",,,Q21203617,"Fränkel, David",encyclopedic article,17,search_rank_0|name_exact|has_sitelinks,Q21137699,15,manual,name,"[{""qid"": ""Q21203617"", ""label"": ""Fränkel, David"", ""desc"": ""encyclopedic article"", ""score"": 17}, {""qid"": ""Q21137699"", ""label"": ""Fränkel, David"", ""desc"": ""Artikel in der Allgemeinen Deutschen Biographie"", ""score"": 15}, {""qid"": ""Q104548550"", ""label"": ""David Fränkel"", ""desc"": ""Holocaust victim (born 1875)"", ""score"": 11}, {""qid"": ""Q1177346"", ""label"": ""David ben Mose Fränkel"", ""desc"": ""deutsch-jüdischer Publizist"", ""score"": 11}, {""qid"": ""Q96521"", ""label"": ""David ben Naphtali Fränkel"", ""desc"": ""German rabbi"", ""score"": 11}, {""qid"": ""Q104624000"", ""label"": ""David Arie Frenkel"", ""desc"": """", ""score"": 9}, {""qid"": ""Q934964"", ""label"": ""David Frankel"", ""desc"": ""American film director (born 1959)"", ""score"": 7}, {""qid"": ""Q6982393"", ""label"": ""David Frenkel"", ""desc"": ""Hungarian-born Israeli judge"", ""score"": 7}, {""qid"": ""Q88554016"", ""label"": ""David S Frankel"", ""desc"": ""cardiovascular researcher"", ""score"": 5}, {""qid"": ""Q118914246"", ""label"": ""דוד פרנקל"", ""desc"": ""רב, מו\""ל, מוכר ספרים, ממייסדי חברת דובבי שפתי ישנים בהוסיאטין (גליציה)"", ""score"": 5}, {""qid"": ""Q116204035"", ""label"": ""David Frankel"", ""desc"": ""General Partner - Ovation Capital Partners"", ""score"": 5}, {""qid"": ""Q19920328"", ""label"": ""David Frankel"", ""desc"": ""Wikimedia-Begriffsklärungsseite"", ""score"": 2}]"
4fba7ac4-62aa-4956-a47a-9b7e9916580b,"Fränkel, Michael",,,Q88682792,Michael Frankel,researcher,15,search_rank_0|p31_human,Q102167925,13,manual,name,"[{""qid"": ""Q88682792"", ""label"": ""Michael Frankel"", ""desc"": ""researcher"", ""score"": 15}, {""qid"": ""Q102167925"", ""label"": ""Michael L. Frankel"", ""desc"": ""Ph.D. Tel Aviv University 1983"", ""score"": 13}]"
b80cddac-b3e6-4e75-b5d0-1674377c95f3,"Fränkel, Moses S.",,,,,,0,,,0,manual,name,[]
ecf093c1-4c45-4cd7-9164-58fd8e90e7e7,Franz II,,,Q130834,Franz II.,König von Ungarn sowie letzter Kaiser des Heiligen Römischen Reiches und erster Kaiser von Österreich,20,search_rank_1|p31_human|name_exact|has_sitelinks,Q1442507,19,manual,name,"[{""qid"": ""Q130834"", ""label"": ""Franz II."", ""desc"": ""König von Ungarn sowie letzter Kaiser des Heiligen Römischen Reiches und erster Kaiser von Österreich"", ""score"": 20}, {""qid"": ""Q1442507"", ""label"": ""Frans Francken the Younger"", ""desc"": ""Flemish painter (1581–1642)"", ""score"": 19}, {""qid"": ""Q1449173"", ""label"": ""Franz Steinfeld"", ""desc"": ""Austrian artist (1787-1868)"", ""score"": 15}, {""qid"": ""Q479538"", ""label"": ""Franz II."", ""desc"": ""Herzog von Sachsen-Lauenburg (1581–1619)"", ""score"": 14}, {""qid"": ""Q682276"", ""label"": ""Franz II. Xaver von Salm-Reifferscheidt-Krautheim"", ""desc"": ""Austrian bishop and cardinal"", ""score"": 13}, {""qid"": ""Q132548"", ""label"": ""פרנסואה השני, מלך צרפת"", ""desc"": ""מלך צרפת בין השנים 1559 ל-1560"", ""score"": 9}, {""qid"": ""Q1298478"", ""label"": ""Ferenc Szilágyi"", ""desc"": ""Hungarian historian (1797-1876)"", ""score"": 9}, {""qid"": ""Q181333"", ""label"": ""פרנץ ראקוצי"", ""desc"": ""leader of the Hungarian uprising against the Habsburgs in 1703–1711"", ""score"": 9}]"
af731e84-9869-4bcc-8da2-0c7bc36fc5cc,"Friedeburg, Madame Herz",,,,,,0,,,0,manual,name,[]
37cac871-e5a2-469c-b704-e05fae9f5600,"Friedländer, Adelaide",,,,,,0,,,0,manual,name,[]
3681a83e-7c24-482e-a2e9-b2294ef45dfb,"Friedländer, Angelika",,,,,,0,,,0,manual,name,[]
ea471810-7f6d-4be4-b4ad-768c13e803dd,"Friedländer, David",,,Q27578824,"Friedländer, David",entry in the Allgemeine Deutsche Biographie,17,search_rank_0|name_exact|has_sitelinks,Q67711,17,manual,name,"[{""qid"": ""Q27578824"", ""label"": ""Friedländer, David"", ""desc"": ""entry in the Allgemeine Deutsche Biographie"", ""score"": 17}, {""qid"": ""Q67711"", ""label"": ""David Friedländer"", ""desc"": ""German banker and writer (1750-1834)"", ""score"": 17}, {""qid"": ""Q91458141"", ""label"": ""David F Friedlander"", ""desc"": ""researcher (ORCID 0000-0002-3644-3511)"", ""score"": 11}, {""qid"": ""Q139670369"", ""label"": ""David Friedländer"", ""desc"": ""1 Jul 1814 Stolp Pommern - 29 Jun 1892 Berin"", ""score"": 9}, {""qid"": ""Q111350054"", ""label"": ""David-Friedländer-Weg"", ""desc"": ""street in Lichtenberg district, Berlin, Germany"", ""score"": 2}]"
1ba36ba8-8f4e-4f75-a00f-e2ffa772cb28,"Friedländer, Goldea",,,,,,0,,,0,manual,name,[]
cff33412-29f0-409d-b012-5e3cf6dc7578,"Friedländer, Hanna",,,Q127331793,Hanna Friedländer,,15,search_rank_0|p31_human,Q104652033,13,manual,name,"[{""qid"": ""Q127331793"", ""label"": ""Hanna Friedländer"", ""desc"": """", ""score"": 15}, {""qid"": ""Q104652033"", ""label"": ""Hanna Friedländer"", ""desc"": ""Holocaust victim (born 1900)"", ""score"": 13}]"
9352d32d-d9ab-443a-882b-44087de689b9,"Friedländer, Heimann Meyer",,,,,,0,,,0,manual,name,[]
0c10a04d-ea21-44a2-8ff8-28bc5e28b84d,"Friedländer, Hinde",,,,,,0,,,0,manual,name,[]
8ac97718-f116-4f0a-a377-13dbd1993617,"Friedländer, Hirsch Elias",,,,,,0,,,0,manual,name,[]
790f4e5f-98e8-4b5e-8579-66f20973428c,"Friedländer, H. N. (Buchhändler)",,,,,,0,,,0,manual,name,[]
e8d356c2-7326-4d2c-881f-542928df79c8,"Friedländer, Meyer",,,Q127331478,Meyer Friedländer,,15,search_rank_0|p31_human,Q55850073,13,manual,name,"[{""qid"": ""Q127331478"", ""label"": ""Meyer Friedländer"", ""desc"": """", ""score"": 15}, {""qid"": ""Q55850073"", ""label"": ""Meyer Joachim Friedländer"", ""desc"": ""Merchant"", ""score"": 13}]"
e1a5ae24-8fe5-4e4c-9549-e07d95ec867d,"Friedländer, Pessel",,,,,,0,,,0,manual,name,[]
23b1dc78-3920-4557-8ece-ec1103fa22b0,"Friedländer, Rebekka Meyer",,,,,,0,,,0,manual,name,[]
98c8e16c-e021-4490-951f-fe1d164bb10e,"Friedländer, Rebekka Wulff",,,,,,0,,,0,manual,name,[]
65616c69-d7c9-46a2-9c2c-3ea9c47a8e69,"Friedländer, Recha Wulff",,,,,,0,,,0,manual,name,[]
2eeca052-4352-400c-885a-9e158b169bc6,"Friedländer, Samuel Wulff",,,,,,0,,,0,manual,name,[]
856e8581-9835-44e7-8fa0-0f6fab9b8875,"Friedländer, Sanwil",,,,,,0,,,0,manual,name,[]
7a48e2e0-3a8b-46ef-8060-b8ad1a299391,"Friedländer, Sanwil",,,,,,0,,,0,manual,name,[]
7a782a14-18a6-46a9-afbc-f3928ce60951,"Friedländer, Simon Bendix",,,,,,0,,,0,manual,name,[]
dd6f4eb5-9179-40e7-abdf-8d6949550df1,"Friedländer, Veitel Bernhard",,,,,,0,,,0,manual,name,[]
827042c3-0c71-4c45-a7fd-9dcb718e9f88,"Friedländer, Wolf Bernhard",,,,,,0,,,0,manual,name,[]
9c871c79-87aa-4c94-848e-8d242c478110,Friedrich Salomon Stöltzner,,,,,,0,,,0,manual,name,[]
92d0e837-36d9-43d7-b3be-5efc57aabe0a,Fürst (Dr.),,,Q37462314,First,family name,17,search_rank_0|name_exact|has_sitelinks,Q113789001,15,manual,name,"[{""qid"": ""Q37462314"", ""label"": ""First"", ""desc"": ""family name"", ""score"": 17}, {""qid"": ""Q113789001"", ""label"": ""Morris M. Faierstein"", ""desc"": """", ""score"": 15}]"
cddf15d4-2e6e-412e-9fff-b1099f632545,Gallathea Salomon,,,,,,0,,,0,manual,name,[]
0d036bc9-0929-486a-854e-cbde4213c578,"Gans, Salomon",,,Q105354606,Salomon Gans,Holocaust victim (born 1895),15,search_rank_0|p31_human,Q139765165,13,manual,name,"[{""qid"": ""Q105354606"", ""label"": ""Salomon Gans"", ""desc"": ""Holocaust victim (born 1895)"", ""score"": 15}, {""qid"": ""Q139765165"", ""label"": ""Salomon Gans"", ""desc"": """", ""score"": 13}]"
a83677d9-25cd-49b9-933e-b1c2e487dcd8,"Gardemain (Bankier), Daniel",,,,,,0,,,0,manual,name,[]
7a2605cf-b0f0-42d9-959a-fa747a6cc121,Geisenheimer (Vorsteher des Philantropins),,,Q106078587,Geisenheimer,family name,15,search_rank_0|name_exact,Q38258330,13,manual,name,"[{""qid"": ""Q106078587"", ""label"": ""Geisenheimer"", ""desc"": ""family name"", ""score"": 15}, {""qid"": ""Q38258330"", ""label"": ""Geisenheimer"", ""desc"": ""דף פירושונים"", ""score"": 13}, {""qid"": ""Q109533400"", ""label"": ""Geisenheimer Straße"", ""desc"": ""street in Berlin-Wilmersdorf, Germany"", ""score"": 12}, {""qid"": ""Q60664874"", ""label"": ""Geisenheimer Heide"", ""desc"": ""protected area in the European Union defined by the habitats directive in Hessen, Germany"", ""score"": 8}, {""qid"": ""Q61952344"", ""label"": ""Geisenheimer Heide"", ""desc"": ""nature reserve in Hesse, Germany"", ""score"": 6}, {""qid"": ""Q116535288"", ""label"": ""Geisenheimer Straße 28"", ""desc"": ""building in Rüdesheim am Rhein, Germany"", ""score"": 2}]"
a1d638e1-144a-4474-887e-6463bb7a1ded,"Gerson, Elias",,,,,,0,,,0,manual,name,[]
530a26d7-f31b-48f1-96e5-d32ca5134ad9,"Getzel, Jacob",,,,,,0,,,0,manual,name,[]
31fe3198-45c2-47b4-9a63-b835af9f5c55,"Getzel, Meyer",,,,,,0,,,0,manual,name,[]
674e66a6-3de7-4442-881c-60c71341f682,"Glogau, Hirsch Moses",,,,,,0,,,0,manual,name,[]
e11ef0ef-9900-4671-8c13-f7558571b49d,"Goldschmidt, Caroline",,,Q94771684,Caroline Goldschmidt,,15,search_rank_0|p31_human,Q104653895,13,manual,name,"[{""qid"": ""Q94771684"", ""label"": ""Caroline Goldschmidt"", ""desc"": """", ""score"": 15}, {""qid"": ""Q104653895"", ""label"": ""Karola Freudenthal"", ""desc"": ""Holocaust victim (born 1864)"", ""score"": 13}]"
7a3abc53-95c5-437c-9ac8-2438ee700579,"Goldschmidt, Moses",,,Q104673208,Moses Goldschmidt,"holocaust victim, b. 1861-09-24",15,search_rank_0|p31_human,Q1949150,15,manual,name,"[{""qid"": ""Q104673208"", ""label"": ""Moses Goldschmidt"", ""desc"": ""holocaust victim, b. 1861-09-24"", ""score"": 15}, {""qid"": ""Q1949150"", ""label"": ""Moses Goldschmidt"", ""desc"": ""jüdischer Arzt und Autor in NS Zeit"", ""score"": 15}, {""qid"": ""Q104673209"", ""label"": ""Moses Goldschmidt"", ""desc"": ""holocaust victim, b. 1865-07-22"", ""score"": 11}]"
a712ca97-2649-40d1-a101-8b37bda87f75,"Gregorovius (Prof.), J.A.",,,,,,0,,,0,manual,name,[]
58884dc5-4f76-4464-bd3f-48c34c7bc629,"Gumpel, L.",,,,,,0,,,0,manual,name,[]
b645e6b8-aefc-4f8f-8216-08e28638e398,"Gumpertz, Aaron",,,Q2907871,Aaron Solomon Gumperz,Jewish German scholar and physician (1723-1769),15,search_rank_1|p31_human|has_sitelinks,Q27580608,14,manual,name,"[{""qid"": ""Q2907871"", ""label"": ""Aaron Solomon Gumperz"", ""desc"": ""Jewish German scholar and physician (1723-1769)"", ""score"": 15}, {""qid"": ""Q27580608"", ""label"": ""Gumpertz, Aaron Emmerich"", ""desc"": ""entry in the Allgemeine Deutsche Biographie"", ""score"": 14}]"
31768b41-d689-4ddd-b5aa-003ba6ed53f9,"Gurauer, Jacob Moses",,,,,,0,,,0,manual,name,[]
4afd83b3-beb1-4e08-b1d6-8f6d861f70f7,"Guttmann, Tuvia",,,,,,0,,,0,manual,name,[]
346108c2-d944-42af-ac08-eb3320a3196b,"Halle, Joel Samuel von",,,Q139588597,Joel Samuel von Halle,1747 Hamburg - 13 Oct 1810 Berlin,15,search_rank_0|p31_human,Q94865654,13,manual,name,"[{""qid"": ""Q139588597"", ""label"": ""Joel Samuel von Halle"", ""desc"": ""1747 Hamburg - 13 Oct 1810 Berlin"", ""score"": 15}, {""qid"": ""Q94865654"", ""label"": ""Joel Samuel von Halle"", ""desc"": """", ""score"": 13}]"
afeb58ab-7178-4e61-a96c-fabf540d6b40,"Hanau, Salomon",,,Q7558623,Solomon Hanau,Authors of Rabbinic literature and grammarian,15,search_rank_1|p31_human|has_sitelinks,Q27581273,14,manual,name,"[{""qid"": ""Q7558623"", ""label"": ""Solomon Hanau"", ""desc"": ""Authors of Rabbinic literature and grammarian"", ""score"": 15}, {""qid"": ""Q27581273"", ""label"": ""Hanau, Salomon Jehuda Leib Cohen"", ""desc"": ""entry in the Allgemeine Deutsche Biographie"", ""score"": 14}]"
51bcf2dd-be2b-4900-8983-f090e32d0900,Hartknoch (Buchhändler),,,,,,0,,,0,manual,name,[]
be3345f6-f6da-4947-977d-42b00a42e464,"Heidenheim, Wolf",,,Q27580950,"Heidenheim, Wolf",entry in the Allgemeine Deutsche Biographie,17,search_rank_0|name_exact|has_sitelinks,Q96519,15,manual,name,"[{""qid"": ""Q27580950"", ""label"": ""Heidenheim, Wolf"", ""desc"": ""entry in the Allgemeine Deutsche Biographie"", ""score"": 17}, {""qid"": ""Q96519"", ""label"": ""Wolf Heidenheim"", ""desc"": ""German grammarian (1757–1832)"", ""score"": 15}, {""qid"": ""Q104709585"", ""label"": ""Wolf-Heidenheim-Straße"", ""desc"": ""Bus stop \""Wolf-Heidenheim-Straße\"" in Frankfurt am Main"", ""score"": 6}]"
09300055-e85a-4715-92f5-045d4151cbf3,"Heilboth, Simon",,,,,,0,,,0,manual,name,[]
5819eba1-b863-42a3-b6c5-09f2f7fa40a6,Heimann,,,Q1627038,Betsy Faith Heimann,American costume designer,18,search_rank_2|p31_human|name_exact|has_sitelinks,Q21469524,17,manual,name,"[{""qid"": ""Q1627038"", ""label"": ""Betsy Faith Heimann"", ""desc"": ""American costume designer"", ""score"": 18}, {""qid"": ""Q21469524"", ""label"": ""Heimann"", ""desc"": ""family name"", ""score"": 17}, {""qid"": ""Q125451194"", ""label"": ""Heimann"", ""desc"": ""male given name"", ""score"": 15}, {""qid"": ""Q1595505"", ""label"": ""Heimann"", ""desc"": ""German company"", ""score"": 11}, {""qid"": ""Q11105744"", ""label"": ""Hyman Bloom"", ""desc"": ""American artist (1913-2009)"", ""score"": 9}, {""qid"": ""Q704076"", ""label"": ""היימן מינסקי"", ""desc"": ""כלכלן אמריקאי"", ""score"": 9}, {""qid"": ""Q3143969"", ""label"": ""Hymen Marx"", ""desc"": ""herpetólogo (1925–2007)"", ""score"": 9}, {""qid"": ""Q541637"", ""label"": ""היימן ריקובר"", ""desc"": ""אדמירל אמריקאי"", ""score"": 9}, {""qid"": ""Q100375951"", ""label"": ""היימן"", ""desc"": """", ""score"": 7}, {""qid"": ""Q104222030"", ""label"": ""Heimann Behrend"", ""desc"": ""Holocaust victim (born 1873)"", ""score"": 7}, {""qid"": ""Q123136728"", ""label"": ""Heman"", ""desc"": ""male human biblical figure in 1 Kings 4:31, son of Mahol"", ""score"": 5}, {""qid"": ""Q106079372"", ""label"": ""Heimannsohn"", ""desc"": ""Familienname"", ""score"": 2}]"
3aacab20-167b-4410-acdc-7a3643ad0f8d,Heimann,,,Q1627038,Betsy Faith Heimann,American costume designer,18,search_rank_2|p31_human|name_exact|has_sitelinks,Q21469524,17,manual,name,"[{""qid"": ""Q1627038"", ""label"": ""Betsy Faith Heimann"", ""desc"": ""American costume designer"", ""score"": 18}, {""qid"": ""Q21469524"", ""label"": ""Heimann"", ""desc"": ""family name"", ""score"": 17}, {""qid"": ""Q125451194"", ""label"": ""Heimann"", ""desc"": ""male given name"", ""score"": 15}, {""qid"": ""Q1595505"", ""label"": ""Heimann"", ""desc"": ""German company"", ""score"": 11}, {""qid"": ""Q104222030"", ""label"": ""Heimann Behrend"", ""desc"": ""Holocaust victim (born 1873)"", ""score"": 7}, {""qid"": ""Q106079372"", ""label"": ""Heimannsohn"", ""desc"": ""Familienname"", ""score"": 4}]"
f4e856b0-2983-4ea3-a655-ecb5fdf18ee7,Heimann Enoch,,,,,,0,,,0,manual,name,[]
a784e51a-2cfd-4b32-9677-642f808fd600,"Heinemann, Jermias",,,,,,0,,,0,manual,name,[]
2c3090ce-8a5e-4291-9db4-fd01f0dc5c28,"Heinemann, Jermias",,,,,,0,,,0,manual,name,[]
9362fdcc-ac2f-49be-a6ba-2710b48e0406,"Herford, Joel",,,,,,0,,,0,manual,name,[]
a4b3e39e-15dc-4b15-8f7b-b5a7236952c4,"Hermes, Johann Georg Christoph Friedrich",,,,,,0,,,0,manual,name,[]
645cc1a6-40ed-44e8-a94d-31d561f204fd,"Herzenskron, Joachim",,,,,,0,,,0,manual,name,[]
749fd138-aa56-4827-a7a3-beb99ac5e1f3,Hirschberg,,,Q630383,Hirschberg,"town in Thuringia, Germany",17,search_rank_0|name_exact|has_sitelinks,Q37241038,15,manual,name,"[{""qid"": ""Q630383"", ""label"": ""Hirschberg"", ""desc"": ""town in Thuringia, Germany"", ""score"": 17}, {""qid"": ""Q37241038"", ""label"": ""Hirschberg"", ""desc"": ""Familienname"", ""score"": 15}, {""qid"": ""Q147934"", ""label"": ""ילניה גורה"", ""desc"": ""city with powiat rights of Poland"", ""score"": 13}, {""qid"": ""Q993602"", ""label"": ""Hirschberg"", ""desc"": ""subpeak of Wertacher Hörnle in the Allgäu Alps in Bavaria, Germany"", ""score"": 11}, {""qid"": ""Q562961"", ""label"": ""Hirschberg"", ""desc"": ""municipality of Germany"", ""score"": 9}, {""qid"": ""Q8553205"", ""label"": ""Hirschberg"", ""desc"": ""massif of the Bregenz Forest Mountains in Vorarlberg, Austria"", ""score"": 7}, {""qid"": ""Q1620365"", ""label"": ""Hirschberg"", ""desc"": ""church village in Upper Bavaria"", ""score"": 7}]"
b0dd5a14-f188-4bed-9272-c873f7b77540,Hirschberg (Dr.),,,,,,0,,,0,manual,name,[]
b91d95ac-26dd-472c-b8f5-d2aabad4c583,"Hirsch, D. Z.",,,,,,0,,,0,manual,name,[]
1a514d00-c21a-45cb-b77a-6ba5ea01a2e7,"Hirsch, Isaac",,,Q104702722,Isaac Hirsch,Holocaust victim (born 1875),13,search_rank_1|p31_human,Q731125,13,manual,name,"[{""qid"": ""Q104702722"", ""label"": ""Isaac Hirsch"", ""desc"": ""Holocaust victim (born 1875)"", ""score"": 13}, {""qid"": ""Q731125"", ""label"": ""Isaac Grünewald"", ""desc"": ""schwedischer Maler"", ""score"": 13}, {""qid"": ""Q93749352"", ""label"": ""Hirsch, Isaac Seth"", ""desc"": """", ""score"": 12}, {""qid"": ""Q127820380"", ""label"": ""Isaac Hirsch Fränkel"", ""desc"": ""Person auf Jüdischem Friedhof"", ""score"": 9}, {""qid"": ""Q363106"", ""label"": ""אייזיק הירש וייס"", ""desc"": ""היסטוריון וחוקר תלמוד"", ""score"": 9}, {""qid"": ""Q22226852"", ""label"": ""Isaac Hirschland"", ""desc"": ""Deutscher Bankier, Kommerzienrat"", ""score"": 7}, {""qid"": ""Q113781132"", ""label"": ""Isaac Hirschensohn"", ""desc"": ""Jerusalem Talmudist; bibliophile (1844 or 1845–1896)"", ""score"": 5}, {""qid"": ""Q126720836"", ""label"": ""Isaac Hirsch Cohn"", ""desc"": """", ""score"": 5}]"
f92f8273-cfbf-490d-b37f-d2e68448af94,"Hirsch, Jakob",,,Q104702726,Jakob Hirsch,Holocaust victim (born 1868),15,search_rank_0|p31_human,Q1679100,15,manual,name,"[{""qid"": ""Q104702726"", ""label"": ""Jakob Hirsch"", ""desc"": ""Holocaust victim (born 1868)"", ""score"": 15}, {""qid"": ""Q1679100"", ""label"": ""Jakob Hirsch"", ""desc"": ""israelischer Staatssekretär"", ""score"": 15}, {""qid"": ""Q92606521"", ""label"": ""Jakob Hirsch"", ""desc"": ""researcher (ORCID 0000-0003-4747-7802)"", ""score"": 11}, {""qid"": ""Q1378881"", ""label"": ""Jakob von Hirsch"", ""desc"": ""deutsch-jüdischer Bankier und Kaufmann"", ""score"": 11}, {""qid"": ""Q133250470"", ""label"": ""Jakob Hirsch"", ""desc"": ""victim of National Socialism from Berlin"", ""score"": 7}, {""qid"": ""Q106369491"", ""label"": ""Jakob Hirsch Feilbogen"", ""desc"": """", ""score"": 5}, {""qid"": ""Q97200779"", ""label"": ""Jakob Hirsch"", ""desc"": ""Wikimedia disambiguation page"", ""score"": 2}]"
db799476-d9d0-4087-933d-35a2497017b9,"Hirsch, Joseph",,,Q106470014,Joseph Hirsch,Holocaust victim (born 1868),15,search_rank_0|p31_human,Q6284010,15,manual,name,"[{""qid"": ""Q106470014"", ""label"": ""Joseph Hirsch"", ""desc"": ""Holocaust victim (born 1868)"", ""score"": 15}, {""qid"": ""Q6284010"", ""label"": ""Joseph Hirsch"", ""desc"": ""American artist (1910-1981)"", ""score"": 15}, {""qid"": ""Q6633196"", ""label"": ""Joseph Hirsch"", ""desc"": ""Israeli painter (1920-1997)"", ""score"": 13}, {""qid"": ""Q133637935"", ""label"": ""Joseph Hirsch"", ""desc"": """", ""score"": 9}, {""qid"": ""Q126733776"", ""label"": ""Joseph Hirsch Aron"", ""desc"": ""Person auf Jüdischem Friedhof"", ""score"": 7}, {""qid"": ""Q135481401"", ""label"": ""Josef Hirsch"", ""desc"": """", ""score"": 5}, {""qid"": ""Q126906564"", ""label"": ""Joseph Hirsch Heckscher"", ""desc"": ""Person auf Jüdischem Friedhof"", ""score"": 5}]"
94ee2944-e9a3-4256-9d9e-933f8e566868,Hirsch Markus,,,,,,0,,,0,manual,name,[]
49f6fc5b-b288-4461-8c96-aa6c1deafdef,Hirsch Münden,,,,,,0,,,0,manual,name,[]
17ac32fe-2c02-440e-b8c0-9414c7cc7c35,"Homberg, Herz",,,Q27582473,"Homberg, Herz",entry in the Allgemeine Deutsche Biographie,17,search_rank_0|name_exact|has_sitelinks,Q179791,15,manual,name,"[{""qid"": ""Q27582473"", ""label"": ""Homberg, Herz"", ""desc"": ""entry in the Allgemeine Deutsche Biographie"", ""score"": 17}, {""qid"": ""Q179791"", ""label"": ""Herz Homberg"", ""desc"": ""Austrian writer"", ""score"": 15}, {""qid"": ""Q88778544"", ""label"": ""Homberg, Herz (BLKÖ)"", ""desc"": ""entry in the Biographisches Lexikon des Kaiserthums Oesterreich (vol. 9, p. 253)"", ""score"": 13}]"
0dd6714d-75fb-4fbb-a6ae-afaca4ad9d34,"Hönig, Aaron",,,,,,0,,,0,manual,name,[]
8e9e8d34-1b53-4708-b394-8dcecbd90123,"Hönig, Enoch",,,,,,0,,,0,manual,name,[]
4c25e985-6344-46f7-a810-5ca092bd0577,"Hönig, Israel (Edler von Hönigsberg, k.k. Regierungsrath, Tabak- und Siegelgefälldirektor)",,,,,,0,,,0,manual,name,[]
e810c41a-9d92-4201-aaf3-cfbf279daf86,"Hönig, Joachim (Edler von Hönigsberg)",,,,,,0,,,0,manual,name,[]
37daafa8-8a94-43ab-a803-87d554669f8b,"Hönig, Max (Edler von Hönig)",,,,,,0,,,0,manual,name,[]
d7f0ceff-31be-4252-9dba-22568a15f176,"Horowitz, Jehuda",,,Q11218312,Yidele Horowitz,Hasidic Rabbi,17,search_rank_0|p31_human|has_sitelinks,Q25636532,15,manual,name,"[{""qid"": ""Q11218312"", ""label"": ""Yidele Horowitz"", ""desc"": ""Hasidic Rabbi"", ""score"": 17}, {""qid"": ""Q25636532"", ""label"": ""יהודה הורוויץ"", ""desc"": """", ""score"": 15}, {""qid"": ""Q20607463"", ""label"": ""יהודה הורוויץ"", ""desc"": """", ""score"": 13}]"
701666e2-8dd8-4cc2-a608-5f3106d16c64,"Hoym, Karl Heinrich Graf von (Graf, Minister)",,,,,,0,,,0,manual,name,[]
86d0fec1-915a-49f2-8bcd-76eec875cc4d,"Hoym, Karl Heinrich Graf von (Graf, Minister)",,,,,,0,,,0,manual,name,[]
bf7d4091-fce9-448b-815a-ec050bb5a46d,Hufnagel,,,Q12767202,Hufnagel,Slovak physician,20,search_rank_1|p31_human|name_exact|has_sitelinks,Q75365,18,manual,name,"[{""qid"": ""Q12767202"", ""label"": ""Hufnagel"", ""desc"": ""Slovak physician"", ""score"": 20}, {""qid"": ""Q75365"", ""label"": ""Johann Siegfried Hufnagel"", ""desc"": ""אנטומולוג גרמני"", ""score"": 18}, {""qid"": ""Q28091258"", ""label"": ""Hufnagel"", ""desc"": ""family name"", ""score"": 17}, {""qid"": ""Q30666683"", ""label"": ""Hufnagel"", ""desc"": ""hill in Germany"", ""score"": 11}, {""qid"": ""Q15816118"", ""label"": ""Hufnagel"", ""desc"": ""band"", ""score"": 9}, {""qid"": ""Q205615"", ""label"": ""Hufnagel"", ""desc"": ""Nägel zur Verbindung des Hufeisens mit dem Huf"", ""score"": 7}]"
cb66ea2f-091b-414b-8c97-d0a0e57ea085,Hufnagel,,,Q12767202,Hufnagel,Slovak physician,20,search_rank_1|p31_human|name_exact|has_sitelinks,Q75365,18,manual,name,"[{""qid"": ""Q12767202"", ""label"": ""Hufnagel"", ""desc"": ""Slovak physician"", ""score"": 20}, {""qid"": ""Q75365"", ""label"": ""Johann Siegfried Hufnagel"", ""desc"": ""אנטומולוג גרמני"", ""score"": 18}, {""qid"": ""Q28091258"", ""label"": ""Hufnagel"", ""desc"": ""family name"", ""score"": 17}, {""qid"": ""Q30666683"", ""label"": ""Hufnagel"", ""desc"": ""hill in Germany"", ""score"": 11}, {""qid"": ""Q15816118"", ""label"": ""Hufnagel"", ""desc"": ""band"", ""score"": 9}, {""qid"": ""Q205615"", ""label"": ""Hufnagel"", ""desc"": ""Nägel zur Verbindung des Hufeisens mit dem Huf"", ""score"": 7}]"
0a98f48a-2a49-4295-b232-cb349f0ed906,Isaia Norsa,,,,,,0,,,0,manual,name,[]
76638e01-aa40-45f0-83e2-a9581c03d8a0,Israel Levin,,,Q105370694,Israel Levin,Holocaust victim (born 1856),20,search_rank_0|p31_human|name_exact,Q12318659,20,manual,name,"[{""qid"": ""Q105370694"", ""label"": ""Israel Levin"", ""desc"": ""Holocaust victim (born 1856)"", ""score"": 20}, {""qid"": ""Q12318659"", ""label"": ""Israel Salomon Levin"", ""desc"": ""Danish literary critic (1810-1883)"", ""score"": 20}, {""qid"": ""Q12408398"", ""label"": ""Israël Levin"", ""desc"": ""Israeli literary theorist (1924–2022)"", ""score"": 18}, {""qid"": ""Q129254903"", ""label"": ""Israel Levin Aron"", ""desc"": """", ""score"": 11}]"
23670a84-977b-4c08-aae8-72339aca4f31,"Itzig, Daniel (Jaffe)",,,Q72600,Daniel Itzig,German banker (1723-1799),17,search_rank_0|p31_human|has_sitelinks,Q65768672,15,manual,name,"[{""qid"": ""Q72600"", ""label"": ""Daniel Itzig"", ""desc"": ""German banker (1723-1799)"", ""score"": 17}, {""qid"": ""Q65768672"", ""label"": ""Daniel Yafe"", ""desc"": ""Singer, Winner of X Factor Israel"", ""score"": 15}]"
6f871c1e-851f-4e42-8a26-6ac3d2e9767c,"Itzig, Daniel (Jaffe, Oberlandesältester)",,,Q72600,Daniel Itzig,German banker (1723-1799),17,search_rank_0|p31_human|has_sitelinks,Q65768672,15,manual,name,"[{""qid"": ""Q72600"", ""label"": ""Daniel Itzig"", ""desc"": ""German banker (1723-1799)"", ""score"": 17}, {""qid"": ""Q65768672"", ""label"": ""Daniel Yafe"", ""desc"": ""Singer, Winner of X Factor Israel"", ""score"": 15}]"
a3d10d6d-483e-449e-8351-925781780303,"Itzig, Daniel (Jaffe; Oberlandesältester)",,,,,,0,,,0,manual,name,[]
0a67bd13-87c9-4deb-8bb2-9dd1d66396aa,"Itzig, Jacob",,,,,,0,,,0,manual,name,[]
5a04303a-8741-4abd-a734-79efd9173624,"Itzig, Jakob Daniel",,,,,,0,,,0,manual,name,[]
3b7cf424-1cb6-4bcd-ae08-9e970a734cb0,"Itzig (Oberlandesältester), Daniel (Jaffe)",,,Q72600,Daniel Itzig,German banker (1723-1799),17,search_rank_0|p31_human|has_sitelinks,Q65768672,15,manual,name,"[{""qid"": ""Q72600"", ""label"": ""Daniel Itzig"", ""desc"": ""German banker (1723-1799)"", ""score"": 17}, {""qid"": ""Q65768672"", ""label"": ""Daniel Yafe"", ""desc"": ""Singer, Winner of X Factor Israel"", ""score"": 15}]"
a1baf1cd-e4d8-48cd-9b41-cc2f8d8418ca,"Jacob, Abraham",,,Q104808027,Abraham Jacob,"holocaust victim, b. 1867-05-27",15,search_rank_0|p31_human,Q72359,15,manual,name,"[{""qid"": ""Q104808027"", ""label"": ""Abraham Jacob"", ""desc"": ""holocaust victim, b. 1867-05-27"", ""score"": 15}, {""qid"": ""Q72359"", ""label"": ""Abraham Jacobi"", ""desc"": ""deutsch-amerikanischer Kinderarzt (1830-1919)"", ""score"": 15}, {""qid"": ""Q104806480"", ""label"": ""Abraham Jacob"", ""desc"": ""holocaust victim, b. 1866-02-23"", ""score"": 11}, {""qid"": ""Q76367407"", ""label"": ""Abraham Jacob"", ""desc"": ""Peerage person ID=714994"", ""score"": 9}, {""qid"": ""Q330116"", ""label"": ""Abraham Jacob van der Aa"", ""desc"": ""niederländischer Lexikograph und Literat"", ""score"": 9}, {""qid"": ""Q92144624"", ""label"": ""Abraham Jacob"", ""desc"": ""researcher (ORCID 0000-0001-6899-5049)"", ""score"": 5}, {""qid"": ""Q106771528"", ""label"": ""Abraham Jacobsz. van Ammelerveen"", ""desc"": """", ""score"": 5}, {""qid"": ""Q109469656"", ""label"": ""Abraham Cunnumpurathu Jacob"", ""desc"": ""Indian businessperson (born 1971, child of Abraham Jacob)"", ""score"": 5}]"
30c063e4-e083-401b-aab5-dafd06c16e60,"Jacobson, Israel",,,Q66435,Israel Jacobson,German-Jewish philanthropist and communal organiser (1768–1828),20,search_rank_1|p31_human|name_exact|has_sitelinks,Q21258982,17,manual,name,"[{""qid"": ""Q66435"", ""label"": ""Israel Jacobson"", ""desc"": ""German-Jewish philanthropist and communal organiser (1768–1828)"", ""score"": 20}, {""qid"": ""Q21258982"", ""label"": ""Jacobson, Israel"", ""desc"": ""encyclopedic article"", ""score"": 17}, {""qid"": ""Q86664692"", ""label"": ""Israel Jacobson Prize"", ""desc"": ""Award given by the German Union of Progressive Judaism"", ""score"": 6}, {""qid"": ""Q136556993"", ""label"": ""Israel Jacobson Netzwerk für jüdische Kultur und Geschichte"", ""desc"": """", ""score"": 6}]"
e56457ad-c4b3-45d4-8956-cc79b03177ca,"Jacobson, Israel",,,Q66435,Israel Jacobson,German-Jewish philanthropist and communal organiser (1768–1828),20,search_rank_1|p31_human|name_exact|has_sitelinks,Q21258982,17,manual,name,"[{""qid"": ""Q66435"", ""label"": ""Israel Jacobson"", ""desc"": ""German-Jewish philanthropist and communal organiser (1768–1828)"", ""score"": 20}, {""qid"": ""Q21258982"", ""label"": ""Jacobson, Israel"", ""desc"": ""encyclopedic article"", ""score"": 17}, {""qid"": ""Q86664692"", ""label"": ""Israel Jacobson Prize"", ""desc"": ""Award given by the German Union of Progressive Judaism"", ""score"": 6}, {""qid"": ""Q136556993"", ""label"": ""Israel Jacobson Netzwerk für jüdische Kultur und Geschichte"", ""desc"": """", ""score"": 6}]"
ec83e398-6990-42f8-9cde-41835f8fbafb,Jakob Daniel,,,Q104424356,Jakob Daniel,"holocaust victim, b. 1876-08-26",20,search_rank_0|p31_human|name_exact,Q104424355,18,manual,name,"[{""qid"": ""Q104424356"", ""label"": ""Jakob Daniel"", ""desc"": ""holocaust victim, b. 1876-08-26"", ""score"": 20}, {""qid"": ""Q104424355"", ""label"": ""Jakob Daniel"", ""desc"": ""holocaust victim, b. 1870-05-24"", ""score"": 18}, {""qid"": ""Q104424354"", ""label"": ""Jakob Daniel"", ""desc"": ""holocaust victim, b. 1865-06-09"", ""score"": 16}, {""qid"": ""Q1678971"", ""label"": ""Jakob Daniel Tepser"", ""desc"": ""Austrian politician (1653-1711), Mayor of Vienna"", ""score"": 13}, {""qid"": ""Q825054"", ""label"": ""ברנהרד פריז"", ""desc"": ""צייר גרמני"", ""score"": 11}, {""qid"": ""Q726338"", ""label"": ""Jakob Daniël du Toit"", ""desc"": ""südafrikanischer Geistlicher und Dichter"", ""score"": 9}]"
f59b646c-fe94-417a-9266-10acdc8befd5,"Jakobson, Israel",,,,,,0,,,0,manual,name,[]
069658fc-a686-4b1c-a294-901d3f71515c,"Jaroslaw, Aron",,,,,,0,,,0,manual,name,[]
1a4dfb4c-a310-4cb7-8405-b97d0f8875ac,"Jeitteles, Benjamin",,,,,,0,,,0,manual,name,[]
6c070208-06bf-4444-95f0-a74afd2dbbb1,"Jeitteles, Ignaz",,,Q88778813,"Jeitteles, Ignaz (BLKÖ)","entry in the Biographisches Lexikon des Kaiserthums Oesterreich (vol. 10, p. 122)",17,search_rank_0|name_exact|has_sitelinks,Q4205802,15,manual,name,"[{""qid"": ""Q88778813"", ""label"": ""Jeitteles, Ignaz (BLKÖ)"", ""desc"": ""entry in the Biographisches Lexikon des Kaiserthums Oesterreich (vol. 10, p. 122)"", ""score"": 17}, {""qid"": ""Q4205802"", ""label"": ""Ignaz Jeiteles"", ""desc"": ""Prague writer (1783-1843)"", ""score"": 15}, {""qid"": ""Q1673492"", ""label"": ""Isaac Jeitteles"", ""desc"": ""Austrian journalist, writer (1814-1857)"", ""score"": 13}]"
067feb59-ca9a-4ea7-9a0a-d56bdcfdcb63,"Jeitteles, Ignaz",,,Q88778813,"Jeitteles, Ignaz (BLKÖ)","entry in the Biographisches Lexikon des Kaiserthums Oesterreich (vol. 10, p. 122)",17,search_rank_0|name_exact|has_sitelinks,Q4205802,15,manual,name,"[{""qid"": ""Q88778813"", ""label"": ""Jeitteles, Ignaz (BLKÖ)"", ""desc"": ""entry in the Biographisches Lexikon des Kaiserthums Oesterreich (vol. 10, p. 122)"", ""score"": 17}, {""qid"": ""Q4205802"", ""label"": ""Ignaz Jeiteles"", ""desc"": ""Prague writer (1783-1843)"", ""score"": 15}, {""qid"": ""Q1673492"", ""label"": ""Isaac Jeitteles"", ""desc"": ""Austrian journalist, writer (1814-1857)"", ""score"": 13}]"
b69f9f74-2e68-427b-b251-36e57a4c2d03,"Jeitteles, Juda",,,Q88778906,"Jeitteles, Juda (BLKÖ)","entry in the Biographisches Lexikon des Kaiserthums Oesterreich (vol. 10, p. 127)",17,search_rank_0|name_exact|has_sitelinks,Q1710856,15,manual,name,"[{""qid"": ""Q88778906"", ""label"": ""Jeitteles, Juda (BLKÖ)"", ""desc"": ""entry in the Biographisches Lexikon des Kaiserthums Oesterreich (vol. 10, p. 127)"", ""score"": 17}, {""qid"": ""Q1710856"", ""label"": ""Judah Jeitteles"", ""desc"": ""Viennese orientalist, writer"", ""score"": 15}]"
dd72c8e1-e585-41d4-bdfa-b8ea8508717b,"Jeitteles, Juda",,,Q88778906,"Jeitteles, Juda (BLKÖ)","entry in the Biographisches Lexikon des Kaiserthums Oesterreich (vol. 10, p. 127)",17,search_rank_0|name_exact|has_sitelinks,Q1710856,15,manual,name,"[{""qid"": ""Q88778906"", ""label"": ""Jeitteles, Juda (BLKÖ)"", ""desc"": ""entry in the Biographisches Lexikon des Kaiserthums Oesterreich (vol. 10, p. 127)"", ""score"": 17}, {""qid"": ""Q1710856"", ""label"": ""Judah Jeitteles"", ""desc"": ""Viennese orientalist, writer"", ""score"": 15}]"
d69c4a51-1338-40f3-94c5-0656cc9d49d4,"Jordan, Brüder",,,,,,0,,,0,manual,name,[]
7d7bc17d-9c01-4e0e-8445-3a5a671d0701,Joseph Philipp,,,Q689684,Joseph Philippe de Clairville,Swiss entomologist (1742-1830),19,search_rank_0|p31_human|name_partial|has_sitelinks,Q8619,17,manual,name,"[{""qid"": ""Q689684"", ""label"": ""Joseph Philippe de Clairville"", ""desc"": ""Swiss entomologist (1742-1830)"", ""score"": 19}, {""qid"": ""Q8619"", ""label"": ""פייר אליוט טרודו"", ""desc"": ""פוליטיקאי קנדי"", ""score"": 17}, {""qid"": ""Q277326"", ""label"": ""Joseph Philippe François Deleuze"", ""desc"": ""French botanist (1753–1835)"", ""score"": 15}, {""qid"": ""Q3185481"", ""label"": ""Joseph Philippe"", ""desc"": ""French politician (1907-1966)"", ""score"": 13}, {""qid"": ""Q740717"", ""label"": ""ג'וזף פואלאר"", ""desc"": ""architect (1817–1879)"", ""score"": 11}, {""qid"": ""Q3185480"", ""label"": ""Joseph Philippe"", ""desc"": ""French politician (1827-1888)"", ""score"": 9}, {""qid"": ""Q444663"", ""label"": ""Lockroy"", ""desc"": ""שחקן צרפתי"", ""score"": 9}, {""qid"": ""Q33436166"", ""label"": ""Joseph Philippe Oorloft"", ""desc"": ""Belgian painter and photographer (1792–1861)"", ""score"": 9}]"
6d4b80df-06c6-491a-a007-9e44bfe5b0c2,Joseph Simon Muhr,,,,,,0,,,0,manual,name,[]
3e0a7397-f4f2-4f95-b0aa-b166e2ff5adc,Jospeh Baruch Haim,,,,,,0,,,0,manual,name,[]
75bacc19-6d6b-4bad-9213-c0f5ec2f08f1,"Kalker, Simon Isaac",,,,,,0,,,0,manual,name,[]
f26adbc5-8dcb-47a8-a03e-d1b6c85987fe,"Kaskel, Michel",,,,,,0,,,0,manual,name,[]
69fc0563-9299-404c-bbc9-fb236ba4231a,"Kaskel, Michel",,,,,,0,,,0,manual,name,[]
d8ef338c-b971-4da4-956b-02cbbfb19c15,"Kaulla, Kacob",,,,,,0,,,0,manual,name,[]
17b8a1bf-132a-45b0-b0b4-e63fecc04caa,"Kaulla, Karoline (Chaile)",,,,,,0,,,0,manual,name,[]
342d8881-262e-45f8-af4c-a415f6278095,"Kaulla, Meier",,,,,,0,,,0,manual,name,[]
227a7181-226a-4f55-8163-5b90609a0789,"Kaulla, Salman",,,,,,0,,,0,manual,name,[]
f4dd9a4d-6a44-4fe2-bd1e-65bb3a091432,"Kaulla, Salomon Hirsch",,,,,,0,,,0,manual,name,[]
e9131f27-7264-4c01-b068-02655963a5c3,"Kaulla, Wolf",,,,,,0,,,0,manual,name,[]
885c9bb8-eaaa-447c-9949-0a82f357774e,"Kaulla, Wolf",,,,,,0,,,0,manual,name,[]
120b415d-e11b-4ab0-91ac-f608a67b5e58,"Kausch, Johann Joseph",,,Q21204591,"Kausch, Johann Joseph",encyclopedic article,17,search_rank_0|name_exact|has_sitelinks,Q55122424,15,manual,name,"[{""qid"": ""Q21204591"", ""label"": ""Kausch, Johann Joseph"", ""desc"": ""encyclopedic article"", ""score"": 17}, {""qid"": ""Q55122424"", ""label"": ""Johann Joseph Kausch"", ""desc"": """", ""score"": 15}]"
5aab6e82-e91b-4c52-8dcb-1d8ed7075eea,"Keyserling, Heinrich Christian (Reichsgraf)",,,,,,0,,,0,manual,name,[]
e532d456-bee2-4ebe-a387-20b3ff6d36fc,"Klatzki, Simon",,,,,,0,,,0,manual,name,[]
67ad154d-6e43-470d-b846-7a84ff434fdf,"Kleist-Keyserling (Baron), Louis",,,,,,0,,,0,manual,name,[]
35d70f31-8db1-4c79-98e9-13e854935e2c,"Kohen Piwana, Josephi",,,,,,0,,,0,manual,name,[]
f127bb22-f6b3-4c4b-8e97-60863f54da97,"Kohn, Salomon",,,Q105465686,Salomon Kohn,"holocaust victim, b. 1869-09-11",15,search_rank_0|p31_human,Q88132,15,manual,name,"[{""qid"": ""Q105465686"", ""label"": ""Salomon Kohn"", ""desc"": ""holocaust victim, b. 1869-09-11"", ""score"": 15}, {""qid"": ""Q88132"", ""label"": ""Salomon Kohn"", ""desc"": ""österreichischer Schriftsteller"", ""score"": 15}, {""qid"": ""Q105525130"", ""label"": ""Šalomon Kohn"", ""desc"": ""holocaust victim, b. 1890-04-04"", ""score"": 11}, {""qid"": ""Q105356037"", ""label"": ""Salomon Kohn"", ""desc"": ""holocaust victim, b. 1877-10-18"", ""score"": 9}, {""qid"": ""Q1773729"", ""label"": ""Salomon Kohn"", ""desc"": ""österreichischer Fotograf und Verleger (1873-1945)"", ""score"": 9}, {""qid"": ""Q2215007"", ""label"": ""Salomon Kohn"", ""desc"": ""Oberrabbiner in Fürth"", ""score"": 7}, {""qid"": ""Q105525128"", ""label"": ""Šalomon Kohn"", ""desc"": ""holocaust victim, b. 1864-06-07"", ""score"": 5}, {""qid"": ""Q105525129"", ""label"": ""Šalomon Kohn"", ""desc"": ""holocaust victim, b. 1868-10-14"", ""score"": 5}]"
9fc9c865-e0f4-4abd-aca8-c6fcd7d36290,"Korff (Graf), von",,,,,,0,,,0,manual,name,[]
8684e9a7-be9f-4a06-a978-6229f53f1474,Krause,,,Q98521627,Tyra Grove Krause,researcher,20,search_rank_1|p31_human|name_exact|has_sitelinks,Q1726512,18,manual,name,"[{""qid"": ""Q98521627"", ""label"": ""Tyra Grove Krause"", ""desc"": ""researcher"", ""score"": 20}, {""qid"": ""Q1726512"", ""label"": ""Krause"", ""desc"": ""niederländische Sängerin und Musikerin"", ""score"": 18}, {""qid"": ""Q21449125"", ""label"": ""Krause"", ""desc"": ""family name"", ""score"": 17}, {""qid"": ""Q5240717"", ""label"": ""David W. Krause"", ""desc"": ""Canadian palaeontologist"", ""score"": 16}, {""qid"": ""Q46999035"", ""label"": ""Krause"", ""desc"": """", ""score"": 10}, {""qid"": ""Q27777237"", ""label"": ""Krause"", ""desc"": ""enzyklopädischer Artikel"", ""score"": 9}]"
4f5aad11-af99-48f9-b133-e6424162d22a,"Kuh, Ephraim Moses",,,Q27584415,"Kuh, Ephraim Moses",biographical article by Jakob Franck,17,search_rank_0|name_exact|has_sitelinks,Q95284,15,manual,name,"[{""qid"": ""Q27584415"", ""label"": ""Kuh, Ephraim Moses"", ""desc"": ""biographical article by Jakob Franck"", ""score"": 17}, {""qid"": ""Q95284"", ""label"": ""Moses Ephraim Kuh"", ""desc"": ""actor"", ""score"": 15}]"
e4f47fcf-121e-4d7a-8ba5-15fa7fb655b6,Lachmann (Dr.),,,,,,0,,,0,manual,name,[]
12fd1b43-bb4d-4286-b6e8-98ae65e0e4e6,"Landau, Israel",,,Q63242517,Israel Landau,,15,search_rank_0|p31_human,Q118915438,15,manual,name,"[{""qid"": ""Q63242517"", ""label"": ""Israel Landau"", ""desc"": """", ""score"": 15}, {""qid"": ""Q118915438"", ""label"": ""Segal Landa, Yiśraʼel ben Ḳalman, ha-Leṿi"", ""desc"": """", ""score"": 15}, {""qid"": ""Q63166298"", ""label"": ""Israel Landauer"", ""desc"": """", ""score"": 13}, {""qid"": ""Q118910790"", ""label"": ""Landa, Yiśraʼel Avraham Alṭer"", ""desc"": ""-1942"", ""score"": 11}]"
7393948d-84d9-4933-bb03-b3dc4e78fa87,Lehmann Haas,,,,,,0,,,0,manual,name,[]
5166af32-210b-4d73-8789-94e067c8f4c2,Leopold Friedrrich Franz (Fürst),,,,,,0,,,0,manual,name,[]
4d9e76a0-5f22-41b9-8044-07f937c40476,Leopold II,,,Q12967,Leopold II of Belgium,King of the Belgians from 1865 to 1909 (1835–1909),22,search_rank_0|p31_human|name_exact|has_sitelinks,Q151321,20,manual,name,"[{""qid"": ""Q12967"", ""label"": ""Leopold II of Belgium"", ""desc"": ""King of the Belgians from 1865 to 1909 (1835–1909)"", ""score"": 22}, {""qid"": ""Q151321"", ""label"": ""Leopold II, Holy Roman Emperor"", ""desc"": ""Holy Roman Emperor from 1790 to 1792"", ""score"": 20}, {""qid"": ""Q313169"", ""label"": ""Leopold II, Grand Duke of Tuscany"", ""desc"": ""Grand Duke of Tuscany"", ""score"": 18}, {""qid"": ""Q304409"", ""label"": ""Leopold II"", ""desc"": ""Margrave of Austria"", ""score"": 14}, {""qid"": ""Q27861984"", ""label"": ""Leopold II"", ""desc"": ""Markgraf der Ungarnmark"", ""score"": 12}, {""qid"": ""Q217850"", ""label"": ""Leopold II."", ""desc"": ""Wikimedia-Begriffsklärungsseite"", ""score"": 11}]"
2b39cc6c-508a-42af-a963-70515975a2c9,Leopoldo Herz,,,,,,0,,,0,manual,name,[]
1165e0cd-aad6-4678-b8a3-d2403116d977,"Lepoc, Jonas",,,,,,0,,,0,manual,name,[]
e8b62b59-abf2-4162-af1d-ee4125f9c898,"Lesczinski, Elasar",,,,,,0,,,0,manual,name,[]
5b339710-c775-4de8-979c-74aae2e02ded,"Levi, Avigdor",,,Q94789656,Avigdor Levi,Judaic scholar (active 18th-19th century),17,search_rank_0|p31_human|has_sitelinks,Q58311,15,manual,name,"[{""qid"": ""Q94789656"", ""label"": ""Avigdor Levi"", ""desc"": ""Judaic scholar (active 18th-19th century)"", ""score"": 17}, {""qid"": ""Q58311"", ""label"": ""Avigdor Lieberman"", ""desc"": ""Israeli politician, member of the Knesset"", ""score"": 15}]"
f7e59507-3845-4419-aa64-7b8630c2235a,"Levi, Hannover Raphael",,,,,,0,,,0,manual,name,[]
5b7f69a6-d335-4b87-8e18-ba9c9b1e3f47,"Levi, Joseph Jasmann ben Joel",,,,,,0,,,0,manual,name,[]
632a1e99-3efc-4bf8-9483-a5676abcfbb6,"Levi, Moses",,,Q105362251,Moses Levi,Holocaust victim (born 1864),15,search_rank_0|p31_human,Q98842957,15,manual,name,"[{""qid"": ""Q105362251"", ""label"": ""Moses Levi"", ""desc"": ""Holocaust victim (born 1864)"", ""score"": 15}, {""qid"": ""Q98842957"", ""label"": ""Moses Levi"", ""desc"": ""deutscher Jurist"", ""score"": 15}, {""qid"": ""Q139110952"", ""label"": ""Moses Levi"", ""desc"": """", ""score"": 11}, {""qid"": ""Q55582288"", ""label"": ""Moses Levi"", ""desc"": ""Ottoman rabbi (1827–1910)"", ""score"": 11}, {""qid"": ""Q104298741"", ""label"": ""Moses Levi Cohen"", ""desc"": ""Dutch photographer"", ""score"": 7}, {""qid"": ""Q126415054"", ""label"": ""Moses Jacob Levy"", ""desc"": ""Person auf Jüdischem Friedhof"", ""score"": 5}]"
76bf8cf2-da62-4f1f-a089-87c8312a1756,Levin Magnus,,,,,,0,,,0,manual,name,[]
320cebff-15c8-4985-bba8-6435a7571f9d,Levin Salomon,,,Q130235756,Levin Salomon,,20,search_rank_0|p31_human|name_exact,Q127143126,18,manual,name,"[{""qid"": ""Q130235756"", ""label"": ""Levin Salomon"", ""desc"": """", ""score"": 20}, {""qid"": ""Q127143126"", ""label"": ""Löb Selig Hildesheim"", ""desc"": """", ""score"": 18}, {""qid"": ""Q126723147"", ""label"": ""Löb Neuburg"", ""desc"": """", ""score"": 13}, {""qid"": ""Q125350876"", ""label"": ""Arje Jehuda Loeb Salomon Spira"", ""desc"": """", ""score"": 11}, {""qid"": ""Q126136119"", ""label"": ""Jehuda Leib Bütow"", ""desc"": """", ""score"": 9}]"
c6b93409-fa47-470c-94db-2def98985a06,"Levison, George (Mordechai Gumpel Schnaber)",,,,,,0,,,0,manual,name,[]
f8adec1b-9090-4ebd-a7df-9442b6970366,Levy (Ältester der israelitischen Gemeinde),,,Q14626636,Levy,family name,17,search_rank_0|name_exact|has_sitelinks,Q21143999,15,manual,name,"[{""qid"": ""Q14626636"", ""label"": ""Levy"", ""desc"": ""family name"", ""score"": 17}, {""qid"": ""Q21143999"", ""label"": ""Levy"", ""desc"": ""male given name"", ""score"": 15}, {""qid"": ""Q215512"", ""label"": ""לוי"", ""desc"": ""דמות תנ\""כית, בנו של יעקב"", ""score"": 13}, {""qid"": ""Q531662"", ""label"": ""Henri Leopold Levy"", ""desc"": ""French painter (1840-1904)"", ""score"": 12}, {""qid"": ""Q25343981"", ""label"": ""Lévy"", ""desc"": ""family name"", ""score"": 11}, {""qid"": ""Q501022"", ""label"": ""Levy County"", ""desc"": ""County im US-Bundesstaat Florida"", ""score"": 6}]"
38f5d1b5-ba37-477f-9965-405355af5630,"Levy, Samuel Isaak",,,,,,0,,,0,manual,name,[]
3cc5e3db-8724-4408-9025-b4d71b51daa6,"Levy, Sara",,,Q105363663,Sara Levy,"holocaust victim, b. 1865-06-20",15,search_rank_0|p31_human,Q1599239,15,manual,name,"[{""qid"": ""Q105363663"", ""label"": ""Sara Levy"", ""desc"": ""holocaust victim, b. 1865-06-20"", ""score"": 15}, {""qid"": ""Q1599239"", ""label"": ""Sara Levy"", ""desc"": ""deutsche Cembalistin"", ""score"": 15}, {""qid"": ""Q105463641"", ""label"": ""Sara Levy"", ""desc"": ""holocaust victim, b. 1870-06-01"", ""score"": 11}, {""qid"": ""Q105363024"", ""label"": ""Sara Levy"", ""desc"": ""holocaust victim, b. 1854-10-25"", ""score"": 9}, {""qid"": ""Q105461710"", ""label"": ""Sara Wirtheim"", ""desc"": ""holocaust victim, b. 1890-09-20"", ""score"": 9}, {""qid"": ""Q24005073"", ""label"": ""Sara Levy"", ""desc"": ""spanische Synchronschwimmerin"", ""score"": 7}, {""qid"": ""Q106468014"", ""label"": ""Sara Levy"", ""desc"": ""Holocaust victim, b. 1858-06-10"", ""score"": 5}, {""qid"": ""Q105454829"", ""label"": ""Sara Nussbaum"", ""desc"": ""holocaust victim, b. 1883-12-02"", ""score"": 5}, {""qid"": ""Q105363662"", ""label"": ""Sara Levy"", ""desc"": ""holocaust victim, b. 1859-07-08"", ""score"": 5}]"
a2cde095-f8e0-4c23-97c6-9431483620b6,"Levysohn, Hartog",,,,,,0,,,0,manual,name,[]
3d5f2bdf-b85e-45fd-bfc6-d053a6ab3e0e,"Lindau, Baruch",,,Q6675110,Baruch Lindau,"mathematician, writer and translator",17,search_rank_0|p31_human|has_sitelinks,Q111588463,15,manual,name,"[{""qid"": ""Q6675110"", ""label"": ""Baruch Lindau"", ""desc"": ""mathematician, writer and translator"", ""score"": 17}, {""qid"": ""Q111588463"", ""label"": ""Benjamin Lindauer"", ""desc"": ""(1839-1922)"", ""score"": 15}]"
150b36c1-206b-41b0-be92-e5ada4370b6b,"Lipmann, Nathan",,,,,,0,,,0,manual,name,[]
df1d1f47-a180-492c-9b8e-3dd43ef9b992,"Lobethal, Avigdor",,,,,,0,,,0,manual,name,[]
a2459680-87fa-4876-9387-9a17b05b6419,Löb Hamm,,,,,,0,,,0,manual,name,[]
d6ee998d-b046-4833-b433-5ae34ab4b486,"Löwe, Joel",,,Q21262765,"Löwe, Joel",encyclopedic article,17,search_rank_0|name_exact|has_sitelinks,Q12407888,15,manual,name,"[{""qid"": ""Q21262765"", ""label"": ""Löwe, Joel"", ""desc"": ""encyclopedic article"", ""score"": 17}, {""qid"": ""Q12407888"", ""label"": ""Joel Löwe"", ""desc"": ""German biblical scholar"", ""score"": 15}, {""qid"": ""Q116212211"", ""label"": ""Joel Löwenstein"", ""desc"": ""German-American painter and graphic designer (1887–1964)"", ""score"": 13}, {""qid"": ""Q105365556"", ""label"": ""Joel Löwenthal"", ""desc"": ""Holocaust victim (born 1877)"", ""score"": 9}]"
f5c07f59-a419-47d9-8259-20a605aee59d,"Löwe, Joel",,,Q21262765,"Löwe, Joel",encyclopedic article,17,search_rank_0|name_exact|has_sitelinks,Q12407888,15,manual,name,"[{""qid"": ""Q21262765"", ""label"": ""Löwe, Joel"", ""desc"": ""encyclopedic article"", ""score"": 17}, {""qid"": ""Q12407888"", ""label"": ""Joel Löwe"", ""desc"": ""German biblical scholar"", ""score"": 15}, {""qid"": ""Q116212211"", ""label"": ""Joel Löwenstein"", ""desc"": ""German-American painter and graphic designer (1887–1964)"", ""score"": 13}, {""qid"": ""Q105365556"", ""label"": ""Joel Löwenthal"", ""desc"": ""Holocaust victim (born 1877)"", ""score"": 9}]"
8e9c6a22-94f2-4a82-8266-ac0bd081968d,"Löwenstamm, Chaim ben Arije Löb",,,,,,0,,,0,manual,name,[]
e8a38228-f528-48a8-9264-5c0723bf0819,"Löwenstamm, Jaacov Moses",,,,,,0,,,0,manual,name,[]
acc93788-cc9c-4175-9d98-899717377f1e,"Löwenstein, N. J.",,,,,,0,,,0,manual,name,[]
c4b8da3b-ac6e-4d72-8c77-6e565674f9cd,"Löwysohn, Salomon",,,,,,0,,,0,manual,name,[]
478bc1ef-677d-40c4-85d9-f698513a6ba0,Lübeschütz,,,,,,0,,,0,manual,name,[]
f3fbea30-96b8-4679-9011-5adc21ee61d4,"Lüpschütz, Selig",,,,,,0,,,0,manual,name,[]
684eb17d-7c14-49d7-ae9f-5d003822680d,"Luzzatto, Ephraim",,,,,,0,,,0,manual,name,[]
0ccb21e6-ec4d-4b13-932f-3f984d1e6670,"Maimon, Salomon",,,Q27586655,"Maimon, Salomon",entry in the Allgemeine Deutsche Biographie,17,search_rank_0|name_exact|has_sitelinks,Q465763,15,manual,name,"[{""qid"": ""Q27586655"", ""label"": ""Maimon, Salomon"", ""desc"": ""entry in the Allgemeine Deutsche Biographie"", ""score"": 17}, {""qid"": ""Q465763"", ""label"": ""Salomon Maimon"", ""desc"": ""Lithuanian Jewish philosopher (1753–1800)"", ""score"": 15}, {""qid"": ""Q60568427"", ""label"": ""Salomon Maimon and the Rise of Spinozism in German Idealism"", ""desc"": ""article"", ""score"": 6}, {""qid"": ""Q59399161"", ""label"": ""Salomon Maimon has a Memorial"", ""desc"": """", ""score"": 4}, {""qid"": ""Q114101093"", ""label"": ""Salomon Maimon’s theory of invention. Scientific genius, analysis and Euclidean geometry"", ""desc"": ""scientific article published in 2021"", ""score"": 2}]"
236cf9de-2838-429c-806f-a624a1f75b8a,"Marcus, Benedikt",,,,,,0,,,0,manual,name,[]
d6ca64c0-fe6d-4581-bfc3-910fe58b0ecc,"Marcuse, Marcus",,,,,,0,,,0,manual,name,[]
e390f516-8967-4588-a425-79fa2f00172d,"Marcuse, Moses",,,,,,0,,,0,manual,name,[]
19cdaca9-e347-4bfd-be24-ba2593b5ec56,"Marcus (Ilfeld), Hartog (Hirsch)",,,,,,0,,,0,manual,name,[]
7f26a395-24e3-41e7-850a-102435654956,Marcus Isaak,,,,,,0,,,0,manual,name,[]
877862d6-2bba-4145-877a-257429333648,Marcus Issak,,,,,,0,,,0,manual,name,[]
b424cb55-99a1-403e-ba8b-df49e0d1cec9,Marcus Salomon Levin,,,,,,0,,,0,manual,name,[]
424cf040-1862-4d6f-88c1-2957697c60c8,"Marcus, Tobias",,,Q139348794,Tobias Marcus Weissenbacher,,15,search_rank_0|p31_human,Q139289029,13,manual,name,"[{""qid"": ""Q139348794"", ""label"": ""Tobias Marcus Weissenbacher"", ""desc"": """", ""score"": 15}, {""qid"": ""Q139289029"", ""label"": ""Tobias Marcus Kaiser"", ""desc"": """", ""score"": 13}]"
cdecf8b1-b6ad-4457-b113-562be1ebcbc6,Marx (Dr.),,,,,,0,,,0,manual,name,[]
d708b8de-d0d4-426d-90c9-869c52e51435,"Meldola, Abraham",,,Q123601835,"Meldola, Abraham",fonds of the State Archives of the Free and Hanseatic City of Hamburg,15,search_rank_0|name_exact,Q330335,15,manual,name,"[{""qid"": ""Q123601835"", ""label"": ""Meldola, Abraham"", ""desc"": ""fonds of the State Archives of the Free and Hanseatic City of Hamburg"", ""score"": 15}, {""qid"": ""Q330335"", ""label"": ""Abraham Meldola"", ""desc"": """", ""score"": 15}, {""qid"": ""Q132883548"", ""label"": ""Abraham Meldola"", ""desc"": """", ""score"": 11}, {""qid"": ""Q118913877"", ""label"": ""Abraham ben Raphael Meldola"", ""desc"": """", ""score"": 11}]"
a5f7433c-a672-4391-9dd1-5bb2e4f2cd01,"Mendel, Joachim",,,Q130272231,Joachim Mendel,,15,search_rank_0|p31_human,Q113805465,13,manual,name,"[{""qid"": ""Q130272231"", ""label"": ""Joachim Mendel"", ""desc"": """", ""score"": 15}, {""qid"": ""Q113805465"", ""label"": ""Joachim Mendelson"", ""desc"": ""1897--1943; Mendelsohn, Joachim; Mendelssohn, Joachim"", ""score"": 13}]"
27d1ead9-ced1-463d-b66a-4d53cb284953,Mendel Samuel,,,,,,0,,,0,manual,name,[]
91d2ace3-5e3f-4540-a8b8-9b3e8647e28c,"Mendelsohn, Moses",,,Q105372410,Moses Mendelsohn,Holocaust victim (born 1875),15,search_rank_0|p31_human,Q1632745,15,manual,name,"[{""qid"": ""Q105372410"", ""label"": ""Moses Mendelsohn"", ""desc"": ""Holocaust victim (born 1875)"", ""score"": 15}, {""qid"": ""Q1632745"", ""label"": ""Moses Mendelsohn"", ""desc"": ""deutscher Autor"", ""score"": 15}, {""qid"": ""Q76997"", ""label"": ""Moses Mendelssohn"", ""desc"": ""deutscher Philosoph, Wegbereiter der aufgeklärten Haskala"", ""score"": 11}, {""qid"": ""Q91928643"", ""label"": ""Moses Mendelsohn"", ""desc"": ""Print by anonymous"", ""score"": 6}, {""qid"": ""Q117510395"", ""label"": ""Moses Mendelsohn Cemetery"", ""desc"": ""cemetery in Suffolk County, Massachusetts, United States"", ""score"": 2}]"
dd1bfc75-abca-48c6-9400-1541f641d0ba,"Mendelssohn, Joseph",,,Q1291162,Joseph Mendelssohn,"German opinion journalist, translator and writer (1817-1856)",15,search_rank_1|p31_human|has_sitelinks,Q21254100,14,manual,name,"[{""qid"": ""Q1291162"", ""label"": ""Joseph Mendelssohn"", ""desc"": ""German opinion journalist, translator and writer (1817-1856)"", ""score"": 15}, {""qid"": ""Q21254100"", ""label"": ""Mendelssohn, Joseph (ADB)"", ""desc"": ""entry in the Allgemeine Deutsche Biographie"", ""score"": 14}, {""qid"": ""Q137862050"", ""label"": ""Mendelssohn, Joseph"", ""desc"": """", ""score"": 11}, {""qid"": ""Q96515"", ""label"": ""Joseph Mendelssohn"", ""desc"": ""German Jewish banker"", ""score"": 11}]"
f3f52b64-d6ea-4bfe-b8c5-edfdd91ae615,"Mendelssohn, Moses",,,Q27585890,"Mendelssohn, Moses",biographical article by Franz Muncker,17,search_rank_0|name_exact|has_sitelinks,Q76997,15,manual,name,"[{""qid"": ""Q27585890"", ""label"": ""Mendelssohn, Moses"", ""desc"": ""biographical article by Franz Muncker"", ""score"": 17}, {""qid"": ""Q76997"", ""label"": ""Moses Mendelssohn"", ""desc"": ""German-Jewish philosopher and theologian (1729–1786)"", ""score"": 15}, {""qid"": ""Q103957318"", ""label"": ""Mendelssohn, Moses"", ""desc"": ""encyclopedia article"", ""score"": 11}, {""qid"": ""Q1632745"", ""label"": ""Moses Mendelsohn"", ""desc"": ""German author"", ""score"": 7}, {""qid"": ""Q58129325"", ""label"": ""Moses Mendelssohn"", ""desc"": ""painting by anonymous"", ""score"": 4}, {""qid"": ""Q136223674"", ""label"": ""Moses Mendelssohn"", ""desc"": ""book 2010"", ""score"": 2}, {""qid"": ""Q1726364"", ""label"": ""Moses-Mendelssohn-Preis"", ""desc"": """", ""score"": 2}, {""qid"": ""Q62615177"", ""label"": ""Moses Mendelssohn"", ""desc"": ""Artikel in: Die Gartenlaube, 1879, Heft 36"", ""score"": 2}, {""qid"": ""Q1537723"", ""label"": ""Moses Mendelssohn Zentrum für europäisch-jüdische Studien"", ""desc"": ""Forschungsinstitut an der Universität Potsdam"", ""score"": 2}, {""qid"": ""Q87282770"", ""label"": ""Moses Mendelssohn"", ""desc"": ""episode of In Our Time"", ""score"": 0}]"
cdb8aa59-5d27-4508-8900-b40ad0a056d1,Meyer Bernhard,,,,,,0,,,0,manual,name,[]
3dc4eb17-b5bd-4736-adc8-d03567fc35ef,Meyer Gabriel,,,,,,0,,,0,manual,name,[]
c45a3876-d32c-40ee-860a-3f57e3dce28d,"Meyer, Salomon Abraham",,,,,,0,,,0,manual,name,[]
e89ef91d-1333-45fb-8bae-b59c34998ef1,"Moritz, Karl Philipp",,,Q215781,Karl Philipp Moritz,"German author, editor and essayist",20,search_rank_1|p31_human|name_exact|has_sitelinks,Q27585629,17,manual,name,"[{""qid"": ""Q215781"", ""label"": ""Karl Philipp Moritz"", ""desc"": ""German author, editor and essayist"", ""score"": 20}, {""qid"": ""Q27585629"", ""label"": ""Moritz, Karl Philipp"", ""desc"": ""entry in the Allgemeine Deutsche Biographie"", ""score"": 17}, {""qid"": ""Q139708250"", ""label"": ""Karl Philipp Moritz"", ""desc"": """", ""score"": 6}, {""qid"": ""Q111350055"", ""label"": ""Karl-Philipp-Moritz-Weg"", ""desc"": ""street in Lichtenberg district, Berlin, Germany"", ""score"": 6}, {""qid"": ""Q136277437"", ""label"": ""Karl Philipp Moritz: At the Fringe of Genius"", ""desc"": ""book 1979"", ""score"": 2}, {""qid"": ""Q116118950"", ""label"": ""Karl Philipp Moritz: Briefsteller"", ""desc"": ""GEPRIS Projekt"", ""score"": 0}, {""qid"": ""Q52391765"", ""label"": ""Karl Philipp Moritz and the Journal of Empirical Psychology: an introductory note and a series of psychiatric case reports"", ""desc"": ""scientific article published in March 1992"", ""score"": 0}, {""qid"": ""Q116079369"", ""label"": ""Karl Philipp Moritz: Werke und Briefe. Kritische und kommentierte Gesamtausgabe"", ""desc"": ""GEPRIS Projekt"", ""score"": 0}]"
b2eb22e0-f3f6-4220-a6fe-9249fa6eb141,"Moses, Jacob",,,Q111094995,Jacob Moses Rosenberg,rabbi,17,search_rank_0|p31_human|has_sitelinks,Q2906690,15,manual,name,"[{""qid"": ""Q111094995"", ""label"": ""Jacob Moses Rosenberg"", ""desc"": ""rabbi"", ""score"": 17}, {""qid"": ""Q2906690"", ""label"": ""יעקב משה טולידאנו"", ""desc"": ""רב שכיהן כרב העיר תל אביב-יפו וכשר הדתות"", ""score"": 15}, {""qid"": ""Q129850106"", ""label"": ""Jacob Marcus"", ""desc"": """", ""score"": 11}, {""qid"": ""Q130008880"", ""label"": ""Jacob Moses Normann"", ""desc"": """", ""score"": 9}, {""qid"": ""Q130120021"", ""label"": ""Aron Jacob Moses"", ""desc"": ""Bankier"", ""score"": 7}, {""qid"": ""Q15303124"", ""label"": ""יעקב משה חרל\""פ"", ""desc"": ""פוסק ומקובל, ראש ישיבות \""מרכז הרב\"" ובית זבול, רב שכונת שערי חסד בירושלים, תלמידו של הרב קוק"", ""score"": 7}, {""qid"": ""Q129079085"", ""label"": ""Jacob Moses Levy"", ""desc"": """", ""score"": 5}, {""qid"": ""Q128600651"", ""label"": ""Jacob Zwi Moses"", ""desc"": ""Person auf Jüdischem Friedhof"", ""score"": 5}, {""qid"": ""Q137141642"", ""label"": ""Jacob Moses Mecklenburg"", ""desc"": """", ""score"": 5}]"
8c48a2dc-02cb-464f-9e18-f25bbd3db010,"Moses, Jacob",,,Q111094995,Jacob Moses Rosenberg,rabbi,17,search_rank_0|p31_human|has_sitelinks,Q2906690,15,manual,name,"[{""qid"": ""Q111094995"", ""label"": ""Jacob Moses Rosenberg"", ""desc"": ""rabbi"", ""score"": 17}, {""qid"": ""Q2906690"", ""label"": ""יעקב משה טולידאנו"", ""desc"": ""רב שכיהן כרב העיר תל אביב-יפו וכשר הדתות"", ""score"": 15}, {""qid"": ""Q129850106"", ""label"": ""Jacob Marcus"", ""desc"": """", ""score"": 11}, {""qid"": ""Q130008880"", ""label"": ""Jacob Moses Normann"", ""desc"": """", ""score"": 9}, {""qid"": ""Q130120021"", ""label"": ""Aron Jacob Moses"", ""desc"": ""Bankier"", ""score"": 7}, {""qid"": ""Q15303124"", ""label"": ""יעקב משה חרל\""פ"", ""desc"": ""פוסק ומקובל, ראש ישיבות \""מרכז הרב\"" ובית זבול, רב שכונת שערי חסד בירושלים, תלמידו של הרב קוק"", ""score"": 7}, {""qid"": ""Q129079085"", ""label"": ""Jacob Moses Levy"", ""desc"": """", ""score"": 5}, {""qid"": ""Q128600651"", ""label"": ""Jacob Zwi Moses"", ""desc"": ""Person auf Jüdischem Friedhof"", ""score"": 5}, {""qid"": ""Q137141642"", ""label"": ""Jacob Moses Mecklenburg"", ""desc"": """", ""score"": 5}]"
f1d3e786-d335-48c0-a4d7-1de68a911eb6,Moses Levin,,,Q128101461,Moses Levin,,20,search_rank_0|p31_human|name_exact,Q95909691,18,manual,name,"[{""qid"": ""Q128101461"", ""label"": ""Moses Levin"", ""desc"": """", ""score"": 20}, {""qid"": ""Q95909691"", ""label"": ""Moses Levin"", ""desc"": """", ""score"": 18}, {""qid"": ""Q128836272"", ""label"": ""Moses Levin Wallach"", ""desc"": """", ""score"": 13}, {""qid"": ""Q138606781"", ""label"": ""Moses Levinsohn"", ""desc"": ""killed during WWII (1866–1942)"", ""score"": 11}, {""qid"": ""Q94795081"", ""label"": ""Moses Levin Gomperz"", ""desc"": """", ""score"": 9}, {""qid"": ""Q139588593"", ""label"": ""Moses Levin Friedländer"", ""desc"": ""ca. 1675 Zülz Schlesien - 1736"", ""score"": 7}]"
288d671a-f5ca-4d39-b282-e937615ee127,Moses von Gottfried Jakob Schaller,,,,,,0,,,0,manual,name,[]
6acb0709-3de9-4d63-8b3f-7870149711cf,Müller,,,Q8157228,Müller,family name,17,search_rank_0|name_exact|has_sitelinks,Q61390,16,manual,name,"[{""qid"": ""Q8157228"", ""label"": ""Müller"", ""desc"": ""family name"", ""score"": 17}, {""qid"": ""Q61390"", ""label"": ""סלומון מילר"", ""desc"": ""צפר גרמני"", ""score"": 16}, {""qid"": ""Q1958759"", ""label"": ""Müller"", ""desc"": ""chain of retail stores from Germany"", ""score"": 15}, {""qid"": ""Q6581072"", ""label"": ""weiblich"", ""desc"": ""Mensch mit weiblichem Geschlecht (Verwendung mit P21)"", ""score"": 13}, {""qid"": ""Q65928506"", ""label"": ""Müller"", ""desc"": ""female badminton player from East Germany, born around 1964"", ""score"": 12}, {""qid"": ""Q61366"", ""label"": ""פיליפ לודוויג סטטיוס מולר"", ""desc"": ""זואולוג גרמני"", ""score"": 12}, {""qid"": ""Q28053742"", ""label"": ""Werner E. G. Müller"", ""desc"": ""German biochemist"", ""score"": 12}, {""qid"": ""Q26709023"", ""label"": ""Klaus-Robert Müller"", ""desc"": ""German computer scientist"", ""score"": 12}, {""qid"": ""Q65928505"", ""label"": ""Müller"", ""desc"": ""East German badminton player, born around 1953"", ""score"": 10}, {""qid"": ""Q65928504"", ""label"": ""Müller"", ""desc"": ""West German badminton player"", ""score"": 10}, {""qid"": ""Q694116"", ""label"": ""Müller"", ""desc"": ""Handwerksberuf, dem die Herstellung von Mehl, Gewürzen, Pflanzenöl oder Futtermitteln obliegt"", ""score"": 7}]"
885fcc7e-9488-49cc-a31a-74aef3ca8098,"Nachod, Naftali",,,,,,0,,,0,manual,name,[]
645b339b-183b-4dd2-919e-097aa53f872f,"Neumann, Israel Moses",,,,,,0,,,0,manual,name,[]
ea12bbb7-59e1-4d0d-8ae3-71d389c0ff6b,"Neumann, Israel Moses (Inspektor und Oberlehrer)",,,,,,0,,,0,manual,name,[]
15a002ae-3216-4698-8107-af15cf1921b9,"Oppenheim, Isaac",,,,,,0,,,0,manual,name,[]
2d3f7289-5616-4233-a68d-dc3b6b7c8add,"Oppenheim, Madame W. J.",,,,,,0,,,0,manual,name,[]
2367c316-8468-457b-9891-9bb1241b8c3d,"Oppenheim, Veronika (Frumet)",,,,,,0,,,0,manual,name,[]
1006d3cb-a0c0-4c84-89f9-7d83d4409efc,"Ottensosser, Wolf",,,,,,0,,,0,manual,name,[]
52cae0c9-f9ee-4cd0-9734-d6e095d8e26a,"Öttinger, Moses",,,,,,0,,,0,manual,name,[]
06dc3ae8-268c-4c0b-9c86-ea5ebbfe98e7,"Pappenheimer, Salomon Seligmann",,,Q6987813,Solomon Pappenheim,Hebrew poet,17,search_rank_0|p31_human|has_sitelinks,Q29644314,15,manual,name,"[{""qid"": ""Q6987813"", ""label"": ""Solomon Pappenheim"", ""desc"": ""Hebrew poet"", ""score"": 17}, {""qid"": ""Q29644314"", ""label"": ""Shlomo Pappenheim"", ""desc"": """", ""score"": 15}]"
e2b76213-2e26-45df-870c-dde4840af1f5,Pfeifer,,,Q5903619,Howard William Pfeifer,botanist (1928-2009),18,search_rank_2|p31_human|name_exact|has_sitelinks,Q2083491,17,manual,name,"[{""qid"": ""Q5903619"", ""label"": ""Howard William Pfeifer"", ""desc"": ""botanist (1928-2009)"", ""score"": 18}, {""qid"": ""Q2083491"", ""label"": ""Pfeifer"", ""desc"": ""family name"", ""score"": 17}, {""qid"": ""Q21861078"", ""label"": ""Pfeifer"", ""desc"": ""mountain in the Schladminger Tauern in Styria"", ""score"": 15}, {""qid"": ""Q23864989"", ""label"": ""Pfeifer"", ""desc"": ""article in Otto's encyclopedia"", ""score"": 11}, {""qid"": ""Q52148217"", ""label"": ""Johann Friedrich Pfeiffer"", ""desc"": ""German painter (1695–1770)"", ""score"": 10}, {""qid"": ""Q7179779"", ""label"": ""Pfeifer"", ""desc"": ""unincorporated community in Ellis County, Kansas"", ""score"": 7}, {""qid"": ""Q1856621"", ""label"": ""Drei kleine Schweinchen"", ""desc"": ""group of Disney characters"", ""score"": 7}, {""qid"": ""Q207367"", ""label"": ""Pfeiffer-Drüsenfieber"", ""desc"": ""Viruserkrankung"", ""score"": 6}]"
a010cac3-4674-4ea5-b980-8181ca74debd,Pieck,,,Q111967553,Pieck,,18,search_rank_1|p31_human|name_exact,Q25630924,17,manual,name,"[{""qid"": ""Q111967553"", ""label"": ""Pieck"", ""desc"": """", ""score"": 18}, {""qid"": ""Q25630924"", ""label"": ""Pieck"", ""desc"": ""family name"", ""score"": 17}, {""qid"": ""Q62075435"", ""label"": ""Pieck"", ""desc"": ""family"", ""score"": 13}, {""qid"": ""Q7191438"", ""label"": ""Piecki-Migowo"", ""desc"": ""Stadtbezirk von Danzig, Polen"", ""score"": 8}, {""qid"": ""Q21649187"", ""label"": ""Piećkavičy"", ""desc"": ""village in Belarus"", ""score"": 6}, {""qid"": ""Q6526491"", ""label"": ""Piećki"", ""desc"": ""village in Kobryn district, Belarus"", ""score"": 4}, {""qid"": ""Q984240"", ""label"": ""Piecki"", ""desc"": ""Dorf in Polen"", ""score"": 4}, {""qid"": ""Q111769012"", ""label"": ""Piecka"", ""desc"": ""שם משפחה"", ""score"": 2}, {""qid"": ""Q112121104"", ""label"": ""Piecko"", ""desc"": ""שם משפחה (Piecko)"", ""score"": 2}]"
6187038c-b692-46a6-ad19-f85c1084c032,Polonus (Dr.),,,,,,0,,,0,manual,name,[]
7d0838e4-3fe8-48ef-9034-4aab318e790a,"Poper, M.",,,,,,0,,,0,manual,name,[]
49d0b912-c2a4-4b76-a888-5c047dba538c,"Prekuln, Salomon",,,,,,0,,,0,manual,name,[]
a7d5bd64-52c1-40c3-af23-b8f04ac84cdb,"Ramler, Karl Wilhelm",,,Q63617,Karl Wilhelm Ramler,German poet (1725-1798),20,search_rank_1|p31_human|name_exact|has_sitelinks,Q27588206,17,manual,name,"[{""qid"": ""Q63617"", ""label"": ""Karl Wilhelm Ramler"", ""desc"": ""German poet (1725-1798)"", ""score"": 20}, {""qid"": ""Q27588206"", ""label"": ""Ramler, Karl Wilhelm"", ""desc"": ""entry in the Allgemeine Deutsche Biographie"", ""score"": 17}, {""qid"": ""Q41333149"", ""label"": ""Karl Wilhelm Ramler"", ""desc"": ""painting by Gottfried Hempel"", ""score"": 8}]"
56080f0e-e84f-401c-8e9a-307d9faa8fe4,Rawitz,,,Q792948,Benjamin Rawitz-Castel,pianist (1946–2006),20,search_rank_1|p31_human|name_exact|has_sitelinks,Q106120883,17,manual,name,"[{""qid"": ""Q792948"", ""label"": ""Benjamin Rawitz-Castel"", ""desc"": ""pianist (1946–2006)"", ""score"": 20}, {""qid"": ""Q106120883"", ""label"": ""Rawitz"", ""desc"": ""family name"", ""score"": 17}, {""qid"": ""Q15841827"", ""label"": ""Rawitz"", ""desc"": ""דף פירושונים"", ""score"": 13}, {""qid"": ""Q106113380"", ""label"": ""Rawitzová"", ""desc"": ""family name"", ""score"": 6}]"
cec39b9f-c86a-442c-ae32-d68df746fd1f,"Reiß, B.",,,,,,0,,,0,manual,name,[]
173b0f8f-9038-449a-a42c-af732d8785e1,Reuben ben Abraham Levi,,,,,,0,,,0,manual,name,[]
beb88091-02f3-440e-9801-ba914a424c49,"Riess, Nathan",,,,,,0,,,0,manual,name,[]
845ffa5b-1e45-4646-914f-fb951d17e12c,"Riess, Nathan",,,,,,0,,,0,manual,name,[]
ae21824a-f34a-4f8b-83c2-e6b582d0d808,"Rochnove, Josel",,,,,,0,,,0,manual,name,[]
0dd84bba-77b6-4c7e-957d-8d2804ab2b0c,"Rodrigues-Moreira, Jacob",,,,,,0,,,0,manual,name,[]
4b4d9b7e-492a-411e-9395-4bcf78bac7da,"Salomon, Gotthold",,,Q215394,Gotthold Salomon,German rabbi and politician,15,search_rank_1|p31_human|has_sitelinks,Q21251166,14,manual,name,"[{""qid"": ""Q215394"", ""label"": ""Gotthold Salomon"", ""desc"": ""German rabbi and politician"", ""score"": 15}, {""qid"": ""Q21251166"", ""label"": ""Salomon, Gotthold (ADB)"", ""desc"": ""encyclopedic article"", ""score"": 14}]"
77914508-e787-4c0e-89ad-554b85212cbb,Salomon Marcus,,,Q105367166,Salomon Marcus,"holocaust victim, b. 1861-04-17",20,search_rank_0|p31_human|name_exact,Q105464299,18,manual,name,"[{""qid"": ""Q105367166"", ""label"": ""Salomon Marcus"", ""desc"": ""holocaust victim, b. 1861-04-17"", ""score"": 20}, {""qid"": ""Q105464299"", ""label"": ""Salomon Marcus"", ""desc"": ""holocaust victim, b. 1874-02-17"", ""score"": 18}, {""qid"": ""Q138848598"", ""label"": ""S. Bonn"", ""desc"": ""Dutch poet and playwright (1881-1930)"", ""score"": 15}, {""qid"": ""Q126164429"", ""label"": ""Zadok Nauen"", ""desc"": ""Person auf Jüdischem Friedhof"", ""score"": 12}, {""qid"": ""Q135481832"", ""label"": ""Salomon Markus Adler"", ""desc"": """", ""score"": 11}, {""qid"": ""Q127235078"", ""label"": ""Salman Samoscht"", ""desc"": ""Person auf Jüdischem Friedhof"", ""score"": 10}]"
8a402094-d53b-4001-a63f-f9f836261a5b,Salomon Marcus Schiller-Szinessy,,,,,,0,,,0,manual,name,[]
05f1c7a8-fb0c-4840-bb67-9d39cee1c6b2,"Samocz, Israel",,,,,,0,,,0,manual,name,[]
78dec81a-d312-469a-9243-2995af25191e,Samuel Levin Isaac,,,,,,0,,,0,manual,name,[]
4aeaa700-df41-4a0c-a09e-74f0ecf72c99,"Sandersleben, Mosse Levi",,,,,,0,,,0,manual,name,[]
b440ae77-24fd-4e9e-aae3-8a02d754702e,"Schack, Chaim ben Mosche",,,,,,0,,,0,manual,name,[]
494fde14-8814-44b9-addd-9e1c092ae48a,"Schaller, Geoffroy-Jacoues",,,,,,0,,,0,manual,name,[]
f985dc6d-9e07-41e9-b503-591f26695500,"Schiff, Isaak Benedix",,,,,,0,,,0,manual,name,[]
8cd3c125-21f1-478a-8b24-69fba18d0acb,"Schlesinger, Liebermann",,,,,,0,,,0,manual,name,[]
f63aca69-9a23-40c3-be3c-b54ba7095910,"Schlesinger, Liebermann Marcus",,,,,,0,,,0,manual,name,[]
8ba2872e-546b-4e58-a1a6-6e6c9eb55ad7,"Schönemann, Salomo",,,,,,0,,,0,manual,name,[]
8885873a-2bbe-4440-a21f-d738052363d4,"Schottländer, Aron",,,,,,0,,,0,manual,name,[]
dce9f21d-ae88-4353-a133-0055387211b8,"Schulz, Johann (Hofprediger)",,,,,,0,,,0,manual,name,[]
809c479e-0fb8-4830-9f2e-163340b4ddc1,"Schuster, Getz",,,,,,0,,,0,manual,name,[]
35980562-da4b-4348-a909-e170fe39393c,"Schuster, Levin",,,,,,0,,,0,manual,name,[]
b23a4cd7-5a18-4491-b810-19b3c387c131,"Schwab, Abraham ben Menachem Mendel",,,,,,0,,,0,manual,name,[]
c30d85a5-d86c-43c0-9d76-62115d23edc5,"Schwabacher, Heimann",,,,,,0,,,0,manual,name,[]
af6d9537-4a06-46f1-a3e4-4d104ce18b7a,Seeger,,,Q21395344,Hans-Gerhardt Seeger,Botaniker,18,search_rank_2|p31_human|name_exact|has_sitelinks,Q21507641,17,manual,name,"[{""qid"": ""Q21395344"", ""label"": ""Hans-Gerhardt Seeger"", ""desc"": ""Botaniker"", ""score"": 18}, {""qid"": ""Q21507641"", ""label"": ""Seeger"", ""desc"": ""family name"", ""score"": 17}, {""qid"": ""Q21390126"", ""label"": ""Lothar Seegers"", ""desc"": ""German ichthyologist (1947-2018)"", ""score"": 17}, {""qid"": ""Q2562602"", ""label"": ""Werner Seeger"", ""desc"": ""German physician"", ""score"": 13}, {""qid"": ""Q1705754"", ""label"": ""Josef Seger"", ""desc"": ""böhmischer Komponist, Vertreter der Altböhmischen Schule"", ""score"": 12}, {""qid"": ""Q2264866"", ""label"": ""Seeger"", ""desc"": ""Wikimedia-Begriffsklärungsseite"", ""score"": 9}, {""qid"": ""Q37317456"", ""label"": ""Seegert"", ""desc"": ""שם משפחה (Seegert)"", ""score"": 4}, {""qid"": ""Q37084128"", ""label"": ""Seegers"", ""desc"": ""family name"", ""score"": 4}, {""qid"": ""Q49578419"", ""label"": ""Seeger-Hansen"", ""desc"": ""שם משפחה (Seeger-Hansen)"", ""score"": 2}]"
2fdb5fc4-9267-44c6-abb8-397b35b43dfc,"Seligmann, Jeannette",,,,,,0,,,0,manual,name,[]
62e8e8e1-7a78-4ef0-bf3d-d462dc4f3f68,"Seligmann, Wulff",,,,,,0,,,0,manual,name,[]
168cdac7-8569-4de7-b9d9-f120769b7ea3,"Sichel, Lemmlen",,,,,,0,,,0,manual,name,[]
30812193-811e-4831-afbf-289c6e668b20,"Silberstein, Philip",,,,,,0,,,0,manual,name,[]
c4cfc083-5b2c-401e-a6cb-c18b6d5381b6,Simon,,,Q33923,Saint Peter,apostle of Jesus Christ,20,search_rank_1|p31_human|name_exact|has_sitelinks,Q4117588,17,manual,name,"[{""qid"": ""Q33923"", ""label"": ""Saint Peter"", ""desc"": ""apostle of Jesus Christ"", ""score"": 20}, {""qid"": ""Q4117588"", ""label"": ""Simon"", ""desc"": ""male given name"", ""score"": 17}, {""qid"": ""Q741948"", ""label"": ""Eugène Simon"", ""desc"": ""französischer Arachnologe"", ""score"": 14}, {""qid"": ""Q2287331"", ""label"": ""Simon"", ""desc"": ""Familienname"", ""score"": 13}, {""qid"": ""Q3085544"", ""label"": ""לוסיאן סימון"", ""desc"": ""צייר צרפתי"", ""score"": 12}, {""qid"": ""Q22343561"", ""label"": ""Šimon"", ""desc"": ""male given name"", ""score"": 11}, {""qid"": ""Q18175382"", ""label"": ""Simón"", ""desc"": ""male given name"", ""score"": 7}, {""qid"": ""Q109940047"", ""label"": ""Simon"", ""desc"": ""fictional character from Detroit: Become Human"", ""score"": 5}]"
19e412f0-0def-4a1a-9c60-241336c65da2,"Soldin, Jakob",,,,,,0,,,0,manual,name,[]
09e3db12-1f26-47df-b269-028ece3ff9c5,"Somerhausen, Hirsch (Hartog)",,,,,,0,,,0,manual,name,[]
eca37a8e-e6c9-442e-935f-48995e2fdeba,Sommershausen (Direktor der Erziehungsanstalt),,,Q1683307,Sommershausen,human settlement,17,search_rank_0|name_exact|has_sitelinks,Q27230916,15,manual,name,"[{""qid"": ""Q1683307"", ""label"": ""Sommershausen"", ""desc"": ""human settlement"", ""score"": 17}, {""qid"": ""Q27230916"", ""label"": ""Sommershausen"", ""desc"": ""דף פירושונים"", ""score"": 15}, {""qid"": ""Q2243529"", ""label"": ""Sommershausen"", ""desc"": """", ""score"": 13}, {""qid"": ""Q35617146"", ""label"": ""Sommershausen"", ""desc"": ""human settlement in Germany"", ""score"": 9}]"
f1964a77-8338-498c-ba2f-1b6c64f81420,Soußmann,,,,,,0,,,0,manual,name,[]
29204d62-0d49-4c10-8e5b-ef51c2c98612,Spalding,,,Q1185203,Spalding,"market town in Lincolnshire, England",17,search_rank_0|name_exact|has_sitelinks,Q16883643,15,manual,name,"[{""qid"": ""Q1185203"", ""label"": ""Spalding"", ""desc"": ""market town in Lincolnshire, England"", ""score"": 17}, {""qid"": ""Q16883643"", ""label"": ""Spalding"", ""desc"": ""שם משפחה (Spalding)"", ""score"": 15}, {""qid"": ""Q7572993"", ""label"": ""Spalding University"", ""desc"": ""private Catholic university in Louisville, Kentucky, United States"", ""score"": 13}, {""qid"": ""Q21609257"", ""label"": ""Volney Morgan Spalding"", ""desc"": ""American botanist (1849-1918)"", ""score"": 12}, {""qid"": ""Q2674312"", ""label"": ""Spalding"", ""desc"": ""Ort im US-Bundesstaat Nebraska"", ""score"": 11}, {""qid"": ""Q503486"", ""label"": ""Spalding County"", ""desc"": ""county in Georgia, United States"", ""score"": 9}, {""qid"": ""Q321917"", ""label"": ""Spalding Gray"", ""desc"": ""actor, dramatist, playwright, screenwriter (1941–2004)"", ""score"": 9}, {""qid"": ""Q2555271"", ""label"": ""Spalding"", ""desc"": ""US-amerikanischer Sportartikelhersteller"", ""score"": 7}]"
31f4f84c-230c-4aca-9740-e4f1aa3e9efe,Spalding,,,Q1185203,Spalding,"market town in Lincolnshire, England",17,search_rank_0|name_exact|has_sitelinks,Q16883643,15,manual,name,"[{""qid"": ""Q1185203"", ""label"": ""Spalding"", ""desc"": ""market town in Lincolnshire, England"", ""score"": 17}, {""qid"": ""Q16883643"", ""label"": ""Spalding"", ""desc"": ""שם משפחה (Spalding)"", ""score"": 15}, {""qid"": ""Q7572993"", ""label"": ""Spalding University"", ""desc"": ""private Catholic university in Louisville, Kentucky, United States"", ""score"": 13}, {""qid"": ""Q21609257"", ""label"": ""Volney Morgan Spalding"", ""desc"": ""American botanist (1849-1918)"", ""score"": 12}, {""qid"": ""Q2674312"", ""label"": ""Spalding"", ""desc"": ""Ort im US-Bundesstaat Nebraska"", ""score"": 11}, {""qid"": ""Q503486"", ""label"": ""Spalding County"", ""desc"": ""county in Georgia, United States"", ""score"": 9}, {""qid"": ""Q321917"", ""label"": ""Spalding Gray"", ""desc"": ""actor, dramatist, playwright, screenwriter (1941–2004)"", ""score"": 9}, {""qid"": ""Q2555271"", ""label"": ""Spalding"", ""desc"": ""US-amerikanischer Sportartikelhersteller"", ""score"": 7}]"
1c5b5336-56ef-4af0-b36a-dd0ca24eda95,"Spira, Salomon",,,Q105604529,Šalomon Spira,"holocaust victim, b. 1867-11-06",15,search_rank_0|p31_human,Q105463964,13,manual,name,"[{""qid"": ""Q105604529"", ""label"": ""Šalomon Spira"", ""desc"": ""holocaust victim, b. 1867-11-06"", ""score"": 15}, {""qid"": ""Q105463964"", ""label"": ""Salomon Spira"", ""desc"": ""holocaust victim, b. 1871-05-25"", ""score"": 13}, {""qid"": ""Q131771518"", ""label"": ""Salomon Spira"", ""desc"": """", ""score"": 11}]"
96da76d0-4e04-41c3-bdd8-04fd6f0dde5a,Stanislaus II. Poniatowski (König von Polen),,,,,,0,,,0,manual,name,[]
b0024494-3d47-4f2a-893d-bfa3b543bae3,"Susmann, Meier",,,,,,0,,,0,manual,name,[]
ba53d520-df8a-4e4e-b925-fb083379ac7d,"Tama, Mordechay",,,,,,0,,,0,manual,name,[]
71124ce9-3d5a-42f7-ac6c-4c83da9dfb03,"Troplowitz, Joseph Ephrati",,,,,,0,,,0,manual,name,[]
d23c1686-f363-44b9-bccc-dd004ef2a7c5,"Ulmann, Naphtalie Herz",,,,,,0,,,0,manual,name,[]
712f3817-6d3d-4d4b-ae43-b6002995b623,"Urjas, Nathan",,,,,,0,,,0,manual,name,[]
03ce07a7-906f-47da-836a-6b75bf2dc5d1,"Vanoven, Joshua",,,,,,0,,,0,manual,name,[]
a7ae3419-eaa0-4134-b609-718205bca162,"Veitel, David Ephraim",,,,,,0,,,0,manual,name,[]
f3b38f34-bd56-435e-8d30-6174c6b8fb53,"Wallach, Demoiselle",,,,,,0,,,0,manual,name,[]
9dbee93f-c281-46cf-80ba-39334d27b543,"Wallach, Madame",,,,,,0,,,0,manual,name,[]
7ac5b016-5cce-436c-bb17-5ab2758b4357,"Waltsch, Shimeon",,,,,,0,,,0,manual,name,[]
06f67f74-8b23-457b-a112-c5cd6ac7b2fa,"Wappler, Christian Friedrich (Buchhändler)",,,,,,0,,,0,manual,name,[]
769784e0-2538-481a-a6be-fcba3f6f1cba,"Warburg, Aron Levin",,,,,,0,,,0,manual,name,[]
f88e79b8-428c-4365-8a9d-62aafdef9d38,"Warburg, Meyer",,,,,,0,,,0,manual,name,[]
79f4deb1-cf91-48bf-9761-26babb0a56a0,"Wertheim, Charlotte",,,Q105509834,Charlotte Wertheim,Holocaust victim (born 1878),15,search_rank_0|p31_human,Q106872019,13,manual,name,"[{""qid"": ""Q105509834"", ""label"": ""Charlotte Wertheim"", ""desc"": ""Holocaust victim (born 1878)"", ""score"": 15}, {""qid"": ""Q106872019"", ""label"": ""Charlotte Wertheimer"", ""desc"": ""prisoner of a Nazi regime"", ""score"": 13}]"
369a2eca-26bc-430f-af62-f31489b11d3b,"Wertheimstein, Hermann von (Edler von)",,,,,,0,,,0,manual,name,[]
295b65de-8ee6-48a5-8875-c8baa2cd5155,"Wertheimstein, Josef (Edler von Wertheimstein)",,,,,,0,,,0,manual,name,[]
3f51068c-34c2-4af9-8812-0f67388979f3,"Wertheimstein, Lazar (Edler von Wertheimstein)",,,,,,0,,,0,manual,name,[]
b8d2a248-3e55-4e22-a527-deeb570ebb7d,"Wessely, Joel",,,,,,0,,,0,manual,name,[]
8a332661-ab96-4052-bbf5-1500f91b5607,"Wetzlar, Gottschalck",,,,,,0,,,0,manual,name,[]
10df07df-4a6c-4c9f-b621-7103f895c9d9,"Wilhelm, Wertheimstein (Edler von Wertheimstein)",,,,,,0,,,0,manual,name,[]
78ec70da-cb4a-4c3d-bf5d-4168d2d00384,"Winck, Wolff",,,,,,0,,,0,manual,name,[]
26fcbe15-8a97-4ec3-8780-8cbdf8f59819,Wittersheim d. Ä.,,,,,,0,,,0,manual,name,[]
411810f8-8d81-45e2-9056-71be579fb9f5,"Wolf, Joseph",,,Q19810744,Yosef Avraham Volf,born 1911; died 1979,17,search_rank_1|p31_human|name_partial|has_sitelinks,Q20088216,14,manual,name,"[{""qid"": ""Q19810744"", ""label"": ""Yosef Avraham Volf"", ""desc"": ""born 1911; died 1979"", ""score"": 17}, {""qid"": ""Q20088216"", ""label"": ""Wolf, Joseph (Wölfl) (BLKÖ)"", ""desc"": ""cross-reference in the Biographisches Lexikon des Kaiserthums Oesterreich (vol. 57, p. 296)"", ""score"": 14}, {""qid"": ""Q1708274"", ""label"": ""Joseph Wolf"", ""desc"": ""German artist (1820-1899)"", ""score"": 13}, {""qid"": ""Q564973"", ""label"": ""Joseph Wölfl"", ""desc"": ""Austrian composer and pianist (1773-1812)"", ""score"": 11}, {""qid"": ""Q6288052"", ""label"": ""Joseph Wolff"", ""desc"": ""Jewish Christian missionary"", ""score"": 9}, {""qid"": ""Q91507"", ""label"": ""Joseph Wulf"", ""desc"": ""German biographer and Holocaust survivor (1912–1974)"", ""score"": 7}, {""qid"": ""Q95674552"", ""label"": ""Joseph Wolf"", ""desc"": """", ""score"": 5}, {""qid"": ""Q95105015"", ""label"": ""Joseph Wolf"", ""desc"": ""Kirchencomponist"", ""score"": 5}, {""qid"": ""Q137140576"", ""label"": ""Joseph Wolf"", ""desc"": """", ""score"": 5}, {""qid"": ""Q108498968"", ""label"": ""Joseph Wolf"", ""desc"": ""German Jewish teacher, educator, translator, preacher"", ""score"": 5}, {""qid"": ""Q95674553"", ""label"": ""Joseph Wolf"", ""desc"": """", ""score"": 5}, {""qid"": ""Q136469981"", ""label"": ""Joseph Wolf"", ""desc"": ""holocaust survivor (1878-1951)"", ""score"": 5}, {""qid"": ""Q95105019"", ""label"": ""Joseph Wolf"", ""desc"": """", ""score"": 5}, {""qid"": ""Q90893191"", ""label"": ""Wolf, Joseph (Professor) (BLKÖ)"", ""desc"": ""entry in the Biographisches Lexikon des Kaiserthums Oesterreich (vol. 58, p. 18)"", ""score"": 4}, {""qid"": ""Q90893183"", ""label"": ""Wolf, Joseph (Hauptmann) (BLKÖ)"", ""desc"": ""Artikel im Biographischen Lexikon des Kaiserthums Oesterreich (Bd. 58, S. 2)"", ""score"": 4}, {""qid"": ""Q90893175"", ""label"": ""Wolf, Joseph (1767–1792) (BLKÖ)"", ""desc"": ""Artikel im Biographischen Lexikon des Kaiserthums Oesterreich (Bd. 58, S. 18)"", ""score"": 4}, {""qid"": ""Q20088217"", ""label"": ""Wolf, Joseph (Kirchencomponist) (BLKÖ)"", ""desc"": ""Artikel im Biographischen Lexikon des Kaiserthums Oesterreich (Bd. 57, S. 296)"", ""score"": 4}, {""qid"": ""Q135994107"", ""label"": ""יוסף וולף"", ""desc"": ""Wikimedia disambiguation page"", ""score"": 2}]"
f641caeb-bea6-4d31-87e2-007f5892e395,"Wolfsohn-Halle, Aron",,,,,,0,,,0,manual,name,[]
b3c68d86-1e7e-4621-a6e9-ccb00046849d,"Wolfsohn-Halle, Aron",,,,,,0,,,0,manual,name,[]
1d58c905-d0b2-4f2f-bc79-9843a8b11174,"Worms, Ascher Anschel",,,,,,0,,,0,manual,name,[]
a7456da6-6d1e-4df6-803e-951a1561cf03,"Worms, Wolff",,,,,,0,,,0,manual,name,[]
1071cb7c-d46d-44b8-856c-ba1727ba7d22,"Worms, Wolff",,,,,,0,,,0,manual,name,[]
eb124da4-58e6-45de-9715-49f316cb4576,"Wulff, Heymann",,,,,,0,,,0,manual,name,[]
e14ce504-d294-497e-8b59-bfb32c511fae,Zacharias,,,Q20174193,Zacharias,male given name,17,search_rank_0|name_exact|has_sitelinks,Q108445582,16,manual,name,"[{""qid"": ""Q20174193"", ""label"": ""Zacharias"", ""desc"": ""male given name"", ""score"": 17}, {""qid"": ""Q108445582"", ""label"": ""Zacharias"", ""desc"": ""bishop of the Roman Catholic Church"", ""score"": 16}, {""qid"": ""Q8063908"", ""label"": ""Zacharias"", ""desc"": ""family name"", ""score"": 15}, {""qid"": ""Q139467"", ""label"": ""זכריאס"", ""desc"": ""האפיפיור ה-91, בין השנים 741-752."", ""score"": 12}, {""qid"": ""Q604259"", ""label"": ""זכריה הנביא"", ""desc"": ""דמות מקראית, אחד הנביאים בתנ\""ך"", ""score"": 12}, {""qid"": ""Q139464"", ""label"": ""Zacharias"", ""desc"": ""neutestamentarische Figur, Vater des Johannes des Täufers"", ""score"": 11}, {""qid"": ""Q41796456"", ""label"": ""Zachariáš"", ""desc"": ""male given name"", ""score"": 9}, {""qid"": ""Q15130994"", ""label"": ""Zachariáš"", ""desc"": ""family name"", ""score"": 7}]"
c0f31784-c8bf-4ec5-8db6-f6517fbf8682,"Zacharias, Moses",,,,,,0,,,0,manual,name,[]
87d4b449-3a4e-4dc5-a801-f2d9dc56f4d6,"Zacharias, Simon",,,Q105462560,Simon Zacharias,Holocaust victim (born 1873),15,search_rank_0|p31_human,Q133358230,13,manual,name,"[{""qid"": ""Q105462560"", ""label"": ""Simon Zacharias"", ""desc"": ""Holocaust victim (born 1873)"", ""score"": 15}, {""qid"": ""Q133358230"", ""label"": ""Simon Zacharias Coblenz"", ""desc"": """", ""score"": 13}, {""qid"": ""Q133070895"", ""label"": ""Simon Zacharias Haug"", ""desc"": """", ""score"": 11}]"
b046e3a7-1c51-41d0-bf7f-eb19dbf69257,אארי' ליבמן מהו' וואלף,,,,,,0,,,0,manual,name,[]
612fa5ab-c191-47d6-9cf8-7d07b1f527ce,"אב""ד ור""מ דק""ק ל""ב בנימין",,,,,,0,,,0,manual,name,[]
2f119a99-d2fa-4950-926b-d94b1f2d5265,"אב""ד ור""מ דק""ק פפ""דא שאול",,,,,,0,,,0,manual,name,[]
ebc9e624-c31e-4f21-867f-de5415d879dd,"אבהרם בכ""ה איסרל זלדין",,,,,,0,,,0,manual,name,[]
1dad29e3-ce56-4369-b7a0-323a6c237e27,אביגדור,,,Q4055882,Avigdor,male given name,17,search_rank_0|name_exact|has_sitelinks,Q2570427,15,manual,name,"[{""qid"": ""Q4055882"", ""label"": ""Avigdor"", ""desc"": ""male given name"", ""score"": 17}, {""qid"": ""Q2570427"", ""label"": ""Avigdor"", ""desc"": ""human settlement in Israel"", ""score"": 15}, {""qid"": ""Q136823238"", ""label"": ""Cohen-Avigdor, Nava"", ""desc"": """", ""score"": 13}, {""qid"": ""Q5148212"", ""label"": ""Colonia Avigdor"", ""desc"": ""Siedlung in Argentinien"", ""score"": 11}, {""qid"": ""Q58311"", ""label"": ""אביגדור ליברמן"", ""desc"": ""יו\""ר מפלגת ישראל ביתנו"", ""score"": 11}, {""qid"": ""Q2591295"", ""label"": ""Avigdor Arikha"", ""desc"": ""Israeli artist (1929-2010)"", ""score"": 9}]"
7decefac-1fd7-4125-90e9-e76c1609b755,אביגדור ברעסלוי,,,,,,0,,,0,manual,name,[]
01e451a4-5fb6-49ca-a34b-8a9a66a96c37,אביגדור תאומים,,,,,,0,,,0,manual,name,[]
2b833488-4e57-4020-a8d4-8cc0ff5c557a,אבלי הארוויטץ,,,,,,0,,,0,manual,name,[]
52ed2c1c-7c95-4e1e-8f2c-830800221c55,אבראהאם אי' ברילל,,,,,,0,,,0,manual,name,[]
e15afc1d-ea8d-4210-8b0a-2cb0f8906a8a,אבראהאם בלאך,,,,,,0,,,0,manual,name,[]
64616ca2-719d-4dd4-9943-deece6b21ad7,אברהם אדערפעלד,,,,,,0,,,0,manual,name,[]
6bd81d4c-d1fc-4ac4-8bca-5431de031816,אברהם אלחנן,,,,,,0,,,0,manual,name,[]
b73753bb-2329-4950-8d2c-f59380b9996b,אברהם אפנער,,,,,,0,,,0,manual,name,[]
26ed7e43-9c98-4187-8da6-99391802388c,אברהם באנו,,,,,,0,,,0,manual,name,[]
e5c55435-5ef9-4507-9173-8629d13704db,אברהם בהגאון מוה' גדלי',,,,,,0,,,0,manual,name,[]
662395e3-4947-4ecc-ab7d-746d18c53298,אברהם בומבורג,,,,,,0,,,0,manual,name,[]
e0db85e2-a450-416a-8244-15bf30152597,אברהם בורגפרעפיך,,,,,,0,,,0,manual,name,[]
e2402d36-b6b7-4079-9155-4ab1a1225f25,אברהם בידשאף,,,,,,0,,,0,manual,name,[]
ded55d58-b426-44f6-b7c9-6885a4725582,אברהם בן אליהו,,,,,,0,,,0,manual,name,[]
2f2d916a-3337-4e97-ab29-362a2dc70684,אברהם בן אריה ליב,,,,,,0,,,0,manual,name,[]
cc52bb02-0d16-4966-b213-cb5380231f1a,"אברהם בן לא""א כהן מביסטריץ",,,,,,0,,,0,manual,name,[]
17e1554e-dc23-4dc9-908a-dc38d9d0250e,"אברהם בן מודל, מאטינגן",,,,,,0,,,0,manual,name,[]
061643de-1976-4af9-b5dd-309a82275180,"אברהםבן פו""מ יעקב צבי",,,,,,0,,,0,manual,name,[]
6e63f458-4e07-46c9-bf17-654b28b126e5,"אברהם בר""א פל",,,,,,0,,,0,manual,name,[]
beac286f-064f-47a8-8951-4d9733f537b5,"אברהם ב""ר אשר",,,,,,0,,,0,manual,name,[]
44556569-f822-428b-a1bc-f2b5a2c333ff,"אברהם בר""בג",,,,,,0,,,0,manual,name,[]
0067d996-5c42-4340-93cc-bcadbb862d9c,"אברהם בר""ה",,,,,,0,,,0,manual,name,[]
8b32f278-d1a9-492c-bd1a-ab61848252fc,"אברהם בר""ה בר""נ",,,,,,0,,,0,manual,name,[]
15223462-8748-4d50-8c9c-aeca972b4198,"אברהם בר""ה ר""נ",,,,,,0,,,0,manual,name,[]
41ecebad-86cc-49dc-bd11-532ec66bd77b,"אברהם בר""י",,,,,,0,,,0,manual,name,[]
325e0d9c-3260-4acd-b6ac-56fa0e9feb9f,"אברהם בר""י פרץ",,,,,,0,,,0,manual,name,[]
247c87dd-83bf-4fbb-85e7-789a2bd9ffa5,"אברהם בר""ל ה""ש",,,,,,0,,,0,manual,name,[]
f16ecbc8-16ac-46ba-bf8c-5aad7d0f94f0,"אברהם בר""מ פ""ד",,,,,,0,,,0,manual,name,[]
afd795f6-8d15-4352-a7e0-ee928d760d3b,"אברהם בר""מ פ""ר",,,,,,0,,,0,manual,name,[]
2b06cbd3-a8b7-47f7-9267-e43cc1925d95,"אברהם בר""נ",,,,,,0,,,0,manual,name,[]
624aba4b-de85-44d3-8223-ef0cb5bca373,"אברהם בר""נ ה""ס",,,,,,0,,,0,manual,name,[]
ae2bf34c-3328-47e9-8bcc-ab12ca27af72,"אברהם בר""נ ה""ש",,,,,,0,,,0,manual,name,[]
39ed0dc3-1d27-4420-9b1b-98f544f512e3,"אברהם בר""נ ה""ש",,,,,,0,,,0,manual,name,[]
b3625ca8-83c2-47fc-be32-58bb95f3b070,"אברהם בר""נ ה""ש",,,,,,0,,,0,manual,name,[]
392f70ba-93c4-407a-92e9-c286b71bb633,"אברהם ברנ""ז",,,,,,0,,,0,manual,name,[]
20030d05-2c9e-4374-a577-cc402444e60d,אברהם ברעזכין (בחורי חמד),,,,,,0,,,0,manual,name,[]
e3be9a0a-4cd2-4727-a96c-14849870d462,"אברהם בר""פ כ""ץ",,,,,,0,,,0,manual,name,[]
d75a2618-e4a6-41f7-8a94-ee70bd0bbadf,"אברהם בר""פ כ""ץ",,,,,,0,,,0,manual,name,[]
67de24bb-c901-4ba1-8de8-634f820ca4c5,אברהם גאטטשטיין,,,,,,0,,,0,manual,name,[]
e6585984-0e34-4d71-8269-e5bf2ca9743c,אברהם גאנץ,,,,,,0,,,0,manual,name,[]
45e0672b-91cb-4fdf-abc8-c46d81241b40,אברהם דאנציגר,,,,,,0,,,0,manual,name,[]
7e566487-9b7d-4d87-86b5-121df1079186,אברהם היינערסדארף,,,,,,0,,,0,manual,name,[]
814935b4-9dd2-45a9-ae49-3c0c164d02e6,אברהם הייצפעלד,,,,,,0,,,0,manual,name,[]
9bc16eda-f619-48ad-8d04-5054a6eb711f,אברהם וויינשענק,,,,,,0,,,0,manual,name,[]
14896ec1-76e9-410e-b822-cc5bfbb35332,"אברהם יחזקיה בש""ן",,,,,,0,,,0,manual,name,[]
85f694db-2a5c-4348-b791-278588e9e4d3,אברהם מלנצברג,,,,,,0,,,0,manual,name,[]
1de98862-ae14-4e99-bbb3-dc23b140d911,אברהם מרדכי,,,Q2623065,Avraham Mordechai Alter,Fourth Rebbe of Ger (1865–1948),19,search_rank_0|p31_human|name_partial|has_sitelinks,Q86998,17,manual,name,"[{""qid"": ""Q2623065"", ""label"": ""Avraham Mordechai Alter"", ""desc"": ""Fourth Rebbe of Ger (1865–1948)"", ""score"": 19}, {""qid"": ""Q86998"", ""label"": ""מארק לידזברק"", ""desc"": ""Polish philologist and Semiticist (1868–1928)"", ""score"": 17}, {""qid"": ""Q12403391"", ""label"": ""Abraham Mordechai Piorko"", ""desc"": ""hebrew writer"", ""score"": 15}, {""qid"": ""Q100326044"", ""label"": ""Abraham Mordechai Gottlieb"", ""desc"": ""Israeli rabbi"", ""score"": 13}, {""qid"": ""Q111165563"", ""label"": ""Avrum Mordche Schwartz"", ""desc"": ""American composer"", ""score"": 11}, {""qid"": ""Q16228845"", ""label"": ""מרדכי וינגרטן"", ""desc"": ""נשיא ועד היישוב היהודי בעיר העתיקה של ירושלים בתקופת המנדט הבריטי"", ""score"": 9}]"
4c0bd184-5a89-4f7f-b7e5-259478528a61,אברהם מרדכי,,,Q2623065,Avraham Mordechai Alter,Fourth Rebbe of Ger (1865–1948),19,search_rank_0|p31_human|name_partial|has_sitelinks,Q86998,17,manual,name,"[{""qid"": ""Q2623065"", ""label"": ""Avraham Mordechai Alter"", ""desc"": ""Fourth Rebbe of Ger (1865–1948)"", ""score"": 19}, {""qid"": ""Q86998"", ""label"": ""מארק לידזברק"", ""desc"": ""Polish philologist and Semiticist (1868–1928)"", ""score"": 17}, {""qid"": ""Q12403391"", ""label"": ""Abraham Mordechai Piorko"", ""desc"": ""hebrew writer"", ""score"": 15}, {""qid"": ""Q100326044"", ""label"": ""Abraham Mordechai Gottlieb"", ""desc"": ""Israeli rabbi"", ""score"": 13}, {""qid"": ""Q111165563"", ""label"": ""Avrum Mordche Schwartz"", ""desc"": ""American composer"", ""score"": 11}, {""qid"": ""Q16228845"", ""label"": ""מרדכי וינגרטן"", ""desc"": ""נשיא ועד היישוב היהודי בעיר העתיקה של ירושלים בתקופת המנדט הבריטי"", ""score"": 9}]"
13309ad7-d5f7-4d0c-b858-b005ad899d19,אברהם מרדכי,,,Q2623065,Avraham Mordechai Alter,Fourth Rebbe of Ger (1865–1948),19,search_rank_0|p31_human|name_partial|has_sitelinks,Q86998,17,manual,name,"[{""qid"": ""Q2623065"", ""label"": ""Avraham Mordechai Alter"", ""desc"": ""Fourth Rebbe of Ger (1865–1948)"", ""score"": 19}, {""qid"": ""Q86998"", ""label"": ""מארק לידזברק"", ""desc"": ""Polish philologist and Semiticist (1868–1928)"", ""score"": 17}, {""qid"": ""Q12403391"", ""label"": ""Abraham Mordechai Piorko"", ""desc"": ""hebrew writer"", ""score"": 15}, {""qid"": ""Q100326044"", ""label"": ""Abraham Mordechai Gottlieb"", ""desc"": ""Israeli rabbi"", ""score"": 13}, {""qid"": ""Q111165563"", ""label"": ""Avrum Mordche Schwartz"", ""desc"": ""American composer"", ""score"": 11}, {""qid"": ""Q16228845"", ""label"": ""מרדכי וינגרטן"", ""desc"": ""נשיא ועד היישוב היהודי בעיר העתיקה של ירושלים בתקופת המנדט הבריטי"", ""score"": 9}]"
debc2a08-09db-431a-9e73-a1b55f62d858,אברהם מרדכי דאלקוי,,,,,,0,,,0,manual,name,[]
9a98b3e5-f9e5-4143-a91b-4b0d3fc9ad93,"אברהם סג""ל מחעלמא",,,,,,0,,,0,manual,name,[]
04fca32c-4026-4e94-8b06-062c0ed4d94c,אברהם פאלענטין,,,,,,0,,,0,manual,name,[]
174fa3ff-6b76-47e4-a5ed-0ab25cb278be,אברהם פאפר,,,,,,0,,,0,manual,name,[]
9fbf69c5-2beb-4830-9ea3-f37ac27afa41,אברהם פרידלענדר,,,,,,0,,,0,manual,name,[]
d4b27630-5a41-4e2b-8036-938b6b32f26a,אברהם פרץ,,,Q4351017,Abram Peretz,Russian merchant,22,search_rank_0|p31_human|name_exact|has_sitelinks,Q113355538,20,manual,name,"[{""qid"": ""Q4351017"", ""label"": ""Abram Peretz"", ""desc"": ""Russian merchant"", ""score"": 22}, {""qid"": ""Q113355538"", ""label"": ""אברהם פרץ"", ""desc"": """", ""score"": 20}]"
5b0882c1-8549-4650-b2b5-f4882f7fada0,אברהם צבי,,,Q330741,Abraham Zevi Idelsohn,"Jewish ethnologist, musicologist and composer (1882–1938)",19,search_rank_0|p31_human|name_partial|has_sitelinks,Q7013348,17,manual,name,"[{""qid"": ""Q330741"", ""label"": ""Abraham Zevi Idelsohn"", ""desc"": ""Jewish ethnologist, musicologist and composer (1882–1938)"", ""score"": 19}, {""qid"": ""Q7013348"", ""label"": ""אברהם צבי מוסקוביץ"", ""desc"": """", ""score"": 17}, {""qid"": ""Q113517215"", ""label"": ""Avraham Hirsh Rozenkrants"", ""desc"": """", ""score"": 13}, {""qid"": ""Q6040914"", ""label"": ""אברהם צבי פרלמוטר"", ""desc"": ""רב פלוני"", ""score"": 13}, {""qid"": ""Q4668912"", ""label"": ""אברהם צבי הירש אייזנשטט"", ""desc"": ""רב ומחבר ספר פתחי תשובה"", ""score"": 11}]"
12bf673a-7577-4102-9fe4-540e6fd14cdd,אברהם צבי,,,Q330741,Abraham Zevi Idelsohn,"Jewish ethnologist, musicologist and composer (1882–1938)",19,search_rank_0|p31_human|name_partial|has_sitelinks,Q7013348,17,manual,name,"[{""qid"": ""Q330741"", ""label"": ""Abraham Zevi Idelsohn"", ""desc"": ""Jewish ethnologist, musicologist and composer (1882–1938)"", ""score"": 19}, {""qid"": ""Q7013348"", ""label"": ""אברהם צבי מוסקוביץ"", ""desc"": """", ""score"": 17}, {""qid"": ""Q113517215"", ""label"": ""Avraham Hirsh Rozenkrants"", ""desc"": """", ""score"": 13}, {""qid"": ""Q6040914"", ""label"": ""אברהם צבי פרלמוטר"", ""desc"": ""רב פלוני"", ""score"": 13}, {""qid"": ""Q4668912"", ""label"": ""אברהם צבי הירש אייזנשטט"", ""desc"": ""רב ומחבר ספר פתחי תשובה"", ""score"": 11}]"
1c7c0d04-6b49-4f6e-ae06-99761c29ed5f,אברהם צילץ,,,,,,0,,,0,manual,name,[]
c55a7bd1-87ae-4f19-9495-04f9c123fdd5,אברהם קויפמן וואהל,,,,,,0,,,0,manual,name,[]
1f78e744-86da-41b2-843f-971b89d5e006,אברהם קצנאלין בוגין,,,,,,0,,,0,manual,name,[]
e5c84673-baa3-4b6e-aef0-c89fe9822a6c,אברהם שטיינמאן,,,,,,0,,,0,manual,name,[]
9f1ac51c-ac12-4e2b-94ec-26b075628089,אברהם שלאחוב,,,,,,0,,,0,manual,name,[]
f1cf0060-64b3-4577-8447-98e29288095f,אברהם שמינים פיריירה,,,,,,0,,,0,manual,name,[]
8fdf8c57-5c55-4fee-91c5-587db8294a7d,אברם בעכר,,,,,,0,,,0,manual,name,[]
0c5718c8-fa5b-4f5c-9dfc-2ab50db29a8a,אדאם טשארטאריסקי,,,,,,0,,,0,manual,name,[]
e2f809d3-587b-413e-a6e5-d4a8ad1cebf4,"אהרן אפנהיים בל""ב",,,,,,0,,,0,manual,name,[]
f097cbcd-86d7-45f1-9039-283ed3a9bd75,אהרן באהן,,,,,,0,,,0,manual,name,[]
75f07217-41a0-4c00-bcfd-d713c2d89b56,אהרן בן יוסף אהרן הלוי הורוויץ,,,,,,0,,,0,manual,name,[]
950b0b26-0e52-4375-9996-278f5be6bf1e,אהרן בן יוסף אהרן הלוי הורוויץ,,,,,,0,,,0,manual,name,[]
5271f298-4fce-4472-983d-e504a11dd0f9,אהרן בער יאס,,,,,,0,,,0,manual,name,[]
23289ec4-1cad-435c-a339-9d90e0d18d33,"אהרן ברא""כ מפ""ד",,,,,,0,,,0,manual,name,[]
6707c650-14f0-45b1-af1c-ea57a51395ea,"אהרן ב""ר משה מגזע צבי ראב""ד בק""ק ברלין",,,,,,0,,,0,manual,name,[]
812b1cba-fc85-4fd7-87fd-f376ce585ebe,"אהרן בר""ס בר""נ",,,,,,0,,,0,manual,name,[]
863e5abb-d6f3-45fc-8149-05b9b5ac3eab,אהרן גאלדשמיד,,,,,,0,,,0,manual,name,[]
d9c0210e-49e7-4785-8903-9a5edcc08211,אהרן דעסויא,,,,,,0,,,0,manual,name,[]
e47114ca-fa23-4f73-8972-c767160a6b21,אהרן הלוי הורוויץ,,,,,,0,,,0,manual,name,[]
ebf1a1f1-3d35-4e68-951f-868216de1b45,אהרן הלוי העליר,,,,,,0,,,0,manual,name,[]
2d0e03f1-a2d8-4584-a711-bfaae8c03156,אהרן ווייס,,,,,,0,,,0,manual,name,[]
13c252ec-cae0-4486-864b-291e5ce6476d,אהרן זלמן מרגליות,,,,,,0,,,0,manual,name,[]
53cc6d35-847a-48bd-93c3-3768b654051e,אהרן יורש,,,,,,0,,,0,manual,name,[]
25184f8d-d025-4e52-a015-aeb5feb2cfb0,אהרן ליפמאן,,,,,,0,,,0,manual,name,[]
18318e46-c489-4da5-a528-1949f4f9269d,"אהרן סג""ל דרעטניץ",,,,,,0,,,0,manual,name,[]
2ca8eced-46e6-45d0-9df5-c1221f702297,אהרן פרענקל,,,,,,0,,,0,manual,name,[]
a9dad436-e8c3-475d-8b4a-30f3e1cb8f85,אהרן צבי,,,Q698146,Aron Hersch Żupnik,Austrian publisher and writer (1848–1917),19,search_rank_0|p31_human|name_partial|has_sitelinks,Q4380882,17,manual,name,"[{""qid"": ""Q698146"", ""label"": ""Aron Hersch Żupnik"", ""desc"": ""Austrian publisher and writer (1848–1917)"", ""score"": 19}, {""qid"": ""Q4380882"", ""label"": ""Aron Zvi Propes"", ""desc"": """", ""score"": 17}, {""qid"": ""Q18755473"", ""label"": ""Ohel of Aron Cwi from Biała Rawska"", ""desc"": """", ""score"": 15}, {""qid"": ""Q118913821"", ""label"": ""Aharon Tsevi Rumpler"", ""desc"": """", ""score"": 11}, {""qid"": ""Q116017961"", ""label"": ""Aaron Tzvi Friedman"", ""desc"": ""Friedman, Aaron Zebi, 1822-1876"", ""score"": 9}]"
9d8ef717-e603-4c31-a985-5ec6aebdef14,אהרן ריינא,,,,,,0,,,0,manual,name,[]
8c798b64-979b-429d-9059-617b42e8ecef,אהרן שטראסבורג,,,,,,0,,,0,manual,name,[]
ac80dd23-a9d7-437b-8d7a-9a0bb9f434ba,"אהרן שמעון בר""מ",,,,,,0,,,0,manual,name,[]
41c248e3-34fb-4090-b489-0724c179a232,אהרן שפיץ,,,,,,0,,,0,manual,name,[]
395032c7-aa66-4222-9d61-822338236e57,"אופנהיים, מענדל",,,,,,0,,,0,manual,name,[]
64e2bf1a-6366-4e07-a506-0f0f2f121833,אורי מורפורגי,,,,,,0,,,0,manual,name,[]
51983eec-f0fd-4cba-a744-852d54f176c5,אורי פיבוש בן אריה ליב,,,,,,0,,,0,manual,name,[]
23a61954-5675-48de-83ae-d97a04dcb282,אחד המשוררים,,,,,,0,,,0,manual,name,[]
d84e95bc-0a4b-473e-8d51-ae1da0e0e1dd,אי' ברונשטיין,,,,,,0,,,0,manual,name,[]
c4f69fa9-c271-45d1-a8e5-554f006dd760,"איגר, מאיר",,,,,,0,,,0,manual,name,[]
c1a43699-858d-42ed-bef3-db0c69d3e9e3,איזאק בעער,,,,,,0,,,0,manual,name,[]
ed7f106f-39b9-4e23-bf25-47dde126e0d1,איזאק ווערטהיימער,,,,,,0,,,0,manual,name,[]
1432d5a6-5907-4dc2-afc3-d1ec73b1893a,איזאק יאנאס,,,,,,0,,,0,manual,name,[]
e00d7525-4433-4e4e-a019-69bc41d84d46,איזאק יאנעס,,,,,,0,,,0,manual,name,[]
f22ee25c-6cbb-493c-845f-276d700b92f5,איזאק עסטרייכער,,,,,,0,,,0,manual,name,[]
dd5eba02-6765-4e27-aeec-4ce51618ae3e,איזאק פראנקענשטיין,,,,,,0,,,0,manual,name,[]
077def9f-9383-42f3-86c8-d66476ed4285,איזאק פרייאזאך,,,,,,0,,,0,manual,name,[]
234b996f-721f-4759-a4a7-95a621614292,איזק העלפט,,,,,,0,,,0,manual,name,[]
765dbf52-d5b1-47ca-b01a-f0017490a8f5,איזראעל צאפפערט,,,,,,0,,,0,manual,name,[]
bfbfb89c-f7e4-41ff-bdff-b9481583f653,איזראעל קעניגסבערגער,,,,,,0,,,0,manual,name,[]
f29a3ca0-f1b3-42f7-a30b-7c66453aeac0,אייזאק האצפעלד,,,,,,0,,,0,manual,name,[]
1da6d031-2eab-45fd-ac4b-2c1c1e757e62,"אייזק בר""נ",,,,,,0,,,0,manual,name,[]
26155470-f93d-4792-a628-81d76594d29e,"אייזק בר""נ ה""ש",,,,,,0,,,0,manual,name,[]
3a073a04-119c-4c73-b04f-db53bb759b17,אייזק דעסויא,,,,,,0,,,0,manual,name,[]
ab22eee2-6b55-462d-9dc0-1b9c0fe678a8,אייזק דעסויא,,,,,,0,,,0,manual,name,[]
4820ce63-015d-4145-be3f-c91d10f583a6,"אייזק ה""ש",,,,,,0,,,0,manual,name,[]
26a3523a-7868-4d89-9294-a441ad3257ea,אייזק זאקסעל,,,,,,0,,,0,manual,name,[]
a6d454b0-6e8d-41ff-a53f-ff52fc2bdd2f,אייזק כהנא פיוואני,,,,,,0,,,0,manual,name,[]
56275f35-dab2-474b-af37-ab1cbfe3e6e6,אייזק מרדכי איידלין,,,,,,0,,,0,manual,name,[]
49373b2c-eac1-4cd6-9964-ef7362a35afc,אייזק פאצדאם,,,,,,0,,,0,manual,name,[]
6041bc0e-e68f-4beb-82f2-733e5ee28b40,אייזק צהנא פיוואני,,,,,,0,,,0,manual,name,[]
90da3e31-1af8-4f9e-bfa8-4fb04cf3b890,אי' לעוו האפמאן,,,,,,0,,,0,manual,name,[]
740dc1dc-13c7-41ce-992f-ac34172d3ecf,איסטרייכער,,,,,,0,,,0,manual,name,[]
a10d99f2-324f-4470-9c78-1a71583c1972,"איסר בנה' סיני כ""ץ מק""ק זאלשיץ",,,,,,0,,,0,manual,name,[]
1bd35350-2a80-4882-b356-4ea1ef963837,"איסר ה""ב",,,,,,0,,,0,manual,name,[]
a315e6a2-9b59-4a1b-9db3-7f9d53845f2c,איסרלי איגלהיימר,,,,,,0,,,0,manual,name,[]
86039612-aeb9-4517-b303-5476d286116a,"איסרלי היילברונר, פ""ומ",,,,,,0,,,0,manual,name,[]
0c7b550b-d673-4e60-9198-b4d25d301c62,איסר קאטבוס,,,,,,0,,,0,manual,name,[]
16f9c8be-79aa-4f7a-8abf-2dfed0cdc60c,איסר קאטנוס,,,,,,0,,,0,manual,name,[]
62edde17-5ccc-45ac-ae19-c87e78dc33db,איצק אולמאן,,,,,,0,,,0,manual,name,[]
196ab0c0-4f9d-444a-8db4-9704fe7e3b8f,איצק בן משה שלעזינגער,,,,,,0,,,0,manual,name,[]
78131e32-7e59-4554-be1f-d308bf67a45d,איצק בן שמשון ווערטהיים,,,,,,0,,,0,manual,name,[]
842a4cc5-3a01-4411-9a2c-01555f3ee8b3,"איצק בר""י ווערטהיימר",,,,,,0,,,0,manual,name,[]
1f69872e-afa3-406d-b1b8-54599491352e,"איצק בר""ל זאקס",,,,,,0,,,0,manual,name,[]
74bbd53b-c860-40fc-9666-d0f23ee920af,"איצק בר""מ ווערטהיימר",,,,,,0,,,0,manual,name,[]
b2a04a0e-28c5-4ef6-b6c6-75168212fd59,איצק העלפט,,,,,,0,,,0,manual,name,[]
8f158b5e-836a-45b5-ae67-143976ffddc2,איצק העסי,,,,,,0,,,0,manual,name,[]
e51868ab-26cf-4416-8917-e08df6a7baa2,איצק לאפפע,,,,,,0,,,0,manual,name,[]
99b48261-7eb0-47fb-8dea-50536125de0d,"איצק ליב סג""ל",,,,,,0,,,0,manual,name,[]
0b490c3e-039f-47fb-84d1-f4012b853404,איצק ניימעדל,,,,,,0,,,0,manual,name,[]
10715d90-560c-49d9-8266-7bf61cd76b5e,איצק סאבאטקא,,,,,,0,,,0,manual,name,[]
833d681b-b54c-46f5-9b9d-d1322c6da03e,איצק עלקש,,,,,,0,,,0,manual,name,[]
de6cf136-2e09-4e56-9fc3-3cc92e4c4884,"איצק פ""ד",,,,,,0,,,0,manual,name,[]
58329cb5-dd45-4867-8b08-e6886ac2b458,איצק פליס,,,,,,0,,,0,manual,name,[]
ad1cd214-4060-4d3d-9f9d-9c3c87eef861,"איצק צילך בק""ב",,,,,,0,,,0,manual,name,[]
29a3766e-7107-4371-99e9-0cfd805b83bb,איצק ראוויטש,,,,,,0,,,0,manual,name,[]
3517af49-6f30-4664-9c1f-cdefb44d37ab,"אלחנן ברי""ל",,,,,,0,,,0,manual,name,[]
36e72c47-c155-4593-b1fa-1336dde71c6e,אלי',,,Q5360310,Eli Schwartz,Arzt,13,search_rank_3|p31_human|name_partial|has_sitelinks,Q34726,12,manual,name,"[{""qid"": ""Q5360310"", ""label"": ""Eli Schwartz"", ""desc"": ""Arzt"", ""score"": 13}, {""qid"": ""Q34726"", ""label"": ""Greek mythology"", ""desc"": ""myths of ancient Greece"", ""score"": 12}, {""qid"": ""Q632240"", ""label"": ""Eli Lilly and Company"", ""desc"": ""American pharmaceutical company"", ""score"": 10}, {""qid"": ""Q31164"", ""label"": ""Ellie Goulding"", ""desc"": ""British singer (born 1986)"", ""score"": 9}, {""qid"": ""Q244803"", ""label"": ""Ally McBeal"", ""desc"": ""American legal comedy-drama television series"", ""score"": 8}, {""qid"": ""Q104067"", ""label"": ""Eli Wallach"", ""desc"": ""American actor (1915–2014)"", ""score"": 7}]"
def9596b-fc6d-47d5-91b0-1b708d2abc9f,אלי' אורשל,,,,,,0,,,0,manual,name,[]
cd01c415-181a-4ab0-97aa-f78de58946c8,"אלי' במהר""ר מן",,,,,,0,,,0,manual,name,[]
18b62567-b254-4663-9310-84536a7062f1,"אלי' בן יוסף ז""ל אב""ד דק""ק קעמפנא",,,,,,0,,,0,manual,name,[]
c04bf84d-4859-4471-910b-61dac871f2e3,"אלי' ב""ר דניאל יפה",,,,,,0,,,0,manual,name,[]
5914a12c-1cbd-427c-aeb7-f05140f34095,"אלי' ברי""ץ פרידבערג",,,,,,0,,,0,manual,name,[]
56ff30d3-c755-446c-8191-bbb24c0e5a7b,"אליהו בן רפאל שלמה, הלוי",,,,,,0,,,0,manual,name,[]
21f28959-e084-4357-a747-53c9a597d33d,"אליהו בר""מ",,,,,,0,,,0,manual,name,[]
f98122a8-a9ba-4295-b25b-36044dedca24,"אלי' העכים (העכים, אליהו)",,,,,,0,,,0,manual,name,[]
4c0fee05-79a4-4694-9354-aee5d0ff4876,אלי' ווערטהיים,,,,,,0,,,0,manual,name,[]
6bb928f6-c750-4678-b202-e4147c158988,אלי' חיות,,,,,,0,,,0,manual,name,[]
ffb76c4f-3c25-4015-b4fa-d219ab7b72ad,אלי' טארנער,,,,,,0,,,0,manual,name,[]
1e41a2f0-b588-4452-ac93-34729b5868db,אלי' טורלוך,,,,,,0,,,0,manual,name,[]
7727b76d-4108-4adc-8dda-531f1ea5de0a,אלי' לוי,,,,,,0,,,0,manual,name,[]
8291bbf8-e0fb-48b1-b6e8-1cbf580038ac,אלי לעוורדן,,,,,,0,,,0,manual,name,[]
813b3d65-2e3a-4383-b605-f10d9eceaa4d,"אלי' מ""ב בפ""פ דאדר",,,,,,0,,,0,manual,name,[]
49768a8f-8e57-495d-a69c-a754f3c318c1,אלי' מפוזנא,,,,,,0,,,0,manual,name,[]
35962fb8-4cc6-4e07-b03c-7105662f5d1a,אלי' מפוזנא (הצעיר),,,,,,0,,,0,manual,name,[]
f18eb9a9-41cd-4370-bca3-6c9116fa4739,"אליעזר בהרב ה""ג מה""ר""א",,,,,,0,,,0,manual,name,[]
a7e99d4c-9d81-4d09-a0f3-c05c0ade182d,אליעזר בן שמואל זנוויל ברוק,,,,,,0,,,0,manual,name,[]
e86f7962-c53a-497d-ba92-6186f293e639,אליעזר פלעקלס,,,,,,0,,,0,manual,name,[]
5a2569e1-fd8a-41f3-9e86-1b22b97ee743,"אלי פ""ל",,,,,,0,,,0,manual,name,[]
e2251897-07d6-4e5e-9436-309415a0930b,א' ליפפמאן,,,,,,0,,,0,manual,name,[]
62469f1e-97b1-4200-8010-a69767bc6f16,אלי' רויזכין,,,,,,0,,,0,manual,name,[]
1a620f0b-c98a-47a3-b51c-38e18dd4efb5,אלכסנדר,,,Q923,Alexander,male given name,17,search_rank_0|name_exact|has_sitelinks,Q17501806,15,manual,name,"[{""qid"": ""Q923"", ""label"": ""Alexander"", ""desc"": ""male given name"", ""score"": 17}, {""qid"": ""Q17501806"", ""label"": ""Aleksandr"", ""desc"": ""male given name (Александр)"", ""score"": 15}, {""qid"": ""Q16002466"", ""label"": ""Alexandre"", ""desc"": ""male given name"", ""score"": 13}, {""qid"": ""Q17520844"", ""label"": ""Aleksander"", ""desc"": ""male given name"", ""score"": 11}, {""qid"": ""Q1511218"", ""label"": ""אלכסנדר"", ""desc"": ""שם משפחה (Alexander)"", ""score"": 9}]"
2847aaa9-5848-4a72-94c0-6b78ea8ffa56,אלכסנדר זיסל הלוי,,,,,,0,,,0,manual,name,[]
59591c8a-4787-4523-9a15-dd9cf8d43df1,אלכסנדר סענדר מרגלית,,,,,,0,,,0,manual,name,[]
0d956571-168c-4a64-ba84-8953200a5426,אלעזר בער פורכהיים,,,,,,0,,,0,manual,name,[]
1e65772e-e96a-4c1d-96ca-2c809f0e0f9d,אלקנה מאיר בן מהו' בצלאל,,,,,,0,,,0,manual,name,[]
8aabb812-a910-4b75-8ec0-2987ce6e1cfe,אמסאן היימאן,,,,,,0,,,0,manual,name,[]
12e52861-e930-4e84-ac9c-1f145c933965,"אמרספורט, בנימין",,,,,,0,,,0,manual,name,[]
4f6f3a18-710d-43cd-8066-c2678ac0d8a9,אנונימי,,,Q4233718,anonymous,"unknown creator of a work (do not use as value of P50; use ""unknown value"" instead)",17,search_rank_0|name_exact|has_sitelinks,Q308859,15,manual,name,"[{""qid"": ""Q4233718"", ""label"": ""anonymous"", ""desc"": ""unknown creator of a work (do not use as value of P50; use \""unknown value\"" instead)"", ""score"": 17}, {""qid"": ""Q308859"", ""label"": ""anonymity"", ""desc"": ""quality of a person who is non-identifiable, unreachable, or untrackable"", ""score"": 15}, {""qid"": ""Q567620"", ""label"": ""anonymous work"", ""desc"": ""creation of an unknown or deliberately unnamed person"", ""score"": 10}, {""qid"": ""Q17006654"", ""label"": ""data anonymization"", ""desc"": ""use of information sanitization to redact identifiable information"", ""score"": 8}, {""qid"": ""Q22906387"", ""label"": ""Anonymous;Code"", ""desc"": ""2022 visual novel video game developed by Mages and Chiyomaru Studio"", ""score"": 6}]"
441135f3-b2b4-4d58-b5b6-6abc24da1e7d,אנריאיטה בת דניאל יפה,,,,,,0,,,0,manual,name,[]
f84cc45a-89dc-49cb-8780-c08aec94eb4c,"אנשיל ב""ר יוסף ליב נייאבורג",,,,,,0,,,0,manual,name,[]
ca615bb7-a9c0-4d06-98bf-47f2095e0545,אנשיל גונציהויזען,,,,,,0,,,0,manual,name,[]
d1fe493e-7ef3-4204-bc0f-49bbf234a0ed,אנשיל עשווא,,,,,,0,,,0,manual,name,[]
35fd00af-bf21-4ab6-8023-b5218fbec85f,אנשל לוי,,,,,,0,,,0,manual,name,[]
9acd306d-ed4b-4bdc-88d1-b3e6aa4313ac,אסף בן ברכיהו,,,Q4806937,אסף בן ברכיהו,figure in Islamic tradition who brought Queen of Sheba's throne to Solomon,20,search_rank_1|p31_human|name_exact|has_sitelinks,Q43280403,17,manual,name,"[{""qid"": ""Q4806937"", ""label"": ""אסף בן ברכיהו"", ""desc"": ""figure in Islamic tradition who brought Queen of Sheba's throne to Solomon"", ""score"": 20}, {""qid"": ""Q43280403"", ""label"": ""Asaph, son of Berachiah"", ""desc"": ""person in the Bible; commissioned by King David to worship God in song and music (1 Chron 15:17; 2 Chron 20:14)"", ""score"": 17}]"
96004703-14fc-48a2-af46-12afdf0a99b0,"אעבל פ""ד",,,,,,0,,,0,manual,name,[]
58090451-2fd1-44ff-b021-3f1fbeda7a96,"אפרים ברי""ל",,,,,,0,,,0,manual,name,[]
946d4406-ae9b-43a6-b5f5-0cec1b68f42e,"אפרים בר""פ",,,,,,0,,,0,manual,name,[]
bf2fddd2-a8aa-4913-89c6-249761b0c9e9,אפרים מדעסא,,,,,,0,,,0,manual,name,[]
c1921c21-f1ad-4fba-9e34-9d97028acae3,אפרים פישל,,,Q686829,Fiszel Rottenstreich,Polish journalist (1880–1938),19,search_rank_0|p31_human|name_partial|has_sitelinks,Q2895520,17,manual,name,"[{""qid"": ""Q686829"", ""label"": ""Fiszel Rottenstreich"", ""desc"": ""Polish journalist (1880–1938)"", ""score"": 19}, {""qid"": ""Q2895520"", ""label"": ""Fishel Hershkowitz"", ""desc"": ""American rabbi (1922-2017)"", ""score"": 17}, {""qid"": ""Q16133182"", ""label"": ""אפרים פישל רבינוביץ"", ""desc"": """", ""score"": 15}, {""qid"": ""Q108598357"", ""label"": ""Efraim Fischel Bloch"", ""desc"": """", ""score"": 13}, {""qid"": ""Q3073025"", ""label"": ""Fishel Salomon"", ""desc"": """", ""score"": 11}]"
4669a1b2-66d4-40b4-ae0a-1d7f14312f31,אראן פאלאק,,,,,,0,,,0,manual,name,[]
9a539251-2c2c-4131-afe1-7fa262a004ab,אראן פריעדלענדער,,,,,,0,,,0,manual,name,[]
0757914d-a937-4287-bb70-8916bd79ba87,ארהן בער קוטן פלון,,,,,,0,,,0,manual,name,[]
2a01211e-e5ad-473f-a276-b10bc3116045,אריה ליב,,,Q131400098,Aryeh-Leib,Jewish given name,17,search_rank_0|name_exact|has_sitelinks,Q4249389,17,manual,name,"[{""qid"": ""Q131400098"", ""label"": ""Aryeh-Leib"", ""desc"": ""Jewish given name"", ""score"": 17}, {""qid"": ""Q4249389"", ""label"": ""Leib Yaffe"", ""desc"": ""Russian Jewish newspaper editor (1876–1948)"", ""score"": 17}, {""qid"": ""Q4802673"", ""label"": ""Aryeh Judah Leib ben Moses Teomim"", ""desc"": ""Polish rabbi"", ""score"": 15}, {""qid"": ""Q2909674"", ""label"": ""אריה לייב גינצבורג"", ""desc"": ""רב אירופאי, ה\""שאגת אריה\""."", ""score"": 13}, {""qid"": ""Q12404248"", ""label"": ""Lev Levanda"", ""desc"": ""Russian author (1835-1888)"", ""score"": 11}, {""qid"": ""Q2907499"", ""label"": ""Aryeh Leib HaCohen Heller"", ""desc"": ""Ukrainian rabbi"", ""score"": 9}]"
48cfa72d-3c62-469e-b057-70abd04fb23c,אריה ליב,,,Q131400098,Aryeh-Leib,Jewish given name,17,search_rank_0|name_exact|has_sitelinks,Q4249389,17,manual,name,"[{""qid"": ""Q131400098"", ""label"": ""Aryeh-Leib"", ""desc"": ""Jewish given name"", ""score"": 17}, {""qid"": ""Q4249389"", ""label"": ""Leib Yaffe"", ""desc"": ""Russian Jewish newspaper editor (1876–1948)"", ""score"": 17}, {""qid"": ""Q4802673"", ""label"": ""Aryeh Judah Leib ben Moses Teomim"", ""desc"": ""Polish rabbi"", ""score"": 15}, {""qid"": ""Q2909674"", ""label"": ""אריה לייב גינצבורג"", ""desc"": ""רב אירופאי, ה\""שאגת אריה\""."", ""score"": 13}, {""qid"": ""Q12404248"", ""label"": ""Lev Levanda"", ""desc"": ""Russian author (1835-1888)"", ""score"": 11}, {""qid"": ""Q2907499"", ""label"": ""Aryeh Leib HaCohen Heller"", ""desc"": ""Ukrainian rabbi"", ""score"": 9}]"
db24a1fd-1f30-410c-8b8e-8cc3033c7291,אריה ליב,,,Q131400098,Aryeh-Leib,Jewish given name,17,search_rank_0|name_exact|has_sitelinks,Q4249389,17,manual,name,"[{""qid"": ""Q131400098"", ""label"": ""Aryeh-Leib"", ""desc"": ""Jewish given name"", ""score"": 17}, {""qid"": ""Q4249389"", ""label"": ""Leib Yaffe"", ""desc"": ""Russian Jewish newspaper editor (1876–1948)"", ""score"": 17}, {""qid"": ""Q4802673"", ""label"": ""Aryeh Judah Leib ben Moses Teomim"", ""desc"": ""Polish rabbi"", ""score"": 15}, {""qid"": ""Q2909674"", ""label"": ""אריה לייב גינצבורג"", ""desc"": ""רב אירופאי, ה\""שאגת אריה\""."", ""score"": 13}, {""qid"": ""Q12404248"", ""label"": ""Lev Levanda"", ""desc"": ""Russian author (1835-1888)"", ""score"": 11}, {""qid"": ""Q2907499"", ""label"": ""Aryeh Leib HaCohen Heller"", ""desc"": ""Ukrainian rabbi"", ""score"": 9}]"
e0579dbd-7645-4587-8e82-50ec0a49b2bc,אריה ליבש,,,,,,0,,,0,manual,name,[]
afe5d5dc-2e78-48c9-bf00-00b7fc06c630,ארי' ליב,,,,,,0,,,0,manual,name,[]
5a985999-4765-445e-b7c0-21e1c5af9882,ארי' ליב,,,,,,0,,,0,manual,name,[]
6707783a-e2cf-40cb-8b02-406e542b861f,ארי' ליב ברעסלא,,,,,,0,,,0,manual,name,[]
90f0dab5-ce78-478e-b242-3751b8dca3be,ארנאלד געץ,,,,,,0,,,0,manual,name,[]
4bbcb64d-39e7-433d-8b03-ef131ee2d3a3,ארנאלד ענגעל,,,,,,0,,,0,manual,name,[]
66656b0e-a3b4-4406-913c-0e015897bb00,"ארענסוואלד, ראובן",,,,,,0,,,0,manual,name,[]
0b6cb9eb-e18a-41ae-8cbc-eeb1c5520e92,"ארענשטיין, נתן",,,,,,0,,,0,manual,name,[]
de421761-010a-4b03-a3ab-11f2b7324d74,אשור,,,Q41137,Assyrian Empire,major Mesopotamian East Semitic kingdom,17,search_rank_0|name_exact|has_sitelinks,Q25403,15,manual,name,"[{""qid"": ""Q41137"", ""label"": ""Assyrian Empire"", ""desc"": ""major Mesopotamian East Semitic kingdom"", ""score"": 17}, {""qid"": ""Q25403"", ""label"": ""Fagus"", ""desc"": ""genus of plants"", ""score"": 15}, {""qid"": ""Q998316"", ""label"": ""Buchenholz"", ""desc"": ""Holzart"", ""score"": 13}, {""qid"": ""Q200200"", ""label"": ""אשור"", ""desc"": ""עיר עתיקה בארץ אשור"", ""score"": 11}, {""qid"": ""Q40169"", ""label"": ""Assyria"", ""desc"": ""Roman province (116–118 AD)"", ""score"": 9}, {""qid"": ""Q2426606"", ""label"": ""Assur"", ""desc"": ""Person aus der Bibel"", ""score"": 7}]"
30958e96-95fa-41a7-96b9-5252814611e2,אשר אנשיל שאטלענדר,,,,,,0,,,0,manual,name,[]
fcf1617a-75c6-4823-bc52-9e8dbf785eab,"אשר בר""א אמבפארט",,,,,,0,,,0,manual,name,[]
f6e515dd-82d1-4df3-8493-ef52b7203864,אשר שעניפליס,,,,,,0,,,0,manual,name,[]
2866bf3b-4910-4a17-b903-e94e5c98bbf6,"באהן, אהרון",,,,,,0,,,0,manual,name,[]
1ce99b80-87cd-46dc-a2cd-28fdb9265e3e,"באהן, אהרן",,,,,,0,,,0,manual,name,[]
af34851e-2873-4926-a476-3df85a99f17d,"באמבארג, משה",,,,,,0,,,0,manual,name,[]
41a09706-b7f4-4862-9d36-27d82e94ac70,בארוך ראטה,,,,,,0,,,0,manual,name,[]
1eebd666-ca6a-4a2f-8319-7ec3051c7fa9,בובס פליט,,,,,,0,,,0,manual,name,[]
1d7b0810-2f28-48d0-9025-f271e06b56cb,"בונם ברא""ד",,,,,,0,,,0,manual,name,[]
b771ba4c-397f-402f-9273-786654f369ff,"בונם בר""ד פ""ל",,,,,,0,,,0,manual,name,[]
f47d54aa-34f1-4a08-9897-df7e7c5577d4,"בונם בר""ד פ""ל",,,,,,0,,,0,manual,name,[]
43d939fc-9ab0-4ea3-9a90-11779d5b201b,בונם קוילא,,,,,,0,,,0,manual,name,[]
71c3e2db-deea-415f-bae0-c2907427b38f,"בוקי, אליהו",,,,,,0,,,0,manual,name,[]
24169297-15f9-4f07-9af3-08760f3f3040,"בוקי, אליהו",,,,,,0,,,0,manual,name,[]
5b6cbc63-f416-4fb7-9a80-e086d5820a77,"בוקי, אליהו",,,,,,0,,,0,manual,name,[]
15c21cd7-740d-4b6e-a123-50af7f3abcf7,"בי, ישראל",,,Q128746,Irving Berlin,American composer and lyricist (1888–1989),13,search_rank_2|p31_human|has_sitelinks,Q126113471,12,manual,name,"[{""qid"": ""Q128746"", ""label"": ""Irving Berlin"", ""desc"": ""American composer and lyricist (1888–1989)"", ""score"": 13}, {""qid"": ""Q126113471"", ""label"": ""ישראל בידור - שרים למדינה"", ""desc"": """", ""score"": 12}, {""qid"": ""Q105811646"", ""label"": ""ישראל בידרמן"", ""desc"": ""שחקן ישראלי"", ""score"": 11}, {""qid"": ""Q514442"", ""label"": ""ישראל ביתנו"", ""desc"": ""מפלגת ימין ישראלית"", ""score"": 10}, {""qid"": ""Q85993757"", ""label"": ""ישראל בידור וחשפנות"", ""desc"": ""אתר בידור לא חוקי"", ""score"": 4}]"
7a090f9f-1165-435a-8e5d-d7b44a8a2d1e,בילפעלד,,,,,,0,,,0,manual,name,[]
cdbd0fce-ed07-4051-a5b0-c4e0a01639c3,"בינגר, חיים",,,,,,0,,,0,manual,name,[]
571794c9-cc9f-4a73-b4c5-a1c1291260b7,"בישיץ, ליזר",,,,,,0,,,0,manual,name,[]
8c112b06-d1cc-43c8-b038-f23127f6acd4,בלומאן,,,,,,0,,,0,manual,name,[]
9657231b-f6f1-4edb-8b7e-76553151f585,בלימכה פרידלענדר,,,,,,0,,,0,manual,name,[]
dfbc6a6b-b1a9-4139-9675-e23d1566aa60,בנימין איש רומי,,,,,,0,,,0,manual,name,[]
b828e530-a293-4394-aed5-f6dc6c13864c,בנימין בארמאפאר,,,,,,0,,,0,manual,name,[]
cecf5845-9af5-4ed9-8991-52ddb2161e00,בנימין בערנשטיין,,,,,,0,,,0,manual,name,[]
b7653e32-f046-45cf-859b-b87b7e8b0ccd,"בנימין בר""פ",,,,,,0,,,0,manual,name,[]
bccbb72d-0edb-4473-8036-6d6f57d9aea1,"בנימין בר""פ",,,,,,0,,,0,manual,name,[]
4b7a4d31-cb79-42e3-8b48-0984e847d279,"בנימין בר""פ",,,,,,0,,,0,manual,name,[]
294cae73-1518-4d08-8db0-1d05c5e1cf5a,בנימין האלברשטאט,,,,,,0,,,0,manual,name,[]
409e8c04-b20f-497b-8b2d-84271eded1f4,"בנימין כ""ץ",,,,,,0,,,0,manual,name,[]
a64cdf2d-bc59-457d-80cf-28fbe462caa6,בנימין משה מעלי,,,,,,0,,,0,manual,name,[]
d390fbee-e3b2-4335-b24e-b683b64dbb70,בנימין פולדא בשוועד,,,,,,0,,,0,manual,name,[]
a8821215-c431-47fd-b741-d1419a251591,"בנימן ה""ש",,,,,,0,,,0,manual,name,[]
f24941ad-c3b1-44b4-9258-4f185d515706,בעללערמאן,,,,,,0,,,0,manual,name,[]
cb713856-a319-4db7-85d0-cd5f6aa14264,בענדיט וועזל,,,,,,0,,,0,manual,name,[]
9e77a15c-a67d-4ece-9335-6e8b55a167d7,בענדיט יורש,,,,,,0,,,0,manual,name,[]
2152261f-08c0-4c9f-b850-42f3d919ea0c,בעניאמין גרינבוים,,,,,,0,,,0,manual,name,[]
7592da9f-975b-4165-9035-1aee6d15d353,בענעדיקט גאמפערץ,,,,,,0,,,0,manual,name,[]
6eabfb6f-450a-4b55-9b6d-9d2026cd313a,בעער הערצעל,,,,,,0,,,0,manual,name,[]
11a326bb-c461-41fa-a6f4-1e277b60bd81,בער אורשל,,,,,,0,,,0,manual,name,[]
68e5efd6-eb01-41a3-86a3-7f284db933df,בער אפפענהיים,,,,,,0,,,0,manual,name,[]
bbd7c60f-8f72-4904-89cd-58e42bfb5fd3,"בער בן פ""ומ ר""מ גוסדארף",,,,,,0,,,0,manual,name,[]
d54b0c22-b17a-44fd-80a0-5177d7a70288,בער האן,,,,,,0,,,0,manual,name,[]
a7baee9b-45c4-4c17-b1eb-cd673b3232df,בער האפנהיים,,,,,,0,,,0,manual,name,[]
27e77b72-9471-4301-9721-e88bf9e8d277,בער ווירצבורג,,,,,,0,,,0,manual,name,[]
d5fd4cbb-ea09-496b-8056-281346c9ec19,"בער, יודא בר""ה",,,,,,0,,,0,manual,name,[]
8c826069-243a-40ee-9155-aba8d7ba45a4,"בעריש במוהר""ר משה",,,,,,0,,,0,manual,name,[]
f981a607-4f31-4955-8b5f-99143cfb7a21,בעריש גינסבערג,,,,,,0,,,0,manual,name,[]
0742c85e-fa2b-4525-b5fe-b4efbaa72d0f,בער לעמליין,,,,,,0,,,0,manual,name,[]
2be975e3-d06a-4184-8127-fb846364d996,"בערמן ב""ר זעליגמן מק""ב",,,,,,0,,,0,manual,name,[]
d8e6d8b0-9d54-4f21-94f5-510cade4ef54,"בערמן פ""ל בק""ב",,,,,,0,,,0,manual,name,[]
65f0f60b-2f1b-43c8-962c-5393542ff647,בער משפליס,,,,,,0,,,0,manual,name,[]
9badf436-7aa7-4d03-898f-8fe70086256e,בערנארד עדלער פאן עשקלעס,,,,,,0,,,0,manual,name,[]
cdecca2c-102b-4f62-8949-594f80e20ce4,"בערנהארד, מאיר",,,,,,0,,,0,manual,name,[]
6b2743cd-2df3-4c6f-b4d9-40aaca8b97f6,בערענד פרענקל,,,,,,0,,,0,manual,name,[]
c9a6e741-3383-4ccc-8b85-6384828af8d5,"בערענס בר""יל שווייצר",,,,,,0,,,0,manual,name,[]
58f472bc-bdb9-4037-b16c-6a42729058e4,בער פליס,,,,,,0,,,0,manual,name,[]
e4608d7c-efe8-4d0e-b5da-725b651b72a3,בער שלענקער,,,,,,0,,,0,manual,name,[]
f1d07e2e-6f7b-4154-b018-80276197af18,בצאל' ברנדס (דיין),,,,,,0,,,0,manual,name,[]
96a7e293-df50-4f37-a2be-4b4dc458530c,"בצלאל ב""ר זלמן",,,,,,0,,,0,manual,name,[]
0c819c1f-64c3-478e-b4d9-07cc9288d139,"בראדינבורג, זנוויל",,,,,,0,,,0,manual,name,[]
04db2e8e-927b-41d5-b3ac-117f99a7c4df,ברוך בן בהרר מאיר,,,,,,0,,,0,manual,name,[]
d66c0370-6346-4837-adbf-59616f80b2cc,ברוך בערלסהיימער,,,,,,0,,,0,manual,name,[]
cfcd0dc5-a5f2-47b0-b453-dfff9624be61,ברוך בר שמואל,,,,,,0,,,0,manual,name,[]
16505948-92f8-4f10-b655-75809b5a77b5,"ברוך ב""ר שמחה צעל",,,,,,0,,,0,manual,name,[]
695f2f8e-fac4-419a-a417-f9b9e343cff4,ברוך גינסבערג,,,,,,0,,,0,manual,name,[]
0f0813d9-e24d-4b38-a76d-bcff7509008d,ברוך יונה ייסלש (רופא),,,,,,0,,,0,manual,name,[]
07d90526-edfa-4869-bad6-d3a656215895,"ברוך מק""ב",,,,,,0,,,0,manual,name,[]
b04c2c0e-e05e-4805-972a-cb034065fd0a,ברוך משלאחוב,,,,,,0,,,0,manual,name,[]
2f2eb90b-0c73-4903-8602-e90fb6972814,ברוך עשווא,,,,,,0,,,0,manual,name,[]
fe26d007-f03d-4b82-8a76-ff3e893c540a,ברוך פרענקל (בחורי חמד),,,,,,0,,,0,manual,name,[]
feb72cd6-244a-47bf-aefc-c373e5134f74,ברוך קעסלין,,,,,,0,,,0,manual,name,[]
da2bb3c9-a8f9-45e3-a526-12962837d330,"ברונשוויג, לאזי בן פו''מ ליב",,,,,,0,,,0,manual,name,[]
889b8df2-fe38-49a9-a9d9-774929646a33,"ברונשוויג, ליב",,,,,,0,,,0,manual,name,[]
aefde3f8-ccca-4fb6-acc5-b3f62424fccd,"ברונשוויג, מאנש",,,,,,0,,,0,manual,name,[]
4b3d850e-4e0e-4c7c-831e-277d5b29a449,ברידער פייט,,,,,,0,,,0,manual,name,[]
71950102-90a3-48ba-b7be-f470bbc01177,"בריחמי, משה",,,,,,0,,,0,manual,name,[]
71376961-2c28-437d-a2a1-be4030b1a5d5,בריינערסדארף,,,,,,0,,,0,manual,name,[]
569e5056-54f7-47e8-9e7d-bb51b21f6e8c,"ברי""ל, אלחנן",,,,,,0,,,0,manual,name,[]
ecf6f936-ea83-4192-a5ed-48caa1073a48,"ברימטי, משה",,,,,,0,,,0,manual,name,[]
102f4d06-2a02-4277-bde7-c52fee0e65b7,"ברלין, אנשיל",,,,,,0,,,0,manual,name,[]
95e7e8de-c184-42b3-bb8a-4ff98909ec70,"ברסלא (בנו של ""הצדיק המנוח הגאון בענדיט""), ראובן בן שמואל",,,,,,0,,,0,manual,name,[]
a854adab-3ac5-475f-a35f-ac1092668456,"ברסלאו, מנדל",,,,,,0,,,0,manual,name,[]
6feded77-3cb1-43bd-b2a2-8ef1b0006ebc,"ברעסלויא, ראובן בר""ש",,,,,,0,,,0,manual,name,[]
abd986d8-d7c3-4562-a1c1-ba3b74211cb5,"בשוויץ, ברוך",,,,,,0,,,0,manual,name,[]
a60d4257-8d76-4dba-9cdd-117c51311851,"גאנו, אברהם",,,,,,0,,,0,manual,name,[]
c827605d-5fd3-40a7-910f-5f7bb5c794c6,גבריאל בן נטע אוטיץ,,,,,,0,,,0,manual,name,[]
0bcfb7c3-cacb-48a6-b1f9-4475add4d97c,גבריאל בעללאק,,,,,,0,,,0,manual,name,[]
5310a62f-63d6-4626-82b7-263fbf0534c5,גבריאל געזור,,,,,,0,,,0,manual,name,[]
26c8ca69-3b84-4535-9fc0-68b6705ad99d,"גבריאל דריזן בל""ב",,,,,,0,,,0,manual,name,[]
a6c24189-d6a6-4c49-a01f-138c3421855d,גבריאל נאטהאן וועהלע,,,,,,0,,,0,manual,name,[]
e6b38f2e-58a3-4e4e-be0d-5b2ec53852b0,גבריאל פרענקל פרימוס,,,,,,0,,,0,manual,name,[]
1bab10b7-d519-4627-afb8-9fac45ab274f,גדליה מאברזיטצקא,,,,,,0,,,0,manual,name,[]
20e4c0ff-e054-4c90-bb93-c4c0e73c33b7,גדלי' זיסקינד,,,,,,0,,,0,manual,name,[]
611cbfc2-8a72-41b6-be3f-2fd82b3025e5,גומפל פאצדאם,,,,,,0,,,0,manual,name,[]
45c9e4e2-d98e-4a3a-b187-63299567dd28,"גומפריך עטטנהיים, פ""ומ",,,,,,0,,,0,manual,name,[]
c42b7b2b-47f1-4683-9638-b56903032b61,גוסטאף השלישי,,,,,,0,,,0,manual,name,[]
c2f15eca-315d-4ad6-b8a1-c934b703b4bd,"גס, משה ב""ר בערמן",,,,,,0,,,0,manual,name,[]
398218cc-6cb8-4831-aee4-380e3a60663a,"געבר, אייזק",,,,,,0,,,0,manual,name,[]
433fcce8-c04e-4d2b-9638-ee5fe3d9434a,"געבר, דניאל",,,,,,0,,,0,manual,name,[]
46238bf4-d9ad-460b-8802-ea45687e5fc8,"געבר, הירש",,,,,,0,,,0,manual,name,[]
d809f6d1-ea46-43f5-9a17-d6849508f6b7,געץ אמשטרדאם,,,,,,0,,,0,manual,name,[]
7897c60a-62b6-4863-9d56-dd9317feae0f,געץ ג' אופפעהיים,,,,,,0,,,0,manual,name,[]
134b952c-9a0f-4c48-9373-5d5c597ad69a,געץ לעווי,,,,,,0,,,0,manual,name,[]
da08f25f-11b0-45a6-80d7-197bdc74307b,גערסאן גאלדבערגער,,,,,,0,,,0,manual,name,[]
2f3b93d3-1213-44a8-87c2-52ed34208945,גראף וויקטאר פאוולאוויטש קאטשוביי',,,,,,0,,,0,manual,name,[]
83ddb27d-9f48-4ade-8b97-2d66a3b41a6f,"גרונדשטין, יעקב לוי",,,,,,0,,,0,manual,name,[]
22b1308c-325e-493f-9c63-9cb912d76685,גרשון ברוינשווייג,,,,,,0,,,0,manual,name,[]
5d6637ce-b710-4be7-9f66-b27c39f45a91,"גרשון חפ""קק פרנקפורט דאדר",,,,,,0,,,0,manual,name,[]
bc07ff86-ff64-4d2b-bab1-f6689a3dee5f,גרשון ניימאן,,,,,,0,,,0,manual,name,[]
a7f9a407-572b-4e05-b2c7-9b0584613cad,דאוויד איזאק ארנשטיינער,,,,,,0,,,0,manual,name,[]
c1cf15c6-9134-49c2-b677-98e7ea9a455a,דאוויד האאז,,,,,,0,,,0,manual,name,[]
0b11c670-c6fe-43e5-a350-32f8c00a0e80,דאוויד ווארטפעלד,,,,,,0,,,0,manual,name,[]
a12149bd-a3e8-4306-99df-d15c49205068,דאוויד רעכטניטץ,,,,,,0,,,0,manual,name,[]
31788086-42be-4689-b9b6-2891db8d4df6,דאקטאר שענעמאן,,,,,,0,,,0,manual,name,[]
d23b8d9b-efd7-4fc3-8177-459aebc9da50,דובער בן אביגדור גצבורג/גינצבורג,,,,,,0,,,0,manual,name,[]
89d5b8a9-e9d5-4fae-94a0-968a04ab1a67,דוד,,,Q41370,דוד,"מלך ישראל בתקופת התנ""ך",16,search_rank_3|p31_human|name_exact|has_sitelinks,Q39135684,15,manual,name,"[{""qid"": ""Q41370"", ""label"": ""דוד"", ""desc"": ""מלך ישראל בתקופת התנ\""ך"", ""score"": 16}, {""qid"": ""Q39135684"", ""label"": ""Dovid"", ""desc"": ""male given name (דוד)"", ""score"": 15}, {""qid"": ""Q18057751"", ""label"": ""David"", ""desc"": ""männlicher Vorname"", ""score"": 15}, {""qid"": ""Q76557"", ""label"": ""דוד"", ""desc"": ""במשפחה, אח של אבא או אמא"", ""score"": 13}, {""qid"": ""Q179900"", ""label"": ""דוד"", ""desc"": ""פסל של מיכלאנג'לו"", ""score"": 9}, {""qid"": ""Q37610"", ""label"": ""David Ben-Gurion"", ""desc"": ""israelischer Politiker"", ""score"": 9}, {""qid"": ""Q4926663"", ""label"": ""דוד"", ""desc"": ""שם פרטי (Dávid)"", ""score"": 7}, {""qid"": ""Q279009"", ""label"": ""דוד"", ""desc"": ""עיר בפנמה"", ""score"": 7}]"
2de627c6-204e-4f89-b4f0-9150bb3b275c,דוד,,,Q41370,דוד,"מלך ישראל בתקופת התנ""ך",16,search_rank_3|p31_human|name_exact|has_sitelinks,Q39135684,15,manual,name,"[{""qid"": ""Q41370"", ""label"": ""דוד"", ""desc"": ""מלך ישראל בתקופת התנ\""ך"", ""score"": 16}, {""qid"": ""Q39135684"", ""label"": ""Dovid"", ""desc"": ""male given name (דוד)"", ""score"": 15}, {""qid"": ""Q18057751"", ""label"": ""David"", ""desc"": ""männlicher Vorname"", ""score"": 15}, {""qid"": ""Q76557"", ""label"": ""דוד"", ""desc"": ""במשפחה, אח של אבא או אמא"", ""score"": 13}, {""qid"": ""Q179900"", ""label"": ""דוד"", ""desc"": ""פסל של מיכלאנג'לו"", ""score"": 9}, {""qid"": ""Q37610"", ""label"": ""David Ben-Gurion"", ""desc"": ""israelischer Politiker"", ""score"": 9}, {""qid"": ""Q4926663"", ""label"": ""דוד"", ""desc"": ""שם פרטי (Dávid)"", ""score"": 7}, {""qid"": ""Q279009"", ""label"": ""דוד"", ""desc"": ""עיר בפנמה"", ""score"": 7}]"
d9e464b6-f18c-4e2f-bd96-2f1da5d12ed0,דוד,,,Q41370,דוד,"מלך ישראל בתקופת התנ""ך",16,search_rank_3|p31_human|name_exact|has_sitelinks,Q39135684,15,manual,name,"[{""qid"": ""Q41370"", ""label"": ""דוד"", ""desc"": ""מלך ישראל בתקופת התנ\""ך"", ""score"": 16}, {""qid"": ""Q39135684"", ""label"": ""Dovid"", ""desc"": ""male given name (דוד)"", ""score"": 15}, {""qid"": ""Q18057751"", ""label"": ""David"", ""desc"": ""männlicher Vorname"", ""score"": 15}, {""qid"": ""Q76557"", ""label"": ""דוד"", ""desc"": ""במשפחה, אח של אבא או אמא"", ""score"": 13}, {""qid"": ""Q179900"", ""label"": ""דוד"", ""desc"": ""פסל של מיכלאנג'לו"", ""score"": 9}, {""qid"": ""Q37610"", ""label"": ""David Ben-Gurion"", ""desc"": ""israelischer Politiker"", ""score"": 9}, {""qid"": ""Q4926663"", ""label"": ""דוד"", ""desc"": ""שם פרטי (Dávid)"", ""score"": 7}, {""qid"": ""Q279009"", ""label"": ""דוד"", ""desc"": ""עיר בפנמה"", ""score"": 7}]"
4a70a69c-86df-4caa-982e-5f8e30361bc1,דוד אופנהייימר,,,,,,0,,,0,manual,name,[]
a7873c93-ac10-4c6c-8822-47438f6798d9,"דוד ב""ה פייבש שלאס פ""פ",,,,,,0,,,0,manual,name,[]
694eb1aa-1780-423d-a51f-958b4c06d995,דוד בן בענדיט ווינג,,,,,,0,,,0,manual,name,[]
dc6b7f47-9ea7-46a5-a6f6-c02f4e7a3760,דוד בן נפתלי הירש,,,,,,0,,,0,manual,name,[]
e5e295eb-a1ea-4c27-86e8-b9734284f4a7,דוד בן רפאל מילדולה,,,,,,0,,,0,manual,name,[]
cdf59803-0d09-47d0-83df-339de82b03ea,"דוד בר""א בר""פ",,,,,,0,,,0,manual,name,[]
3f1f6edd-d14c-4fc4-b03f-9c340599494f,"דוד ב""ר הלל פ""ש",,,,,,0,,,0,manual,name,[]
56a65090-4315-4d9f-933d-3fe25be97664,"דוד בר הלל פ""ש",,,,,,0,,,0,manual,name,[]
311e98e3-eff4-4c63-a654-78a1def18766,"דוד בר""ל גאלדשטיקר",,,,,,0,,,0,manual,name,[]
d5ae43a3-ac12-4d1f-a9ed-c8dfe502e5e5,דוד היימאן,,,,,,0,,,0,manual,name,[]
9b511caa-0f4f-4c24-a0f8-f522129931fb,דוד הכהן די אזיוידו,,,,,,0,,,0,manual,name,[]
7cc31b86-9f5c-466e-bb80-26aeda2ebdc1,דוד ווערטהיים,,,,,,0,,,0,manual,name,[]
dd5af84e-3a65-4456-be6f-609d28255cf0,דוד ווערטהיימער,,,,,,0,,,0,manual,name,[]
caae18bb-ba93-4b03-88ba-d89145eb572a,דוד ווערטהיימר,,,,,,0,,,0,manual,name,[]
458704cd-9f74-4156-bac1-024fbf225de0,דוד זאקס,,,,,,0,,,0,manual,name,[]
985801b7-1ffe-47c9-af2f-cf04d9a8938a,דוד טעבל מבראד,,,,,,0,,,0,manual,name,[]
1e8dda53-43ad-4fb4-959d-199dc721030a,דוד כהן,,,Q88524142,David Cahen,Israeli chemist,22,search_rank_0|p31_human|name_exact|has_sitelinks,Q2910274,20,manual,name,"[{""qid"": ""Q88524142"", ""label"": ""David Cahen"", ""desc"": ""Israeli chemist"", ""score"": 22}, {""qid"": ""Q2910274"", ""label"": ""דוד כהן"", ""desc"": ""רב ישראלי המכונה \""הרב הנזיר\"""", ""score"": 20}, {""qid"": ""Q826524"", ""label"": ""David Cohen"", ""desc"": ""Dutch historian (1882–1967)"", ""score"": 18}, {""qid"": ""Q6792473"", ""label"": ""Dovid Cohen"", ""desc"": ""Rosh Yeshiva of Hebron Yeshiva in Givat Mordechai, Jerusalem"", ""score"": 14}, {""qid"": ""Q360165"", ""label"": ""David Cohen"", ""desc"": ""Wikimedia disambiguation page"", ""score"": 11}]"
076f1b2d-864b-4a67-ab4d-3782fc8117c2,דוד לאנדאה,,,,,,0,,,0,manual,name,[]
f81a58e5-5d24-4b5f-975a-a1d65970bc30,דוד מברלין,,,,,,0,,,0,manual,name,[]
2fb42205-22e2-473e-918b-c6cf676ddd40,דוד סמטור,,,,,,0,,,0,manual,name,[]
df01fd64-4bb6-4753-9b0b-d3b3e898ed27,"דוד פ""ל",,,,,,0,,,0,manual,name,[]
f033afa9-e0a4-4ced-b120-0575e1b3e53f,דוד פערנבאך,,,,,,0,,,0,manual,name,[]
d6a7dfe4-b5c5-4c95-b6d2-7682bfdb3c87,דוד פראנצאז,,,,,,0,,,0,manual,name,[]
2f4c6a46-88d5-4746-ba56-19551fe013ea,"דוד שלעזינגר בה""ב",,,,,,0,,,0,manual,name,[]
4c9ad682-3dcd-4c2c-82b7-49e1116f7241,"דייני פפ""דא",,,,,,0,,,0,manual,name,[]
e68666e0-6fb9-481f-b19a-1cf1dcca3a9e,דניאל בן דוד הכהן,,,,,,0,,,0,manual,name,[]
2f730d23-13be-40f5-9602-4b6192112f50,"דניאל בר""ש סגל",,,,,,0,,,0,manual,name,[]
88532321-b4b6-4e4b-9195-0ce2a8a9e371,דניאל לעוויע,,,,,,0,,,0,manual,name,[]
4e071d2a-fc5a-4dc0-b366-32c47bac8d00,דניאל עלקש,,,,,,0,,,0,manual,name,[]
42985c2c-2aa0-4ce1-9c01-2ed21edea8fd,האבער,,,Q12104,Avena sativa,type of cereal,17,search_rank_0|name_exact|has_sitelinks,Q118914718,15,manual,name,"[{""qid"": ""Q12104"", ""label"": ""Avena sativa"", ""desc"": ""type of cereal"", ""score"": 17}, {""qid"": ""Q118914718"", ""label"": ""הבר, אבי"", ""desc"": """", ""score"": 15}, {""qid"": ""Q118914982"", ""label"": ""הבר, עליזה"", ""desc"": """", ""score"": 13}, {""qid"": ""Q118924889"", ""label"": ""הבר, יעקב"", ""desc"": """", ""score"": 11}, {""qid"": ""Q118913708"", ""label"": ""האבערפעלד, יוסף צבי בן יצחק אייזיק"", ""desc"": """", ""score"": 9}, {""qid"": ""Q118923689"", ""label"": ""הוברמן, זאב בן שלמה, נפטר 2012"", ""desc"": """", ""score"": 7}]"
4d90935d-0669-4bc2-9ed8-61d32fade09f,האללענדר,,,,,,0,,,0,manual,name,[]
c19b8342-c150-4f01-82ee-9eecbcd6535b,"האללענדר, שמעון",,,,,,0,,,0,manual,name,[]
68bdcdec-dfbc-4b9f-84e9-2ee26470896c,"האמבורג, איסר",,,,,,0,,,0,manual,name,[]
e83ffeb4-0819-4355-8b60-7cb643c4b3c3,"האן, משה בר""י",,,,,,0,,,0,manual,name,[]
48af896c-0c62-4fa6-8ebd-eaf559be5d5b,האפגאלדשטיקר,,,,,,0,,,0,manual,name,[]
fa6cd9d6-a428-45e6-84f7-dc00ee5a7a9f,"הומברג, איסר",,,,,,0,,,0,manual,name,[]
f9610151-4db7-4709-a250-0a7ea1794737,"הורוויץ, פנחס אליהו",,,,,,0,,,0,manual,name,[]
f2d0266c-db01-4ee0-ad87-0396d3797328,"הורוויץ, שעפטיל",,,,,,0,,,0,manual,name,[]
fd30e4da-48dd-47cf-a0a9-d3458b4616e9,היימאן יאקאביא,,,,,,0,,,0,manual,name,[]
f9eddd6d-b258-4ed0-830f-6d4810e30889,היימאן מאזעס,,,,,,0,,,0,manual,name,[]
1005c63c-0fcc-44b3-a453-b1152f6f955f,היימאן פינקוס,,,,,,0,,,0,manual,name,[]
7e43d454-68a8-4cd8-8c0d-c8b1add1a69e,היינריך הענאך,,,,,,0,,,0,manual,name,[]
f2140247-9d51-4dee-8225-d1e8e3985245,היינריך לאקענבאכער,,,,,,0,,,0,manual,name,[]
837d0a36-d4c5-46e7-a4ef-22d768e67b2f,"הייצפעלד, זנוויל",,,,,,0,,,0,manual,name,[]
3c120ba8-dd8a-4809-8233-18e1b3fb6bf5,"הילל ברי' דרב שמואל ספרא דק""ק טיקטין והגליל",,,,,,0,,,0,manual,name,[]
a98880ce-22db-425f-82f4-7cacded179d1,הילל זילבערשטיין,,,,,,0,,,0,manual,name,[]
847ebe6d-a1a5-46ef-9fa1-cf54dcb89d36,הינדא פרידלענדר (אשר ר' חיים ליב פרידלענדר),,,,,,0,,,0,manual,name,[]
be1c452b-aeb9-4697-a891-67b63126946b,הירץ בינג,,,,,,0,,,0,manual,name,[]
db68606b-b23b-4c6d-8012-0a0a4855db82,הירץ בער,,,,,,0,,,0,manual,name,[]
e877a9c3-e0e1-4dc1-af4d-5e4c806612c6,הירץ ברוכזאל,,,,,,0,,,0,manual,name,[]
015f9919-74e6-49d3-8c82-7dcab6a443ce,"הירץ בר""מ",,,,,,0,,,0,manual,name,[]
d4a359ed-a3e5-420f-bfe8-466903737aa6,הירץ האלבערשטאם,,,,,,0,,,0,manual,name,[]
86ad3a3c-166b-4c34-b12d-dc403654f3a4,"הירץ מורא כ""ץ",,,,,,0,,,0,manual,name,[]
b850eb2b-f738-43b7-8bf6-3ed7ab965e20,"הירץ, פ""ומ",,,,,,0,,,0,manual,name,[]
5919b127-9b5e-4dd4-8540-4b8bbcab63b4,הירץ שלעזינגר,,,,,,0,,,0,manual,name,[]
4ff6590a-27f1-4462-b5b8-167b5a39c6ac,הירש בארוך,,,,,,0,,,0,manual,name,[]
5f099546-c2ad-4632-9c8a-4cc8e1156d7a,הירש ביק,,,,,,0,,,0,manual,name,[]
d215f113-9f78-4765-abbd-d9a1c15f2978,הירש בן הרב מאלעקסניץ,,,,,,0,,,0,manual,name,[]
1163e173-2ad3-4309-b3aa-e721a59205b2,"הירש בן פ""ומ ר""י ק""וו ז""ל",,,,,,0,,,0,manual,name,[]
4763d5ec-51f4-4f3c-9e4e-84bde365dc49,הירש בערן שטיין,,,,,,0,,,0,manual,name,[]
ccf8dd9a-2715-4027-85a8-e56cfc3b84cd,"הירש בר""א מדריזן",,,,,,0,,,0,manual,name,[]
f2b714de-fcad-4e6d-a75a-45746a1b3bf5,"הירש ברוו""הש",,,,,,0,,,0,manual,name,[]
8b2dfbf7-8d89-4aea-915b-6464fc13ba4b,"הירש בר""י דאנציג",,,,,,0,,,0,manual,name,[]
1855d53a-a11d-4823-b3a1-9f3127736385,"הירש ב""ר מענדל ק""ל בק""ב",,,,,,0,,,0,manual,name,[]
db458cc6-01bc-4535-b854-6d3ac3d85e33,"הירש בר""ם פרענקל",,,,,,0,,,0,manual,name,[]
263075d9-1c7f-4fe5-be32-6091a75f054a,"הירש בר""נ",,,,,,0,,,0,manual,name,[]
b936f84f-9115-4898-a9d3-bb0b8994bcd2,"הירש בר""נ",,,,,,0,,,0,manual,name,[]
e6b0a2b2-02dd-457b-9edd-bba15a143913,הירש בר''נ,,,,,,0,,,0,manual,name,[]
abbf7f48-3969-447c-858e-06cf926fd6f0,"הירש בר""ק שטרעליץ",,,,,,0,,,0,manual,name,[]
4f260cb8-9e6e-45ae-a335-b02c2614523e,הירש גוטרבאק,,,,,,0,,,0,manual,name,[]
d8b9a23e-f189-471f-b63a-a8911972d617,הירש גונצענהויזן,,,,,,0,,,0,manual,name,[]
bf2dcd9e-6650-4d8f-9027-ac5edf9e6bbd,הירש האלבערשטאם,,,,,,0,,,0,manual,name,[]
551ffd96-e71a-4827-9c19-d89216cb65d4,הירש האנק,,,,,,0,,,0,manual,name,[]
aedf3145-3c9a-456f-89de-7f15f80c39ba,הירש הערפורט,,,,,,0,,,0,manual,name,[]
507d8333-7e7e-4c4c-9f0d-c8e34a234c39,הירש ווייל,,,,,,0,,,0,manual,name,[]
523c9b1b-6f1a-4152-8e69-9e719d5a776b,הירש זאקס,,,,,,0,,,0,manual,name,[]
9a920a00-42e4-4198-8fdd-92619873f687,הירש לאנדויא,,,,,,0,,,0,manual,name,[]
4cf52585-92a9-47b4-8ec6-b7ecc7746d72,"הירש מינדן בק""ב",,,,,,0,,,0,manual,name,[]
d89defdf-05ad-41ba-b8d9-9645e2f4653f,הירש צומעלס,,,,,,0,,,0,manual,name,[]
9f43b3f6-3de8-4339-b938-3863ca1153da,הירש קוא (בחורי חמד),,,,,,0,,,0,manual,name,[]
7504348a-0336-4292-a927-bc7772b17358,"הירש קלמן מא""ד",,,,,,0,,,0,manual,name,[]
431b1733-fa45-4d29-a260-5c0a845674ce,"הירש קעסלין בה""ש",,,,,,0,,,0,manual,name,[]
8543bb8b-bc6f-4eb2-b913-653dbac90cb8,הירש קרא,,,,,,0,,,0,manual,name,[]
51f1172a-5ce0-4182-ab52-c8afd479c422,הירש רעכעלס,,,,,,0,,,0,manual,name,[]
ebac3396-8334-4a38-ac78-c9acea221de1,הירש שטראלזונד,,,,,,0,,,0,manual,name,[]
2d178f35-19ec-4499-99cd-e5a538ff547f,"הכהן, נפתלי",,,,,,0,,,0,manual,name,[]
e7219b7e-23be-4a72-8ade-66a7ad1859cb,"הכים, אליהו בן חיים",,,,,,0,,,0,manual,name,[]
589cc96d-32a9-481e-af91-baa89393865f,"הכים, משה בן חיים",,,,,,0,,,0,manual,name,[]
e39ede1d-d347-4ccd-94e7-2de6349a6758,"הלברשטט, וואלף",,,,,,0,,,0,manual,name,[]
d3a847fc-650d-4171-b3f6-dd5236a24dc9,"העלפט, איזק",,,,,,0,,,0,manual,name,[]
26afe89f-c86a-487d-b8b3-76b590658ed0,"העלפט, געטשליק",,,,,,0,,,0,manual,name,[]
1ed5f53c-0451-4b51-932c-1172b82a6d5e,"העלפט, משה",,,,,,0,,,0,manual,name,[]
7a086263-095a-4ffc-83fb-25422e39e8c4,"הענאך ב""ר משה ליב",,,,,,0,,,0,manual,name,[]
4a1c6d6b-c9c1-4b17-82d3-d1ba37ccd822,הענוך קוטן פלון,,,,,,0,,,0,manual,name,[]
1af1c801-7068-4c94-83c0-d7bf6ef31dca,הענוך ראקצין,,,,,,0,,,0,manual,name,[]
5413f240-9564-425c-9d45-f03f77ffc573,"הענלי בכ""ה ר""י באטיוויס",,,,,,0,,,0,manual,name,[]
1f246134-ad57-44a9-92b0-92b786dd743e,הענלי בן שמעון אולמא,,,,,,0,,,0,manual,name,[]
62dc0520-341a-4fbd-a2a1-b0a6cffe0f1a,הענשיל (Dr. med.),,,,,,0,,,0,manual,name,[]
93ae55f6-05a1-4393-a928-fd84268cbf00,העסיל משווערין,,,,,,0,,,0,manual,name,[]
becbfddd-fa37-4295-970d-d39b50fcffe0,הערמאן שטראסער,,,,,,0,,,0,manual,name,[]
8e4bd70b-d19a-4a76-8845-54776d8be1ea,הערץ עטטינגער,,,,,,0,,,0,manual,name,[]
44ffdae4-0404-4bd0-8b11-a17d35970f45,הערר באראן בער אשקלאס,,,,,,0,,,0,manual,name,[]
98198317-06c0-4e1f-a558-fc63b0574a00,הערר באראן נתן ארנשטיין,,,,,,0,,,0,manual,name,[]
1e4335c4-0be5-49f6-a1af-17e0b58627e0,הערשל קאליש,,,,,,0,,,0,manual,name,[]
05a02ec2-7d00-4ab9-a594-fdbfced8d52a,הק' ליזר גרין הוט,,,,,,0,,,0,manual,name,[]
87472131-8731-4bbd-b918-a12817195911,"הקלירי, שמשון",,,,,,0,,,0,manual,name,[]
7d179511-e120-4e90-b3ff-ddd863f5555c,"הרש""בם",,,,,,0,,,0,manual,name,[]
62ac658d-c746-4a0f-b3f9-bf421f6b8ac8,הרש שווייצר,,,,,,0,,,0,manual,name,[]
c8f88ee4-48a7-4a59-b815-a67ca5455e59,ואקס,,,,,,0,,,0,manual,name,[]
d47a33ed-ce47-42e3-a340-3f057c4695f2,וואלף אויערבאך,,,,,,0,,,0,manual,name,[]
d703b5a0-1d46-41a0-8dd9-683adcc697e9,וואלף באטיוויס,,,,,,0,,,0,manual,name,[]
b89e239d-b3db-4352-a156-725fbcc54f51,"וואלף באמבערג בק""ב",,,,,,0,,,0,manual,name,[]
ce380142-530b-455e-8599-83dd561dc315,"וואלף בב""ה ר""י באטיוויס",,,,,,0,,,0,manual,name,[]
b83b575d-0f4f-477c-b460-8c04b525e4d5,"וואלף בן הריין ר""ש ענדל",,,,,,0,,,0,manual,name,[]
ff799e5d-3e8d-43b4-8293-d6f876ff2c3f,וואלף בענעדיקט מאנדעל,,,,,,0,,,0,manual,name,[]
d25fc768-696c-4172-b3f3-27ff44704038,וואלף בערן שטיין,,,,,,0,,,0,manual,name,[]
8167544e-8a21-430c-b3f9-64a2fe03f0d1,"וואלף ב""ר בערמן פ""ל",,,,,,0,,,0,manual,name,[]
095a2c86-a273-4e06-aa49-2ff4d390ee1b,"וואלף בר""ז מש""ב",,,,,,0,,,0,manual,name,[]
705caee9-7532-4461-907f-ac0430cc286f,"וואלף בר""י",,,,,,0,,,0,manual,name,[]
2a1e3ea8-2b9b-423f-96df-ac03fde9830b,וואלף בר יעקב צבי,,,,,,0,,,0,manual,name,[]
a774169e-8b1d-42e4-bb92-569b44806b23,וואלף ברעטצפ'עלר,,,,,,0,,,0,manual,name,[]
493578c9-1a4b-4f30-83d9-0609c65c51be,"וואלף בר""ש סג""ל",,,,,,0,,,0,manual,name,[]
074280ab-92a3-44e8-be9a-714abfef1d6a,וואלף גדלש,,,,,,0,,,0,manual,name,[]
c57d914e-3e2a-4473-968d-32596cb319a0,וואלף האללי,,,,,,0,,,0,manual,name,[]
e5539cea-a78d-4013-94ab-83b664a51d1f,וואלף האללי,,,,,,0,,,0,manual,name,[]
5aed4f60-38c0-4460-9f8b-012fa4967d37,"וואלף המבורג, גד""תת",,,,,,0,,,0,manual,name,[]
3356cc54-dd31-40f9-96ea-9477f439c062,וואלף הערצפעלד,,,,,,0,,,0,manual,name,[]
ff561c55-dc39-452e-ace0-c2e5ee45e645,וואלף זאקסעל,,,,,,0,,,0,manual,name,[]
b2b90c41-0c8d-4d39-b513-e1189a9c387c,וואלף יאעל פאצדאמער,,,,,,0,,,0,manual,name,[]
d2954367-0862-4e54-a52f-91bf7c012eee,וואלף יוליץ,,,,,,0,,,0,manual,name,[]
e48fd124-2da2-4f79-aff1-34ad50e403e9,וואלף ליכטנשטאט,,,,,,0,,,0,manual,name,[]
c3bb8ad4-4b0c-4d8d-b2e1-6e50ad979933,וואלף לעויזאן,,,,,,0,,,0,manual,name,[]
d821effc-9187-43a0-b8e3-ebd3d8ef45d8,וואלף מאשלש,,,,,,0,,,0,manual,name,[]
a4222f4a-4cb3-4b3c-a1bc-f469c2b9890f,וואלף מזלאטאווי',,,,,,0,,,0,manual,name,[]
ae3f400a-e3f5-4edc-8ace-a1b89a2a40e4,וואלף נאסויא,,,,,,0,,,0,manual,name,[]
61395eef-f8af-409e-ac65-bc10236c26b7,"וואלף נייאבורג, פ""ומ",,,,,,0,,,0,manual,name,[]
fc4c13c3-f6ee-4f09-92e2-31046fe6b026,וואלף עטטלינגען,,,,,,0,,,0,manual,name,[]
0c8eb8f3-1427-4d78-a759-cf9aa28c35b2,וואלף פולאיי,,,,,,0,,,0,manual,name,[]
8549032e-5fce-48cb-8bae-94fbc07b8de3,וואלף פירד,,,,,,0,,,0,manual,name,[]
dfcecf26-2edc-497c-b1db-45b6a5aea883,"וואלף פ""ל בק""ב ג""ס",,,,,,0,,,0,manual,name,[]
75f9448b-3ee1-4dbf-86c7-ea1bc50bc914,וואלף פרידבערג,,,,,,0,,,0,manual,name,[]
99c62b91-4c33-402f-a672-387c797bd066,וואלף צבי,,,,,,0,,,0,manual,name,[]
8e650375-551e-4f08-8118-9848abf8bbf6,"ווייזל, אהרון",,,,,,0,,,0,manual,name,[]
b005f3b7-70dc-41ae-80b7-3617aa1b8ae2,"ווייזל, מאיר בר""ל",,,,,,0,,,0,manual,name,[]
afce7f90-23e2-4c69-a37e-2f33055230b9,ווייזעלס עללינגען,,,,,,0,,,0,manual,name,[]
c5998568-fab3-407f-9f80-e038a2732513,"ווייל, מאיר שמעון",,,,,,0,,,0,manual,name,[]
fc710b1e-23e8-43f3-a30e-86de11ce1d01,וו' ע' פ' א',,,,,,0,,,0,manual,name,[]
0ad0e586-64d6-4108-8c9d-8b3296814880,"ווערטהיים, זעליגמן",,,,,,0,,,0,manual,name,[]
bad51af4-a2d4-4f7c-84ec-47c786ea8ba5,"ווערסש, עזריאל",,,,,,0,,,0,manual,name,[]
012a43af-5a62-4fa7-9059-f5822ec231ba,זאב וואלף גאלדענבערג,,,,,,0,,,0,manual,name,[]
ba57c932-d4c5-4e33-a0bd-9ce6ca7e50fe,"זאקס, ישראל",,,,,,0,,,0,manual,name,[]
d7632eae-78dc-4a7e-a972-def6c00e814e,"זאקס, שלמה",,,,,,0,,,0,manual,name,[]
24677075-d129-4450-99c3-9fa32cf73579,"זונדל ב""ר הירש",,,,,,0,,,0,manual,name,[]
1e12e216-a9fc-46f4-bb0c-8d58c6d4b876,"זילץ, חיים",,,,,,0,,,0,manual,name,[]
c853022e-c83f-484a-81de-f62077c2ba95,זימל גונציהויזען,,,,,,0,,,0,manual,name,[]
5dc69700-bf95-4db1-96f3-cf2883db1194,זימן אייזק עסטענפעלד,,,,,,0,,,0,manual,name,[]
686312ec-a56c-4be2-a86b-9cb4cf29b893,"זיסל אסטראדע בה""ש",,,,,,0,,,0,manual,name,[]
2710465f-2ab3-42d4-9bbf-e1b87e3777a0,זיסקינד קאליר,,,,,,0,,,0,manual,name,[]
9a2aafa4-fbe3-470a-a0ed-83f595d1fa8a,"זכרי' ב""ר פייטל",,,,,,0,,,0,manual,name,[]
3b74a9bb-3943-4d72-b74c-a88aa9106366,"זכרי' בר""פ קליף ז""ל",,,,,,0,,,0,manual,name,[]
50cdf8f2-f058-4549-8282-4686a72d7807,זכרי' מענדיל,,,,,,0,,,0,manual,name,[]
53c08c6c-3269-42ba-96ea-769b619ef7ba,"זכרי' מענדל ברנ""פ",,,,,,0,,,0,manual,name,[]
8821128f-70df-4c8e-bae7-dff46af4174f,זלמונא פיורדא,,,,,,0,,,0,manual,name,[]
16b2b6b1-7766-4a15-9185-274e95f5f43c,זלמן בן משה ווינג,,,,,,0,,,0,manual,name,[]
6167bf7d-3fff-404f-bf30-f9ea721ec6ef,זלמן בעער,,,,,,0,,,0,manual,name,[]
6090225a-0055-4de0-afc2-959f9a120bf1,זלמן דעסויא,,,,,,0,,,0,manual,name,[]
6d168424-0ed9-4aeb-bf09-584c5290906b,"זלמן דש""ט",,,,,,0,,,0,manual,name,[]
549d94ea-d86a-48f0-9f54-9032197dc805,זלמן הירש,,,,,,0,,,0,manual,name,[]
24cd6d13-4645-448f-8ff1-a5aadf28e682,"זלמן הירש ב""ר יוסף ליב נייאבורג",,,,,,0,,,0,manual,name,[]
8724c614-e218-4467-9006-2bc12e3c3145,זלמן הלוי בן רפאל,,,,,,0,,,0,manual,name,[]
05885341-05e5-4c90-b401-db2360619517,זלמן הצפעלד,,,,,,0,,,0,manual,name,[]
a1b073ea-c5eb-49de-b1ea-6046596db5f6,זלמן טעדעסקא,,,,,,0,,,0,manual,name,[]
fd48ba5b-28a6-465c-b5b2-4cfe76996ce0,זלמן ליב אקס,,,,,,0,,,0,manual,name,[]
46d9c09e-2865-435a-a666-f4dfae76cccf,"זלמן ליסא בפ""ד",,,,,,0,,,0,manual,name,[]
359b5eff-b7ee-476f-9612-9dfb535ee47f,"זלמן פ""ד",,,,,,0,,,0,manual,name,[]
b4d609cd-1fc2-4861-8ba8-e7acd6413bc2,זלמן פרידבערג,,,,,,0,,,0,manual,name,[]
341ccb46-099e-46ef-85e6-3d8be2a531bf,"זלמן קאסל בק""ב",,,,,,0,,,0,manual,name,[]
2772c50a-82fc-4ecf-8e70-49c646a33c86,"זלמן ק""ב",,,,,,0,,,0,manual,name,[]
a7d17178-410f-492d-aae5-bbb0e7cfa428,זלמן שווייצר,,,,,,0,,,0,manual,name,[]
858ca314-7d0f-4b22-81d4-cc26463ff777,"זלמן שרד""פ",,,,,,0,,,0,manual,name,[]
668ada67-bc06-45e4-9865-f4bbf434c273,"זנוויל אשר, פ""ומ",,,,,,0,,,0,manual,name,[]
f100dbde-e452-4964-9395-2f1ab1830010,"זנוויל בר""א פ""פ",,,,,,0,,,0,manual,name,[]
d1d3cb3e-9452-4e7d-9839-bb5a3d299120,"זנוויל בר""ה בר""ן",,,,,,0,,,0,manual,name,[]
8cdc873f-69d4-451d-bf36-a119d58ac489,"זנוויל בר""נ",,,,,,0,,,0,manual,name,[]
5d55b606-3827-438c-89a3-f8c00ba60f76,זנוויל בר''נ,,,,,,0,,,0,manual,name,[]
5634f160-61b8-4a5b-a470-a0e79c26ce9f,"זנוויל בר""נ באמבורג",,,,,,0,,,0,manual,name,[]
d7532f61-6c56-4c6e-b839-b4bee2eef6cc,זנוויל הכהן,,,,,,0,,,0,manual,name,[]
eff5b27e-0392-45c1-93bf-4638c70409fe,זנוויל וויינשענק,,,,,,0,,,0,manual,name,[]
45f61d0f-77a7-4171-aa9d-ff32cdedea02,זנוויל נייא גאס,,,,,,0,,,0,manual,name,[]
63b91fe8-a135-4da5-8fa8-865e0b5cbab5,זנוויל נייאגאס,,,,,,0,,,0,manual,name,[]
ba817850-9b12-4632-ab29-a4cb7e04b552,זנוויל עטהויסען,,,,,,0,,,0,manual,name,[]
1f637a87-0779-4cea-8321-8e6317fb2ea4,זנוויל פייאגס,,,,,,0,,,0,manual,name,[]
bcc0ac42-ad18-4962-a8f0-7a715e4c5c20,"זנוויל פ""ל בק""ב",,,,,,0,,,0,manual,name,[]
1c7ad6dc-9979-4751-895b-9fc7f10d3b80,זעליג בער הארשיטץ,,,,,,0,,,0,manual,name,[]
f7db3cf7-c56d-451c-8805-d108de0e95d4,זעליג ליגניץ,,,,,,0,,,0,manual,name,[]
491ae509-0708-4c5d-ad43-95b87481b4b7,"זעליג ליפשיץ בק""ב",,,,,,0,,,0,manual,name,[]
39799445-701a-4fad-a367-08d8af15d7f9,זעליגמן אולמאן,,,,,,0,,,0,manual,name,[]
8e4179f1-1e95-4f06-b95c-5982f7bb67b6,"זעליגמן בר""י בק""ב",,,,,,0,,,0,manual,name,[]
506d50aa-cba7-4cd3-ac10-1fcf3fa7f674,זעליגמן דיטלבאך,,,,,,0,,,0,manual,name,[]
ea40f127-639a-4679-b833-b537af5ec177,"זעליגמן עטטלינגען, פ""ומ",,,,,,0,,,0,manual,name,[]
5e24f1e0-c806-4b16-acef-ab918c303a6c,זעליג שטיינבאך,,,,,,0,,,0,manual,name,[]
1f7b7588-5a1a-474e-9bc4-47ac92738a86,זעקל רעגענסבורג,,,,,,0,,,0,manual,name,[]
8ab1dfcd-6f79-48c2-ae8e-e958d0fd501a,זרחי' נ' מסעוד איש איטליא,,,,,,0,,,0,manual,name,[]
483add04-898a-4a8d-a269-9c948795d791,"חביב, משה בן שם טוב",,,,,,0,,,0,manual,name,[]
62fa4f4e-6f8d-47c0-b92a-6bfeb014f7d2,"חיאן, צדוק",,,,,,0,,,0,manual,name,[]
c0f83957-36ba-494e-845c-9255eb2dfd9a,"חיוס, טיבאל",,,,,,0,,,0,manual,name,[]
432da9d3-af62-48a7-82dc-0644e10ed459,"חיט, משה אברהם בן ראובן",,,,,,0,,,0,manual,name,[]
0c398d30-8608-404e-8594-79ddac3622be,חיים,,,Q33084262,Chaim,male given name (חיים),17,search_rank_0|name_exact|has_sitelinks,Q3,15,manual,name,"[{""qid"": ""Q33084262"", ""label"": ""Chaim"", ""desc"": ""male given name (חיים)"", ""score"": 17}, {""qid"": ""Q3"", ""label"": ""חיים"", ""desc"": ""תכונה מהותית המאפיינת אורגניזמים ביולוגיים"", ""score"": 15}, {""qid"": ""Q868810"", ""label"": ""חיים"", ""desc"": ""להקת אחיות אמריקאיות ממוצא ישראלי-יהודי"", ""score"": 13}, {""qid"": ""Q20000069"", ""label"": ""Chaim"", ""desc"": ""male given name"", ""score"": 11}, {""qid"": ""Q6204571"", ""label"": ""Joachim Jacob Unger"", ""desc"": ""Austrian rabbi (1826-1912)"", ""score"": 11}, {""qid"": ""Q2903933"", ""label"": ""Hayyim Mordecai Margolioth"", ""desc"": ""Polish rabbi"", ""score"": 9}, {""qid"": ""Q1058951"", ""label"": ""Haim"", ""desc"": ""männlicher Vorname"", ""score"": 7}]"
d88e19a3-4f38-47c8-a797-3f891a0b62b6,"חיים בן ר' יוסף בר""פ ז""ל",,,,,,0,,,0,manual,name,[]
50994dbe-99df-4284-b5dc-f68d6e30ea83,"חיים בר""א בר""פ",,,,,,0,,,0,manual,name,[]
564c99ea-e100-490f-96a8-d88cf16e7d1e,"חיים בר""א יורש",,,,,,0,,,0,manual,name,[]
1ad5986b-459c-4efd-a468-7e7cd6d6913d,"חיים ב""ר אפרים בר""מ",,,,,,0,,,0,manual,name,[]
90775548-6053-4373-927c-1795658541f7,"חיים ב""ר הירץ",,,,,,0,,,0,manual,name,[]
2f1b4591-4c44-4d12-8c6c-690021523947,חיים בר יוסף סופר,,,,,,0,,,0,manual,name,[]
e25dc051-4aa6-4350-80e6-776c9a996467,"חיים בר""י סופר",,,,,,0,,,0,manual,name,[]
25a874ca-4b2d-432a-9290-3816fe5865cf,חיים ברעזכין פרימוס דמדינה,,,,,,0,,,0,manual,name,[]
026fe62b-0c85-488e-9855-67b48ec6a887,חיים האלבערשטאם,,,Q744298,Chaim Halberstam,Polish rabbi,22,search_rank_0|p31_human|name_exact|has_sitelinks,Q25636548,20,manual,name,"[{""qid"": ""Q744298"", ""label"": ""Chaim Halberstam"", ""desc"": ""Polish rabbi"", ""score"": 22}, {""qid"": ""Q25636548"", ""label"": ""חיים האלבערשטאם"", ""desc"": """", ""score"": 20}, {""qid"": ""Q25636549"", ""label"": ""חיים האלבערשטאם"", ""desc"": """", ""score"": 18}, {""qid"": ""Q20603372"", ""label"": ""חיים האלבערשטאם"", ""desc"": ""Wikimedia disambiguation page"", ""score"": 11}]"
4ef14254-2bec-4fd3-9788-84481c851321,חיים (חייקא),,,,,,0,,,0,manual,name,[]
93c2f5df-7cc4-4771-bdbc-b3c93f7449b1,חיים לאנצבורג,,,,,,0,,,0,manual,name,[]
3ebfe422-01cd-4ca5-b9d5-e55dacd3de2a,חיים מארקברייט,,,,,,0,,,0,manual,name,[]
cda64d67-aa02-420f-a290-3c70deed7eda,חיים משה מאשלש,,,,,,0,,,0,manual,name,[]
2891d440-7ed2-4597-98a6-57b32a86770d,חיים נחמי' מזרחי,,,,,,0,,,0,manual,name,[]
66b70264-83d0-40d2-adb5-9c6d8e9fd757,חיים ראשמין (בחורי חמד),,,,,,0,,,0,manual,name,[]
9905cc9d-09bf-4ef0-b52f-b30d51ca687c,"חלפן, דניאל בר""ש",,,,,,0,,,0,manual,name,[]
024e5235-20ae-4c32-815a-6d2c52fd171e,"חלפן, שלמה",,,,,,0,,,0,manual,name,[]
a538b3af-1b85-4e3c-bd13-add45d86a620,חנה פיוואני,,,,,,0,,,0,manual,name,[]
8d2bc860-df18-49b6-804f-e6ea49d900b8,"חנוך הענך במהורר שמואל זצ""ל שיק",,,,,,0,,,0,manual,name,[]
665a8f16-5511-472c-aa9f-1972414581d5,"טהעאדאר, דוד",,,,,,0,,,0,manual,name,[]
a080d6c4-e8da-44e7-bc60-b04ce473dd9f,טובי',,,Q128840,Toby Alderweireld,Belgian association football player (born 1989),17,search_rank_0|p31_human|has_sitelinks,Q559819,15,manual,name,"[{""qid"": ""Q128840"", ""label"": ""Toby Alderweireld"", ""desc"": ""Belgian association football player (born 1989)"", ""score"": 17}, {""qid"": ""Q559819"", ""label"": ""Toby Keith"", ""desc"": ""US-amerikanischer Country-Sänger"", ""score"": 15}, {""qid"": ""Q342419"", ""label"": ""Toby Jones"", ""desc"": ""britischer Schauspieler"", ""score"": 13}, {""qid"": ""Q165524"", ""label"": ""טובי מגווייר"", ""desc"": ""שחקן אמריקאי"", ""score"": 11}, {""qid"": ""Q450728"", ""label"": ""Tobe Hooper"", ""desc"": ""American film director, screenwriter and producer (1943-2017)"", ""score"": 9}]"
98e872a9-64fa-4bc7-a957-4fff135c8b4a,"טובי' בעז זצ""ל",,,,,,0,,,0,manual,name,[]
a9c19d28-3932-44bf-9fc7-b5f2c161f264,"טעבלי בר""י מקראסן",,,,,,0,,,0,manual,name,[]
f1b95d20-3908-440e-ae1e-f160ecbd9a52,"טעבלי ב""ר קאפיל ריס",,,,,,0,,,0,manual,name,[]
995af331-8bd8-4001-994b-40e9000813cc,טעבלי העס,,,,,,0,,,0,manual,name,[]
55086c53-c0c3-4646-82ca-d1d6e0860d5c,"טעבלי פ""ד",,,,,,0,,,0,manual,name,[]
9a75e269-12c5-4fa6-a2a2-839cccc5d60a,טריידעל משוורין,,,,,,0,,,0,manual,name,[]
09fa8272-a54b-42f1-8d03-9aa9da013242,ט' שטיינסבערג,,,,,,0,,,0,manual,name,[]
07e02875-5d8e-46f3-8802-cec15ac55191,יאאכים היים,,,,,,0,,,0,manual,name,[]
8da1ded2-7e68-42da-9f94-d51727c8511e,יאאכים הערש,,,,,,0,,,0,manual,name,[]
d73c9e12-d953-4190-9a2d-7e0e08348f21,יאאכים וויינמייער,,,,,,0,,,0,manual,name,[]
c5a6cb7f-5625-4e4b-a723-5f1397a22f6b,יאול יאכימסטהאל,,,,,,0,,,0,manual,name,[]
9ada249a-3556-4e0e-a75f-96a75caf0ebc,יאזעף אפפנהיים,,,,,,0,,,0,manual,name,[]
7f3fcfff-17a9-4335-a7ee-ce4921caf92c,יאזעף ברוך,,,,,,0,,,0,manual,name,[]
ed679a92-abb7-44f1-9bc5-e7f3005be0d5,יאזעף גרינבוים,,,,,,0,,,0,manual,name,[]
e4a9b20d-09e3-4f8d-82af-5fbc359afc24,יאזעף הירש,,,,,,0,,,0,manual,name,[]
5dc84288-e91c-46da-9e87-96af0ae22ef3,יאזעף הירשפעלד,,,,,,0,,,0,manual,name,[]
236ee56a-334f-4291-9c89-2b3f5f81021a,יאזעף ווייסענבערג,,,,,,0,,,0,manual,name,[]
dad990f1-9beb-4749-ba83-59395e9b5708,יאזעף לאצארוס לעווי,,,,,,0,,,0,manual,name,[]
e138d058-be19-4259-b56e-2a07ad2effb8,יאזעף לעווי,,,,,,0,,,0,manual,name,[]
f82954b3-75d9-4236-a7e0-d262ad86d6a0,יאזעף מאזעס קאהן,,,,,,0,,,0,manual,name,[]
d287d4ec-a9b7-463f-8ddc-f666e71b3ede,יאזעף מארקברייטער,,,,,,0,,,0,manual,name,[]
7c60ae90-1f02-45c3-a55b-50a5e364b495,יאזעף קינדערפריינד,,,,,,0,,,0,manual,name,[]
95b8a558-7eed-4dab-8a9b-54c4c7a88b9e,יאנאטהאן הארשיטצער,,,,,,0,,,0,manual,name,[]
8690a25a-6e5b-4778-ac06-669e604735f5,יאנאס מיללער,,,,,,0,,,0,manual,name,[]
1bdba02e-a8fd-46b6-9696-e83cfb37fbec,יאנאס פירטה,,,,,,0,,,0,manual,name,[]
e3df7b9e-0402-4968-b8c3-971c00c17baf,"יאנוב, שבתי בן דוד",,,,,,0,,,0,manual,name,[]
21777fe1-8bf3-4e35-941c-a739e8940c26,יאסעף ליידעסדארפער,,,,,,0,,,0,manual,name,[]
9a0216a5-d366-4bfa-8f7a-5d0690b9bc1c,יאסעף לעהמאן,,,,,,0,,,0,manual,name,[]
835cbd70-fcdb-41a8-9e89-c3cb3d3ac0e4,יאסעף שטרים,,,,,,0,,,0,manual,name,[]
32421940-d8aa-4143-90b4-8e7c2eaad5d7,"יאעל בק""ב",,,,,,0,,,0,manual,name,[]
36ad18c5-ead3-4241-8ee3-6a559b03e710,יאקאב אפפענהיים,,,,,,0,,,0,manual,name,[]
0d5bcd8d-ef92-42f7-8d7d-8bda82cba142,יאקאב גאטטליעב,,,,,,0,,,0,manual,name,[]
335b315d-e971-4586-a6c2-0bbcae19bd3c,יאקאב ווערטהיים (Dr. jur.),,,,,,0,,,0,manual,name,[]
0a99b9ec-a87c-4367-a9ea-275857d97245,יאקאב ליידענסדארף,,,,,,0,,,0,manual,name,[]
dd69bc3a-6c3a-49fc-9367-49982d6ccca3,יאקאב סאקידלאוו,,,,,,0,,,0,manual,name,[]
133e4402-e74e-4d18-a071-730d6671a8e8,יאקאב ק' סוידעק,,,,,,0,,,0,manual,name,[]
2b667122-a8fd-4175-98ad-2132bb8d9237,"יאקב באכי בפ""ד",,,,,,0,,,0,manual,name,[]
2a0f8a32-dc5a-4300-9b14-b93c444865fc,יאקב בן דניאל בלאך,,,,,,0,,,0,manual,name,[]
d47eb50a-e412-4ba5-b792-87956ffa2a88,"יאקב ברא""ד",,,,,,0,,,0,manual,name,[]
a7f2436a-527a-4b5e-9e4f-e5581b9591d2,"יאקב ב""ר יהודא ליב ב""ר זרח סג""ג",,,,,,0,,,0,manual,name,[]
b07af011-85fe-449d-abfd-04e8701d0e19,יאקב בר יוזפה,,,,,,0,,,0,manual,name,[]
fe8f8599-37d7-4d31-883e-444d8affdce6,"יאקב בר""ש",,,,,,0,,,0,manual,name,[]
62d5cba1-bf12-45e5-9c4c-8b4e840baaf5,"יאקב ז""ב",,,,,,0,,,0,manual,name,[]
cfa1a05d-ce46-44f7-91b4-df309eb32aad,יאקב זולצבאך,,,,,,0,,,0,manual,name,[]
3c7a7c0e-949b-4564-9d72-2023f80f2e90,"יאקב פעסילש, פ""וג",,,,,,0,,,0,manual,name,[]
6979a6ae-6ea6-4944-8ca2-e46f7e3fb222,יאקב צוקרמאן,,,,,,0,,,0,manual,name,[]
a8dc4a84-8b12-4646-8284-0ba8a599420f,יאקב צילך,,,,,,0,,,0,manual,name,[]
b118990a-4d39-4a67-87c1-770f410a813a,"יאקב שלעזינגר בה""ב",,,,,,0,,,0,manual,name,[]
60ce1dec-3a2a-4b6b-bbd0-43a88a2b38d5,יהודא הכהן מיערסלוב בן יעקב,,,,,,0,,,0,manual,name,[]
a0d4101e-e9be-437d-8fe4-b272dd793e1d,"יהודא ליב בהגאון משנה דר""ע",,,,,,0,,,0,manual,name,[]
ba38d9dd-4e5b-4444-8323-0e68899d5e47,יהודא ליב בן שניאור,,,,,,0,,,0,manual,name,[]
97bb3647-3ff8-45d2-8ac8-a1df30669a92,"יהודא ליב סג""ל",,,,,,0,,,0,manual,name,[]
4a278ee8-6e20-4be9-957c-3f9b1f0f82e3,"יהודא ס""גל לנדא",,,,,,0,,,0,manual,name,[]
a85184c5-6f4b-4267-ab7b-f415f686711a,"יהודא ס""גל נאטנזאהן",,,,,,0,,,0,manual,name,[]
8fa8958d-da5d-41c7-bcb2-1f1f445f2e85,יהודה ליב בן משה מהמבורג,,,,,,0,,,0,manual,name,[]
18aeffa1-6535-476a-8234-7210974a382d,"יהודה ליב בן משה, מהמבורג",,,,,,0,,,0,manual,name,[]
882ddb7f-c521-441a-babb-317f2ba07983,יהודה ליב מעזריטש,,,,,,0,,,0,manual,name,[]
3530bb63-73c4-4bec-865f-6da35bb8b485,"יהודה ליב פ""ב",,,,,,0,,,0,manual,name,[]
46a6fc7b-b548-4de7-8970-fd9a70764d21,יהוד' ליב,,,,,,0,,,0,manual,name,[]
7e8dd4b9-ed5b-468b-aff0-c4df3bd72412,יהושיע הערצבערג,,,,,,0,,,0,manual,name,[]
b3899791-a5ba-46f2-8ef0-539e8e1e4a7b,"יהושיע ס""גל נאטנזאהן",,,,,,0,,,0,manual,name,[]
ae086740-c683-462b-a46c-78a761737b0f,יהושיע שיפער,,,,,,0,,,0,manual,name,[]
1fb56e2a-b43d-4be8-8293-f5105425d798,"יהושע בר""י",,,,,,0,,,0,manual,name,[]
46ff1a55-5d3f-4c3f-b0d0-35f9b3c43f53,יהושע מליסא,,,,,,0,,,0,manual,name,[]
6add4cce-d0d9-4b68-b256-87f54dae5649,"יואל במהר""ר יקותיאל מגלוגא",,,,,,0,,,0,manual,name,[]
c2e133ca-87de-4f9d-a5aa-97130c08dc29,"יואל בר""ל פרענקיל",,,,,,0,,,0,manual,name,[]
15cfe1f3-24b5-4e1c-a3bb-1b699ed95c2b,יואל האללי,,,,,,0,,,0,manual,name,[]
deb446fa-e3b2-428b-b3ce-2104b7c99f84,יואל היכבורג,,,,,,0,,,0,manual,name,[]
a53bdd93-85eb-400e-b630-8017c02b711b,יואל יפה,,,,,,0,,,0,manual,name,[]
e9599f35-3316-4f3b-bd1a-4a339f29a3b5,יואל מגלוגא,,,,,,0,,,0,manual,name,[]
bcd0e975-6d35-48b6-8484-19e5cc3bd3bf,יואל נויאן,,,,,,0,,,0,manual,name,[]
98f58daa-4d3f-4860-aeb9-282390e7159c,"יודא ב""בה ר""ל, ר""ק",,,,,,0,,,0,manual,name,[]
0d1345a8-9b9a-474a-a87e-1999ac6277b2,יודא בערנבורג,,,,,,0,,,0,manual,name,[]
1344e2f8-9fff-4ec1-a608-ae7149b47854,יודא ברא מהמבורג,,,,,,0,,,0,manual,name,[]
d31b5c2e-270a-4b9b-8f8f-62e33959bbee,"יודל בר""ל",,,,,,0,,,0,manual,name,[]
627c0680-6dee-43d3-805d-9e633e5217ea,יוזיל ווערטהיים,,,,,,0,,,0,manual,name,[]
a77ffde8-39fa-46b2-a061-fd5f3afb6357,יוזל ווערטהיימר,,,,,,0,,,0,manual,name,[]
0613e34d-15a8-4e8c-a800-7d3db1677310,יוזל נחמן,,,,,,0,,,0,manual,name,[]
a236e09d-a65b-410c-82ec-6751c8308343,יוזל שווא,,,,,,0,,,0,manual,name,[]
ef731fce-8003-4738-b9a2-0b529370ae63,"יוזפא געטינג בה""ב",,,,,,0,,,0,manual,name,[]
54223be4-5683-4fa3-a7de-f73f43e82ac4,יוזפא דעטמאלד,,,,,,0,,,0,manual,name,[]
d43e2f27-6ddf-4151-aefd-7bde1b191514,יוזפא לעווי,,,,,,0,,,0,manual,name,[]
1df320a4-254a-48df-a151-b415f76ef086,יוזפא מינדן,,,,,,0,,,0,manual,name,[]
db529d66-a933-480d-b835-b566fcb1de64,"יוזפא ש""ל",,,,,,0,,,0,manual,name,[]
c6bc6200-1681-4853-9a33-9a567f8b6afc,"יוחנן בה""רר שלמה סלמן ס""ט",,,,,,0,,,0,manual,name,[]
902786d2-7291-4fdb-aeaa-ab9f9a1ab414,יונה גלויגא,,,,,,0,,,0,manual,name,[]
07b122b4-f085-4fad-b293-fec430d3a3d8,יונה גלויגא,,,,,,0,,,0,manual,name,[]
5c61fb90-4c16-43c2-94ea-3d115edb2f9f,יוסל האללי,,,,,,0,,,0,manual,name,[]
6b1d1e4b-fa49-44e7-b78c-9c8e1c02cc6f,יוסף,,,Q29051199,Hovsep,male given name (יוסף),17,search_rank_0|name_exact|has_sitelinks,Q145746,15,manual,name,"[{""qid"": ""Q29051199"", ""label"": ""Hovsep"", ""desc"": ""male given name (יוסף)"", ""score"": 17}, {""qid"": ""Q145746"", ""label"": ""יוסף"", ""desc"": ""דמות מקראית, בנו של יעקב"", ""score"": 15}, {""qid"": ""Q17497941"", ""label"": ""יוסף"", ""desc"": ""שם פרטי גברי ערבי (Youssef)"", ""score"": 11}, {""qid"": ""Q128267"", ""label"": ""Joseph"", ""desc"": ""Christian saint; husband of Mary and father of Jesus"", ""score"": 10}, {""qid"": ""Q96311141"", ""label"": ""Josef Lichtenberg"", ""desc"": ""Jewish theater manager and impresario"", ""score"": 9}, {""qid"": ""Q18608492"", ""label"": ""Yosef"", ""desc"": ""männlicher Vorname"", ""score"": 7}]"
7a831014-cbb0-4dfd-a18e-7d91ff89bad4,יוסף,,,Q29051199,Hovsep,male given name (יוסף),17,search_rank_0|name_exact|has_sitelinks,Q145746,15,manual,name,"[{""qid"": ""Q29051199"", ""label"": ""Hovsep"", ""desc"": ""male given name (יוסף)"", ""score"": 17}, {""qid"": ""Q145746"", ""label"": ""יוסף"", ""desc"": ""דמות מקראית, בנו של יעקב"", ""score"": 15}, {""qid"": ""Q17497941"", ""label"": ""יוסף"", ""desc"": ""שם פרטי גברי ערבי (Youssef)"", ""score"": 11}, {""qid"": ""Q128267"", ""label"": ""Joseph"", ""desc"": ""Christian saint; husband of Mary and father of Jesus"", ""score"": 10}, {""qid"": ""Q96311141"", ""label"": ""Josef Lichtenberg"", ""desc"": ""Jewish theater manager and impresario"", ""score"": 9}, {""qid"": ""Q18608492"", ""label"": ""Yosef"", ""desc"": ""männlicher Vorname"", ""score"": 7}]"
2ee393ae-f158-44f8-896f-2f3484cc456e,יוסף,,,Q29051199,Hovsep,male given name (יוסף),17,search_rank_0|name_exact|has_sitelinks,Q145746,15,manual,name,"[{""qid"": ""Q29051199"", ""label"": ""Hovsep"", ""desc"": ""male given name (יוסף)"", ""score"": 17}, {""qid"": ""Q145746"", ""label"": ""יוסף"", ""desc"": ""דמות מקראית, בנו של יעקב"", ""score"": 15}, {""qid"": ""Q17497941"", ""label"": ""יוסף"", ""desc"": ""שם פרטי גברי ערבי (Youssef)"", ""score"": 11}, {""qid"": ""Q128267"", ""label"": ""Joseph"", ""desc"": ""Christian saint; husband of Mary and father of Jesus"", ""score"": 10}, {""qid"": ""Q96311141"", ""label"": ""Josef Lichtenberg"", ""desc"": ""Jewish theater manager and impresario"", ""score"": 9}, {""qid"": ""Q18608492"", ""label"": ""Yosef"", ""desc"": ""männlicher Vorname"", ""score"": 7}]"
c095cfb7-6475-4276-9874-e6ba07ba76dc,יוסף,,,Q29051199,Hovsep,male given name (יוסף),17,search_rank_0|name_exact|has_sitelinks,Q145746,15,manual,name,"[{""qid"": ""Q29051199"", ""label"": ""Hovsep"", ""desc"": ""male given name (יוסף)"", ""score"": 17}, {""qid"": ""Q145746"", ""label"": ""יוסף"", ""desc"": ""דמות מקראית, בנו של יעקב"", ""score"": 15}, {""qid"": ""Q17497941"", ""label"": ""יוסף"", ""desc"": ""שם פרטי גברי ערבי (Youssef)"", ""score"": 11}, {""qid"": ""Q128267"", ""label"": ""Joseph"", ""desc"": ""Christian saint; husband of Mary and father of Jesus"", ""score"": 10}, {""qid"": ""Q96311141"", ""label"": ""Josef Lichtenberg"", ""desc"": ""Jewish theater manager and impresario"", ""score"": 9}, {""qid"": ""Q18608492"", ""label"": ""Yosef"", ""desc"": ""männlicher Vorname"", ""score"": 7}]"
8c2347c1-b7cc-4c4d-9983-aa47fbd1bf6b,יוסף,,,Q29051199,Hovsep,male given name (יוסף),17,search_rank_0|name_exact|has_sitelinks,Q145746,15,manual,name,"[{""qid"": ""Q29051199"", ""label"": ""Hovsep"", ""desc"": ""male given name (יוסף)"", ""score"": 17}, {""qid"": ""Q145746"", ""label"": ""יוסף"", ""desc"": ""דמות מקראית, בנו של יעקב"", ""score"": 15}, {""qid"": ""Q17497941"", ""label"": ""יוסף"", ""desc"": ""שם פרטי גברי ערבי (Youssef)"", ""score"": 11}, {""qid"": ""Q128267"", ""label"": ""Joseph"", ""desc"": ""Christian saint; husband of Mary and father of Jesus"", ""score"": 10}, {""qid"": ""Q96311141"", ""label"": ""Josef Lichtenberg"", ""desc"": ""Jewish theater manager and impresario"", ""score"": 9}, {""qid"": ""Q18608492"", ""label"": ""Yosef"", ""desc"": ""männlicher Vorname"", ""score"": 7}]"
292638e5-7db8-433d-bcfd-fb6ab5b23778,יוסף אמשטערדאם,,,,,,0,,,0,manual,name,[]
7725b6a0-ceeb-4b75-8fff-e657918c02ce,"יוסף אשר לעמיל ב""ה שמעון מ""ץ",,,,,,0,,,0,manual,name,[]
6dabab8b-ea90-484d-abd4-f12e0ca07ef4,"יוסף בהג""און אב""ד נ""רו",,,,,,0,,,0,manual,name,[]
3e7e57e4-d2fc-44ec-af93-b9a4d1158e38,"יוסף במהור""א",,,,,,0,,,0,manual,name,[]
653eaf9f-53ac-45da-af83-94df56d1963a,יוסף בן אברהם,,,Q1704663,Joseph ben Abraham Gikatilla,Spanish Rabbi in 13th century,19,search_rank_0|p31_human|name_partial|has_sitelinks,Q6288181,17,manual,name,"[{""qid"": ""Q1704663"", ""label"": ""Joseph ben Abraham Gikatilla"", ""desc"": ""Spanish Rabbi in 13th century"", ""score"": 19}, {""qid"": ""Q6288181"", ""label"": ""Joseph ben Abraham"", ""desc"": ""Philosopher and rabbi"", ""score"": 17}, {""qid"": ""Q117459442"", ""label"": ""יוסף בן אברהם אסכנדרני"", ""desc"": """", ""score"": 15}]"
34b978e3-7f45-446e-9cbe-c05956a114a2,"יוסף בן פ""ומ ר' לעמלי כהן",,,,,,0,,,0,manual,name,[]
d4b4972b-3f5c-4103-9772-a5ed48d077fa,"יוסף בע""מ פורת יוסף",,,,,,0,,,0,manual,name,[]
52c70c95-6bef-41d2-ae1f-ae8a1e3d1cc0,"יוסף בר""אצ",,,,,,0,,,0,manual,name,[]
8432b06c-e3a6-48b7-9270-b8a2ed0c5e8d,"יוסף בר""ה בר""ן",,,,,,0,,,0,manual,name,[]
527ebf09-cc17-4c58-8498-aa18ec5cf86b,"יוסף ב""ר הירש בר""נ",,,,,,0,,,0,manual,name,[]
e7a2a007-761f-48b3-8e7c-5cd366a38a20,יוסף ברוך,,,Q102183092,Joseph Baruch Muskat,American-Israeli mathematician,17,search_rank_0|p31_human|name_partial,Q7034306,17,manual,name,"[{""qid"": ""Q102183092"", ""label"": ""Joseph Baruch Muskat"", ""desc"": ""American-Israeli mathematician"", ""score"": 17}, {""qid"": ""Q7034306"", ""label"": ""Joseph B. Sermoneta"", ""desc"": ""Italian Hebraist and historian (1924-1992)"", ""score"": 17}, {""qid"": ""Q16130629"", ""label"": ""יוסף ברוך אפשטיין"", ""desc"": """", ""score"": 15}]"
a55e5f60-5e32-435b-8050-1011eb8d7042,"יוסף בר""ל",,,,,,0,,,0,manual,name,[]
53df83f9-3251-4c78-9115-ebd5729029b4,"יוסף בר""ם פרעגר",,,,,,0,,,0,manual,name,[]
69674aea-c199-4215-a420-fb4f49a0d47c,יוסף בר''ש בר''א,,,,,,0,,,0,manual,name,[]
5964e3f1-cacf-408e-90f5-1e16e83a218c,יוסף דעמוטה,,,,,,0,,,0,manual,name,[]
76d57f2e-ff99-48c7-a74d-0a8867813456,"יוסף דעסויא אצל רא""ד",,,,,,0,,,0,manual,name,[]
b255e64c-e36a-4410-b3ce-cc2edd2d33a6,יוסף האללי,,,,,,0,,,0,manual,name,[]
ad62862b-5bbf-45dc-b79a-b21366344cd3,יוסף הירצלס,,,,,,0,,,0,manual,name,[]
cef6b65b-119a-467e-bfab-5902825d2b4e,"יוסף חו""בק",,,,,,0,,,0,manual,name,[]
4c190986-1be3-4371-82d4-da4754d98434,"יוסף יוזיל צ""ד",,,,,,0,,,0,manual,name,[]
aeff07dc-457f-42f6-80e8-797f92ea29ce,יוסף יוזפא לו האל,,,,,,0,,,0,manual,name,[]
9c2819ec-1763-4553-8643-931628533e4c,יוסף לוצאטו איש איטליא מדי התמהמתי פה לונדן,,,,,,0,,,0,manual,name,[]
61b9aacd-6a2e-4b49-8473-debebca1f3a5,יוסף ליב בראנדיס,,,,,,0,,,0,manual,name,[]
cf96b58b-9a39-44c2-b28d-86519336720c,יוסף מייער,,,,,,0,,,0,manual,name,[]
d3ef797d-d30b-461d-be70-6ef13451e7c9,יוסף מפיעטרקוב,,,,,,0,,,0,manual,name,[]
f9651681-3e53-4c52-a14a-1dc0d757f846,יוסף משולם פייביל בן אברהם אבא,,,,,,0,,,0,manual,name,[]
5437d6b4-f569-469e-b061-7139288f26b8,יוסף משטיין הרט,,,,,,0,,,0,manual,name,[]
5a577494-3ed0-4568-974f-b4ab63dbc696,יוסף משפוליס,,,,,,0,,,0,manual,name,[]
57e785d8-9df4-4a55-90ca-c895785179d4,"יוסף נייאמארק בק""ב",,,,,,0,,,0,manual,name,[]
04ca02ff-e7de-4107-9dca-3e4974129524,יוסף עטטלינגען,,,,,,0,,,0,manual,name,[]
996dca9a-83be-43d6-a9c4-b73a5a9f848d,יוסף עשווא,,,,,,0,,,0,manual,name,[]
8c61c138-9df7-4b4b-b36e-07685eae7fe2,יוסף פליס,,,,,,0,,,0,manual,name,[]
95f3c597-f004-4f17-abe4-9ea1695cd374,יוסף צבי,,,Q96518,Joseph Carlebach,"natural scientist, Orthodox rabbi (1883–1942)",19,search_rank_0|p31_human|name_partial|has_sitelinks,Q12408028,17,manual,name,"[{""qid"": ""Q96518"", ""label"": ""Joseph Carlebach"", ""desc"": ""natural scientist, Orthodox rabbi (1883–1942)"", ""score"": 19}, {""qid"": ""Q12408028"", ""label"": ""Yosef Zvi Rimon"", ""desc"": ""Israeli poet (1889–1958)"", ""score"": 17}, {""qid"": ""Q549535"", ""label"": ""יוסף צבי הרץ"", ""desc"": ""רב בריטי"", ""score"": 15}, {""qid"": ""Q1708296"", ""label"": ""Joseph Hirsch Dünner"", ""desc"": ""Polish author (1833–1911)"", ""score"": 13}, {""qid"": ""Q112894782"", ""label"": ""Yosef Zvi Geiger"", ""desc"": """", ""score"": 11}, {""qid"": ""Q8055904"", ""label"": ""Yosef Tzvi Dushinsky"", ""desc"": ""Israeli rabbi"", ""score"": 9}]"
a07d72f6-2289-4537-8d4d-663444a5650d,יוסף קאהן,,,,,,0,,,0,manual,name,[]
754921ad-5f7f-4877-97cc-8050136179bc,יוסף ראטיבאר,,,,,,0,,,0,manual,name,[]
d97a49d2-f014-422f-a81b-b8cef41981ff,יוסף שאצקיש,,,,,,0,,,0,manual,name,[]
59aa289b-a052-4cbc-9f17-6a2a17002d56,"יוסף שטעטע, פ""ומ",,,,,,0,,,0,manual,name,[]
dbf47b49-a53e-45ef-a466-95317a96bf02,"יוסף שלמה, מליסא",,,,,,0,,,0,manual,name,[]
463b97ad-f96b-4222-9ef5-060272c9efba,"יורש, אהרון",,,,,,0,,,0,manual,name,[]
79d68a52-bfa3-4f8e-ad15-5af7938db26e,"יורש, בענדיט",,,,,,0,,,0,manual,name,[]
e687370b-fe4a-4c9a-9b98-92c58c61a917,יחזקאל הלוי לנדא,,,,,,0,,,0,manual,name,[]
b41e8c0e-c9bd-4b68-bdd7-b657a716deb1,"יחיאל ב""ר הירש בק""ב",,,,,,0,,,0,manual,name,[]
d2c36acb-14da-4a77-a3f0-c1861d2ed724,"יחיאל מיכל מ""ס",,,,,,0,,,0,manual,name,[]
49b65af7-2707-44c0-805f-b442ddc42b53,יחיאל מיכל פרענקעל ענדר,,,,,,0,,,0,manual,name,[]
0818dfde-4b0c-4cec-87e4-028d1a080558,"יחיאל מק""ב",,,,,,0,,,0,manual,name,[]
6b500da6-71f5-43ac-8e52-03757e9896b4,יחיאל קאפנהאגן,,,,,,0,,,0,manual,name,[]
abce09b7-c853-48de-b720-de46418bbdca,"י""ט בנעט",,,,,,0,,,0,manual,name,[]
12935abe-40d5-4de8-a56b-60460b8bed81,"יטלה מב""ת [וייזל]",,,,,,0,,,0,manual,name,[]
2cdb76e5-dadd-45c0-9f43-4f6139d5b886,יעקב אברהם בשן,,,,,,0,,,0,manual,name,[]
94d62b80-0c34-402c-ba87-3e0d37913278,יעקב אללענדארף,,,,,,0,,,0,manual,name,[]
47cd0b1c-75e4-48c1-b137-d93a5bc6bb17,"יעקב א""ש פייבל",,,,,,0,,,0,manual,name,[]
463e73c8-4bc8-4e53-8f46-4ab4e139f6e5,"יעקב ב""ה יו""טב",,,,,,0,,,0,manual,name,[]
ee4a09cd-4e46-4383-9710-cc6ceee1c473,"יעקב ב""ה מאיר",,,,,,0,,,0,manual,name,[]
6e58b74f-994a-4850-9ecb-e02d5db8823e,"יעקב בהרב ה""ג מ""הר""א",,,,,,0,,,0,manual,name,[]
2a339649-68a4-44f5-bba5-c3104a92d27e,יעקב בהרב מהו' יעקב משה,,,,,,0,,,0,manual,name,[]
831d1516-ad02-45fc-84de-e61a89779099,"יעקב בה""רר יוספא",,,,,,0,,,0,manual,name,[]
bf9d7ce5-e649-4ad1-b094-851415f4d4f6,יעקב בלאך,,,,,,0,,,0,manual,name,[]
20546c1d-009a-4609-a895-f973fc2a6ef2,יעקב בן גדליה,,,,,,0,,,0,manual,name,[]
c6bcaab1-5163-4371-a2d6-9cafa2cd6def,יעקב בן יצחק פלעקלש,,,,,,0,,,0,manual,name,[]
f4cf216c-43a5-448f-acdb-b0fe98f82eef,יעקב בן ישראל ביא,,,,,,0,,,0,manual,name,[]
75874f2a-bee5-4db9-994f-008d8fc3091f,יעקב בן ר' יוזפא ראנינבורג,,,,,,0,,,0,manual,name,[]
e4110f46-d03f-49a6-8082-538ba2cccf02,יעקב בעריש בערנשטיין,,,,,,0,,,0,manual,name,[]
c80573bf-ed54-4e4e-87b1-bbf1b84c96cb,"יעקב בער כ""ץ",,,,,,0,,,0,manual,name,[]
f28013c4-ca8a-49af-8711-3dc3e64760fd,"יעקב בער כ""ץ",,,,,,0,,,0,manual,name,[]
d23744e5-e922-4843-a903-0e2d258144e1,יעקב בר אורי הלוי,,,,,,0,,,0,manual,name,[]
0c2d4f1b-f5c3-44da-ac14-41945cc2b468,"יעקב ברא""פ",,,,,,0,,,0,manual,name,[]
8decec8b-e9cd-4616-963a-c7164310e880,"יעקב בר""א פ""ה",,,,,,0,,,0,manual,name,[]
6c7ebe1f-fa21-468e-8338-672eb88e40a7,"יעקב בר""ד יפה",,,,,,0,,,0,manual,name,[]
008d12c2-8c3a-4fd4-a1b2-279390f6ab08,"יעקב בר""י",,,,,,0,,,0,manual,name,[]
a1b58b62-0364-47ca-8d85-b001db3c5cce,"יעקב בר""יס בש""רל",,,,,,0,,,0,manual,name,[]
cdbc82d1-fb36-4475-b525-faae57367dbe,"יעקב בר""ק כ""ץ",,,,,,0,,,0,manual,name,[]
86227df0-a49f-458a-a7e7-3aedddfb0266,"יעקב בר""ש",,,,,,0,,,0,manual,name,[]
23862120-728f-426a-8695-850a82956e94,יעקב גלוגא,,,,,,0,,,0,manual,name,[]
430ce486-dacc-496a-bb8f-d8d148d6456c,יעקב האן,,,,,,0,,,0,manual,name,[]
90df73aa-1b27-48d8-9e4b-21433a0a42b0,יעקב האנק,,,,,,0,,,0,manual,name,[]
c329d869-4084-4ef4-9c34-63d152b4c510,יעקב הארן,,,,,,0,,,0,manual,name,[]
63a7505f-87ab-489d-8c24-9ef064702425,יעקב הירש קאסט,,,,,,0,,,0,manual,name,[]
b406ce69-c2e8-4dc2-8f48-65ef1157c9a6,יעקב וואלף מקאזיבע,,,,,,0,,,0,manual,name,[]
4e12c9f6-a8ed-4977-9f3d-75f9c7aeaef1,יעקב וועליש,,,,,,0,,,0,manual,name,[]
88804203-6eb7-4b5e-ba96-7d7bc76c1e05,יעקב חי חפץ,,,,,,0,,,0,manual,name,[]
793e9782-7e85-4a71-8dc2-1f0d5f9c8e0a,יעקב חיים בן יהושע הכהן,,,,,,0,,,0,manual,name,[]
36f35aa5-7567-4fee-8a24-b61ba041c3cf,יעקב לוי,,,Q1380932,Jacob Levy,"German rabbi, lexicographer and orientalist (1819–1892)",22,search_rank_0|p31_human|name_exact|has_sitelinks,Q7063104,20,manual,name,"[{""qid"": ""Q1380932"", ""label"": ""Jacob Levy"", ""desc"": ""German rabbi, lexicographer and orientalist (1819–1892)"", ""score"": 22}, {""qid"": ""Q7063104"", ""label"": ""יעקב לוי"", ""desc"": ""איש חינוך, מתורגמן, סופר והיסטוריון ישראלי"", ""score"": 20}, {""qid"": ""Q7033487"", ""label"": ""Jacky Levy"", ""desc"": ""Israeli journalist"", ""score"": 18}, {""qid"": ""Q6894453"", ""label"": ""Ya'akov Levi"", ""desc"": ""Israeli gymnast"", ""score"": 16}, {""qid"": ""Q29932433"", ""label"": ""יעקב לוי"", ""desc"": """", ""score"": 14}]"
b3debb6a-cfcc-4f7b-a7a0-c99fceea5139,"יעקב ליב פורכהיים, גב""צר",,,,,,0,,,0,manual,name,[]
2bf1ba22-6493-48d6-8643-6933590972c1,יעקב ליב פרענקל,,,,,,0,,,0,manual,name,[]
18143911-e8bf-46bc-8af7-7401819a1c13,יעקב לעווענשטיין,,,,,,0,,,0,manual,name,[]
1663e6f2-7f7f-4a71-89a0-ab8d17d0d10a,יעקב משה בן שאול,,,,,,0,,,0,manual,name,[]
c50127f4-aef6-4eea-b971-d2d5ca29571a,יעקב משה שאול,,,,,,0,,,0,manual,name,[]
61347efc-771e-4088-ac8b-8194b1c22465,"יעקב ס""גל נאטנזאהן",,,,,,0,,,0,manual,name,[]
b9221eab-2a59-4e7f-9285-a5c391a3d5d8,יעקב סופר,,,Q109316408,Jacob Schaefer,Russian-born American composer and choir leader,22,search_rank_0|p31_human|name_exact|has_sitelinks,Q137755430,20,manual,name,"[{""qid"": ""Q109316408"", ""label"": ""Jacob Schaefer"", ""desc"": ""Russian-born American composer and choir leader"", ""score"": 22}, {""qid"": ""Q137755430"", ""label"": ""יעקב סופר"", ""desc"": ""מנהל חברת החשמל בדרום"", ""score"": 20}]"
22051e52-0e15-4c71-8c9c-0bdb8c40626d,יעקב פפארצהיים,,,,,,0,,,0,manual,name,[]
61f66ef9-b8f1-4f17-a50d-bb7bfc35211e,יעקב צבי,,,Q336766,Jonathan Sacks,"British rabbi (1948–2020), Chief Rabbi of the United Hebrew Congregations of the Commonwealth (1991-2013) and Member of the House of Lords Lord Temporal (2009-2020)",19,search_rank_0|p31_human|name_partial|has_sitelinks,Q893270,17,manual,name,"[{""qid"": ""Q336766"", ""label"": ""Jonathan Sacks"", ""desc"": ""British rabbi (1948–2020), Chief Rabbi of the United Hebrew Congregations of the Commonwealth (1991-2013) and Member of the House of Lords Lord Temporal (2009-2020)"", ""score"": 19}, {""qid"": ""Q893270"", ""label"": ""Yaakov Tzvi Mecklenburg"", ""desc"": """", ""score"": 17}, {""qid"": ""Q102019519"", ""label"": ""Jacob Hirsch Sperling"", ""desc"": ""Galician Jewish Maskilic poet"", ""score"": 15}, {""qid"": ""Q4065854"", ""label"": ""Andrey Sedykh"", ""desc"": ""writer, journalist and editor (1902–1994)"", ""score"": 13}, {""qid"": ""Q110276142"", ""label"": ""יעקב צביה"", ""desc"": ""Israeli soldier"", ""score"": 11}]"
f2feec7c-1c38-4ce6-8ad2-8dfb3fc3d67a,יעקבקא הלוי לנדא,,,,,,0,,,0,manual,name,[]
4b0b8157-1ac5-4ef4-90f9-90bd6a2a50db,יעקב קוסיל,,,,,,0,,,0,manual,name,[]
96c9c503-72af-47c2-9652-59d55f0ffdfb,יעקב קראניק,,,,,,0,,,0,manual,name,[]
af248a8e-d2a7-4fea-9982-442d7589b874,יעקב שאף,,,,,,0,,,0,manual,name,[]
cd088fb2-bd0a-4fb8-8e96-12b8c7b57435,יעקב ששפורטס,,,,,,0,,,0,manual,name,[]
c863e158-3a27-45ba-80ec-0b7bc7f3ff03,"יעקוב א בן הגאון יחזקאל אב""ד דק""ק פראג",,,,,,0,,,0,manual,name,[]
558a317a-5e42-44ab-8939-a9d864ee6be1,יעקעל בעכער,,,,,,0,,,0,manual,name,[]
cd43b44a-72a4-4009-8d3c-9279ea67a4fe,"יפה, בונם בן פו""מ דניאל",,,,,,0,,,0,manual,name,[]
442fd8e1-b012-4c0d-abdb-6b3287f56bb9,"יפה, משה בן פו""מ דניאל",,,,,,0,,,0,manual,name,[]
0766c6e8-3efc-489c-83f9-fae305cc7568,יצחק אברהם הכהן,,,,,,0,,,0,manual,name,[]
8d8280d8-5918-42a5-826f-98566dd8e590,יצחק אייז' היילפרן,,,,,,0,,,0,manual,name,[]
9101a8cf-4a28-41cf-81ee-6d0d69330ba9,יצחק אייזק בן כה' מרדכי,,,,,,0,,,0,manual,name,[]
179d814c-53e7-48f9-91cd-e15fa3a67533,"יצחק אייזק ברמ""ס",,,,,,0,,,0,manual,name,[]
91ec26c7-f145-4c75-9086-fc09c5bfb123,יצחק איצק פרידלנד,,,,,,0,,,0,manual,name,[]
4ee05568-1d6f-4bf5-ad9b-384950e0a9f3,"יצחק בהרב ה""ה מוהר""ר מרדכי הלוי זצ""ל מלבוב",,,,,,0,,,0,manual,name,[]
37dd95fc-3a0c-4d44-b658-ebb9f78c7bef,יצחק בלאך,,,,,,0,,,0,manual,name,[]
88c42cbe-00cf-4c15-bb4c-1e848f144eb0,"יצחק במו' משה כ""ץ",,,,,,0,,,0,manual,name,[]
d683c06e-53d6-4f27-812d-14b0913dcf86,"יצחק בר""א",,,,,,0,,,0,manual,name,[]
0a46350d-fbac-471c-b941-e2ec0833ab04,יצחק הלוי מלבוב,,,,,,0,,,0,manual,name,[]
753777e5-59e6-4804-a1b3-2c94fa063ba5,יצחק הלוי מלבוב,,,,,,0,,,0,manual,name,[]
279c1305-4949-423f-bcb4-20477169bdcd,יצחק זאבי,,,,,,0,,,0,manual,name,[]
50cb36a9-af7b-49da-9f74-7fa75f199886,יצחק חיים ן' דנא די בריטו,,,,,,0,,,0,manual,name,[]
c6254666-0e24-47c8-a703-819a22db473a,"יצחק חר""מ איגר",,,,,,0,,,0,manual,name,[]
3bca18a6-dec3-43fb-a30e-11f6347ddc84,יצחק מרפורגו,,,,,,0,,,0,manual,name,[]
fdec3602-c8fc-4c3d-a427-52d9c0a31c6c,ירוחם איש באהר,,,,,,0,,,0,manual,name,[]
835179d4-4313-441f-84e9-c566948fe7af,ירוחם בן ישכר בער מלבוב,,,,,,0,,,0,manual,name,[]
5eae5612-5b12-410a-8f99-7a5684961524,"ירמי' בר""י",,,,,,0,,,0,manual,name,[]
851a840b-b3f5-4154-bee1-50834a452a34,"ירמי' בר""י",,,,,,0,,,0,manual,name,[]
dcb7c596-a654-4999-b467-5a193f082bd7,ירמי' דוסענזי,,,,,,0,,,0,manual,name,[]
8b51510c-35e0-414f-bb90-8744a85f74aa,ירמי' מהלברשטט,,,,,,0,,,0,manual,name,[]
23eb3190-8b5e-46d3-b919-54d998d7eb9a,ירמי' רופא,,,,,,0,,,0,manual,name,[]
2ecded78-ee65-4315-9f0e-310bfa259022,יש' בער מגזע צבי,,,,,,0,,,0,manual,name,[]
19b143ac-d610-41aa-a1f3-e63b575b20db,ישעי' בראנדיס,,,,,,0,,,0,manual,name,[]
ab297d50-bcce-427a-9aa3-b8c08154ba9f,ישעי' לוי,,,,,,0,,,0,manual,name,[]
7563afb0-28a9-47fb-b576-a10c7f2f0ca8,ישעי' ליב,,,,,,0,,,0,manual,name,[]
98c2ea0b-b47b-4356-b89f-e589ed8449e1,ישעי' פאלאק,,,,,,0,,,0,manual,name,[]
a850a645-c699-4fc0-80c9-c4fba4f9371e,ישראל אולמן,,,,,,0,,,0,manual,name,[]
4fb1f3bc-ee5b-46ff-a0a3-3b328fe996c3,"ישראל בן משה, מברסלאו",,,,,,0,,,0,manual,name,[]
2cb7a8aa-a214-432b-a195-1990f434a0c9,ישראל בער,,,Q2895123,Israil Bercovici,Romanian writer (1921-1988),19,search_rank_0|p31_human|name_partial|has_sitelinks,Q8053869,17,manual,name,"[{""qid"": ""Q2895123"", ""label"": ""Israil Bercovici"", ""desc"": ""Romanian writer (1921-1988)"", ""score"": 19}, {""qid"": ""Q8053869"", ""label"": ""Yisroel Ber Odesser"", ""desc"": ""Israeli rabbi"", ""score"": 17}, {""qid"": ""Q20606584"", ""label"": ""ישראל בערגער"", ""desc"": """", ""score"": 15}]"
6368a745-5772-49a4-87f6-2d09035d49ac,ישראל בערינשטיין,,,,,,0,,,0,manual,name,[]
2a88681e-87aa-40f1-a572-6382b24a73d2,"ישראל בר""י בה""ש",,,,,,0,,,0,manual,name,[]
0bf160e8-cd40-4151-8cbf-4fb37c79c991,"ישראל בר""י בה""ש",,,,,,0,,,0,manual,name,[]
34aa34cb-cfe7-4446-b574-873d261b4dd5,ישראל חיים דייטש,,,,,,0,,,0,manual,name,[]
3aa53f66-cdb4-44c9-88e2-df94b1984257,ישראל ליב שולהאף,,,,,,0,,,0,manual,name,[]
45aca5a9-063f-4e71-b549-3fd4d4e7aca1,ישראל פראנק,,,,,,0,,,0,manual,name,[]
6dff2ba1-8a58-44ce-9fd8-e3619cb7f2ce,יששכר בער וויזל,,,,,,0,,,0,manual,name,[]
7edf03f7-c795-459f-8afd-aecc28ec0281,יששכר בער מגזע צבי,,,,,,0,,,0,manual,name,[]
242b907f-1da3-47ef-8547-8290660e3d6b,"יששכר מפ""ד",,,,,,0,,,0,manual,name,[]
43fa0647-45c7-4707-ae51-2aa84ddadcf2,"כהן, בער אשקלוא",,,,,,0,,,0,manual,name,[]
88fc439a-9390-41a6-9739-10c65000d0eb,"כהן, זלמן",,,Q118927311,Zalman Kohen,,17,search_rank_0|p31_human|name_partial,Q189186,15,manual,name,"[{""qid"": ""Q118927311"", ""label"": ""Zalman Kohen"", ""desc"": """", ""score"": 17}, {""qid"": ""Q189186"", ""label"": ""Zelman Cowen"", ""desc"": ""former Governor-General of Australia (1919–2011)"", ""score"": 15}]"
4f858f3f-f6f7-4d2b-a96f-6742fda2abf4,"כהן, ירחמיאל פלק בן נתן",,,,,,0,,,0,manual,name,[]
68b28a5a-e419-4dca-8d75-67e9cb826019,"כהן, ליב",,,,,,0,,,0,manual,name,[]
a5dd7fc5-0493-43de-bcd7-e4780f09bcd9,"כהן ק""ב, הירש",,,,,,0,,,0,manual,name,[]
a7a36c0b-ede3-4c98-9b53-5f59d5f89ee9,כץ,,,Q8114053,Katz,family name,17,search_rank_0|name_exact|has_sitelinks,Q87485421,17,manual,name,"[{""qid"": ""Q8114053"", ""label"": ""Katz"", ""desc"": ""family name"", ""score"": 17}, {""qid"": ""Q87485421"", ""label"": ""Tamar Kricheli-Katz"", ""desc"": ""researcher"", ""score"": 17}, {""qid"": ""Q472619"", ""label"": ""שבתי הכהן"", ""desc"": ""מגדולי פוסקי ההלכה,  מחבר פירוש הש\""ך על שולחן ערוך"", ""score"": 15}, {""qid"": ""Q557719"", ""label"": ""הירש דוד קץ"", ""desc"": ""American scholar"", ""score"": 13}, {""qid"": ""Q5239373"", ""label"": ""David S. Katz"", ""desc"": ""Israeli historian"", ""score"": 9}, {""qid"": ""Q360152"", ""label"": ""כץ"", ""desc"": ""דף פירושונים"", ""score"": 7}, {""qid"": ""Q2611788"", ""label"": ""המעדנייה של כץ"", ""desc"": ""מסעדה בניו יורק"", ""score"": 6}]"
579daba4-ab4b-4e32-a63e-757fcf71cbef,"כץ, הירץ",,,,,,0,,,0,manual,name,[]
32965d1c-b92f-4ccb-a3a8-98fe4a35f72e,"כץ, ליב",,,,,,0,,,0,manual,name,[]
f22911a1-3b4b-411c-9e40-030b8e5f9dc4,לאזער ביעדערמאן,,,,,,0,,,0,manual,name,[]
28580640-8344-40cf-a0c3-89703b719686,"לאמניך, איזק",,,,,,0,,,0,manual,name,[]
a0ebd3f7-38c2-4037-80e9-364fc14926fa,"לאמניץ, סענדר",,,,,,0,,,0,manual,name,[]
1bbd0c78-1e83-4996-a2a9-3de0aed85305,"לאמניץ, סענדר",,,,,,0,,,0,manual,name,[]
fa371939-7595-4332-b7fa-57470974f73d,לאצאר ברייטלענפעלד,,,,,,0,,,0,manual,name,[]
9a3d366c-09e9-4482-8915-669cfe9c2e7a,לאצאר טרייפוס,,,,,,0,,,0,manual,name,[]
f59379ff-c540-4534-93b3-66c601184c7f,לביאה האלברשטאט,,,,,,0,,,0,manual,name,[]
6c8150ef-5d10-4efc-8dc5-aa35f47afd26,לואיס עפפינגער,,,,,,0,,,0,manual,name,[]
dea6e0bf-c9d9-435c-9dd5-4628ff06cc33,"לוונשטאם, שאול בן אריה ליב",,,,,,0,,,0,manual,name,[]
1afac4b8-a18b-49c4-ad0c-8f6094a1eb8d,"לוי, יהודה",,,Q16128575,Ariel Bension,Jewish writer (born 1880),22,search_rank_0|p31_human|name_exact|has_sitelinks,Q8051277,20,manual,name,"[{""qid"": ""Q16128575"", ""label"": ""Ariel Bension"", ""desc"": ""Jewish writer (born 1880)"", ""score"": 22}, {""qid"": ""Q8051277"", ""label"": ""יהודה לוי (פיזיקאי)"", ""desc"": ""פיזיקאי וחוקר יהדות אמריקאי ישראלי"", ""score"": 20}, {""qid"": ""Q1333311"", ""label"": ""Yehuda Levi"", ""desc"": ""Israeli actor and model"", ""score"": 13}, {""qid"": ""Q6654066"", ""label"": ""יהודה לוי (ביולוג)"", ""desc"": ""Israeli biologist"", ""score"": 11}, {""qid"": ""Q16129375"", ""label"": ""Yehuda Benari"", ""desc"": ""Israeli journalist"", ""score"": 9}, {""qid"": ""Q61965226"", ""label"": ""Yehuda Leurer"", ""desc"": ""Israeli Physician"", ""score"": 7}]"
1915a1c4-2ed8-43c2-87a8-ea6101b80b21,"לוי, יעקב",,,Q118915990,"Leṿi, Yaʻaḳov Leyb",,17,search_rank_0|p31_human|name_partial,Q1380932,15,manual,name,"[{""qid"": ""Q118915990"", ""label"": ""Leṿi, Yaʻaḳov Leyb"", ""desc"": """", ""score"": 17}, {""qid"": ""Q1380932"", ""label"": ""Jacob Levy"", ""desc"": ""German rabbi, lexicographer and orientalist (1819–1892)"", ""score"": 15}, {""qid"": ""Q7063104"", ""label"": ""יעקב לוי"", ""desc"": ""איש חינוך, מתורגמן, סופר והיסטוריון ישראלי"", ""score"": 13}, {""qid"": ""Q118924920"", ""label"": ""לוי, יעקב בן רפאל"", ""desc"": """", ""score"": 11}, {""qid"": ""Q7033487"", ""label"": ""Jacky Levy"", ""desc"": ""Israeli journalist"", ""score"": 9}, {""qid"": ""Q6894453"", ""label"": ""Ya'akov Levi"", ""desc"": ""Israeli gymnast"", ""score"": 7}, {""qid"": ""Q29932433"", ""label"": ""יעקב לוי"", ""desc"": """", ""score"": 7}]"
9298a867-1c3f-4892-8607-2dfd4b66f13b,"לוי, יעקב",,,Q118915990,"Leṿi, Yaʻaḳov Leyb",,17,search_rank_0|p31_human|name_partial,Q1380932,15,manual,name,"[{""qid"": ""Q118915990"", ""label"": ""Leṿi, Yaʻaḳov Leyb"", ""desc"": """", ""score"": 17}, {""qid"": ""Q1380932"", ""label"": ""Jacob Levy"", ""desc"": ""German rabbi, lexicographer and orientalist (1819–1892)"", ""score"": 15}, {""qid"": ""Q7063104"", ""label"": ""יעקב לוי"", ""desc"": ""איש חינוך, מתורגמן, סופר והיסטוריון ישראלי"", ""score"": 13}, {""qid"": ""Q118924920"", ""label"": ""לוי, יעקב בן רפאל"", ""desc"": """", ""score"": 11}, {""qid"": ""Q7033487"", ""label"": ""Jacky Levy"", ""desc"": ""Israeli journalist"", ""score"": 9}, {""qid"": ""Q6894453"", ""label"": ""Ya'akov Levi"", ""desc"": ""Israeli gymnast"", ""score"": 7}, {""qid"": ""Q29932433"", ""label"": ""יעקב לוי"", ""desc"": """", ""score"": 7}]"
a46aec35-f464-40ad-b5fb-fc41673e28cc,"לוי, שמואל",,,Q7499658,Shmuel Levi,Israeli painter (1884-1966),17,search_rank_0|p31_human|has_sitelinks,Q15437482,15,manual,name,"[{""qid"": ""Q7499658"", ""label"": ""Shmuel Levi"", ""desc"": ""Israeli painter (1884-1966)"", ""score"": 17}, {""qid"": ""Q15437482"", ""label"": ""Samuel Saul Levy"", ""desc"": ""French industrialist (1884-1966)"", ""score"": 15}, {""qid"": ""Q94579287"", ""label"": ""Chochko Levi"", ""desc"": ""Israeli footballer"", ""score"": 13}, {""qid"": ""Q47657921"", ""label"": ""Samuel Levi"", ""desc"": """", ""score"": 11}, {""qid"": ""Q92205090"", ""label"": ""Shmuel Levi (IDF Soldier)"", ""desc"": ""Israeli soldier"", ""score"": 9}]"
d9378a93-8e2f-4bb6-b544-821ed2a7cad4,ליאון ר' ראמאניני,,,,,,0,,,0,manual,name,[]
fc147c9b-069a-4c07-b927-3a54dc06b269,"ליב במהר""ז סג""ל",,,,,,0,,,0,manual,name,[]
77c67d81-f213-409b-b3d2-b197c251f8ca,ליב בן מהו' זאב וואלוף,,,,,,0,,,0,manual,name,[]
3d3c641d-9cbe-44fb-8827-810f8edd01ce,"ליב בן פ""ומ ר' זכרי' קליף",,,,,,0,,,0,manual,name,[]
aaf39c4c-e82e-452b-9b55-40c4d066dc38,"ליב בר""מ",,,,,,0,,,0,manual,name,[]
52b6e6eb-5462-4360-9f0d-9ae5a51de98d,"ליב בר""מ",,,,,,0,,,0,manual,name,[]
8b03418c-4420-465c-9874-2cbe1bbb6c41,"ליב בר""ם אפפענהיימער",,,,,,0,,,0,manual,name,[]
e328bd7e-7f7a-4bb9-a1f0-72089d367987,"ליב בר""נ",,,,,,0,,,0,manual,name,[]
28c29559-450c-47cf-9e27-3608ae085826,"ליב בר""פ כ""ץ",,,,,,0,,,0,manual,name,[]
0a1ffb56-6942-4cac-bb8e-f6b85565157d,"ליב בר""פ כ""ץ",,,,,,0,,,0,manual,name,[]
226367a1-ae3d-4133-864a-53f91a93a4c6,"ליב בר""פ כ""ץ",,,,,,0,,,0,manual,name,[]
8222046d-8bec-465c-bde8-12b1064093fa,ליב דאהם,,,,,,0,,,0,manual,name,[]
a23b1883-59fe-4550-8e76-d5d7c21ba02e,ליב דרעזדען,,,,,,0,,,0,manual,name,[]
59500e11-74c1-4c1f-9134-4f2edd9750ab,"ליב דרעזן מה""ש",,,,,,0,,,0,manual,name,[]
55d7a813-dded-465f-8215-60b3ddd23f7d,ליב הארצפעלד,,,,,,0,,,0,manual,name,[]
421a6215-456b-4cdf-b88a-c135b314d4ab,ליב הומבורג,,,,,,0,,,0,manual,name,[]
8162c020-6fa4-4516-aa11-3cfc42b7c55a,"ליב הנובר סג""ל",,,,,,0,,,0,manual,name,[]
37d6e236-fbc7-4dc5-95e8-7625fadf83f5,ליב הערלסהיים,,,,,,0,,,0,manual,name,[]
52fa4dfd-50ff-4314-9591-86c3836fd248,ליב מינדן,,,,,,0,,,0,manual,name,[]
d63d8488-31b1-49ef-a391-20399108b014,ליב קראנקע,,,,,,0,,,0,manual,name,[]
dc47d1d4-1e29-48bc-9592-4b5e75a9ffff,ליבש אברמאוויץ,,,,,,0,,,0,manual,name,[]
5352f1c3-057b-4dcf-a45b-2d350f11b700,ליבש בערינשטיין,,,,,,0,,,0,manual,name,[]
3a5503bb-7b14-44b7-96d2-8f3c0a5bf320,ליבש פשעווערסקער,,,,,,0,,,0,manual,name,[]
5b1ff474-60c7-4b62-93ff-3b46ed6533f3,ליזר באמבורג,,,,,,0,,,0,manual,name,[]
a1185167-b0ea-460f-b061-5e9bcdc6ee34,ליזר בישיטץ,,,,,,0,,,0,manual,name,[]
f4e2eb7b-defe-45ec-bd9b-fcd0f972a616,ליזר בישיטץ,,,,,,0,,,0,manual,name,[]
63cd45da-8154-4c0f-8a1c-223e5ff4d21e,"ליזר בר""ל פרענקל",,,,,,0,,,0,manual,name,[]
946a9f2c-60d3-48a3-bfae-7c6872ff6bfd,"ליזר בר""ש פרעגר",,,,,,0,,,0,manual,name,[]
a6a9c1ec-9617-49c4-bade-b6b6abaed573,ליזר נייאגאם,,,,,,0,,,0,manual,name,[]
221f7bd4-5550-4783-91d5-255c8848d6cb,ליזר קרא,,,,,,0,,,0,manual,name,[]
b0b709bb-4790-473e-a904-51494f3f1cf8,ליזר קראטשין,,,,,,0,,,0,manual,name,[]
dd6a379f-efd3-43a5-8283-ed71594b2fe4,לימא רעננער,,,,,,0,,,0,manual,name,[]
3c672495-3953-4871-8343-ac8278af48b9,ליפמאן אלעקסאנדר,,,,,,0,,,0,manual,name,[]
98e729f9-a18f-40e1-a610-d7be6b83d0e0,ליפמן אויבינבאכר,,,,,,0,,,0,manual,name,[]
f24a7828-0ad7-4d80-8e0b-7646ddeab2f1,ליפמן בערלין (Hofrat),,,,,,0,,,0,manual,name,[]
6151a14c-a9ee-40db-be05-797f4fe7150b,"ליפמן בר""ה ריס",,,,,,0,,,0,manual,name,[]
0900dc4c-6356-4c96-9c6c-9dae0d4988c8,"ליפמן בר""מ",,,,,,0,,,0,manual,name,[]
591765be-51d9-497c-95dc-dbbee510ad54,"ליפמן בר""מ לוי",,,,,,0,,,0,manual,name,[]
5dddb9c7-6ed1-4328-bd14-ecd899aeea50,ליפמן פאהן,,,,,,0,,,0,manual,name,[]
f8120ab4-b9c1-4287-8bf9-6a168b0c1408,"ליפמן ר""ק",,,,,,0,,,0,manual,name,[]
5d40f2ad-4a15-4dbc-b687-50c308e793d7,ליפמן שטורם,,,,,,0,,,0,manual,name,[]
df431c57-62c8-4ae9-8a56-bb288e23fa23,ל' לעסינג (Dr. med.),,,,,,0,,,0,manual,name,[]
3951a6cb-3fa4-40c7-b92e-e022653742f1,"לנדסבערג, חיים",,,,,,0,,,0,manual,name,[]
0cd90b92-e105-4196-9879-c57b0ff5fb5b,לעאנהערד געץ,,,,,,0,,,0,manual,name,[]
3fa01575-5a3b-4c90-9706-b6746c00b290,"לעאפאלד, עדלער פאן הערץ",,,,,,0,,,0,manual,name,[]
88e00df8-b3b6-48b4-ab92-4efce382f713,לעוו באבעללע,,,,,,0,,,0,manual,name,[]
1688d4e4-2af6-47f8-9e39-f807f70f5e7f,לעזער קליינבערג,,,,,,0,,,0,manual,name,[]
76831953-7d8e-458e-8d06-ca5b1495af96,לעזער ראטטענבערג,,,,,,0,,,0,manual,name,[]
c50458b1-0143-4b88-bcd4-8b56e972fc38,"לעמלי בן פ""ומ ר""מ ג""ר",,,,,,0,,,0,manual,name,[]
3d617b73-aaa7-427e-b588-691e6b05eccc,לעקיש וורבורג,,,,,,0,,,0,manual,name,[]
aad5e8a0-956c-4b04-9210-11019f86b17d,לעקש,,,,,,0,,,0,manual,name,[]
fbb13ef2-9ec2-4c8c-9c16-a55becb70351,"מאדאם קילא אלמנת ר' יקותיאל פו""מ",,,,,,0,,,0,manual,name,[]
4c5bef4e-3f51-4375-a150-80c419d58ddb,"מאדאם קרינלה אלמנת ר""י אמספארט",,,,,,0,,,0,manual,name,[]
aef8e2c6-ef14-45d4-b9b3-a950251c7f28,מאדאם רייצל יאעל,,,,,,0,,,0,manual,name,[]
4f832a0d-2dd2-4280-b853-b10c06122efd,מאדאם שארלאטטע דוקאס,,,,,,0,,,0,manual,name,[]
60811cf1-8f73-432a-a442-0ce3db0dd3d6,מאזעס גרינבוים,,,,,,0,,,0,manual,name,[]
e3648d36-95b4-4e42-b023-81692af7c56b,מאזעס טויבער,,,,,,0,,,0,manual,name,[]
4849aeac-0451-4042-a1cc-1ff71f0e25c9,מאזעס מאהל (Dr. med.),,,,,,0,,,0,manual,name,[]
454cc5ab-43be-4055-938f-6d571a7b66b8,מאזעס קאבלענצער,,,,,,0,,,0,manual,name,[]
c76afcaa-aae6-40c2-ae46-ad44c845d63f,מאזעס קאסאוויטץ קאפפעלמאן,,,,,,0,,,0,manual,name,[]
fc033113-d133-4a34-9370-0f5ad7f54993,מאזעס שטראנע,,,,,,0,,,0,manual,name,[]
a3145c56-00bf-4969-a138-7c0980535133,מאי בער,,,,,,0,,,0,manual,name,[]
d3bf4e63-ad61-46fc-ab43-b5547e9313e8,מאייועס בראדא,,,,,,0,,,0,manual,name,[]
a344033e-5754-437e-9879-762a128d0c68,מאייער בייאפוס,,,,,,0,,,0,manual,name,[]
d533703a-0558-446b-9714-3ac149a8980f,מאייער ס' רעגענסבורגער,,,,,,0,,,0,manual,name,[]
9bf79e07-6e42-46b7-a521-52db1df780c5,מ' אי' ליידעסדארף,,,,,,0,,,0,manual,name,[]
fd740a8f-2eeb-42a0-bba3-3498937399e4,מאיר איגיר,,,,,,0,,,0,manual,name,[]
4bf09db9-4de8-4830-b8c1-0c4a5b23df6f,מאיר איגר,,,,,,0,,,0,manual,name,[]
8ed7f608-7596-49c3-b38a-95aa93a5c654,מאיר אסטערזעטצער,,,,,,0,,,0,manual,name,[]
0f656f70-38d4-4ee7-bf1d-5af4aa34741a,"מאיר ב""ה",,,,,,0,,,0,manual,name,[]
62096773-c852-4429-a450-46c25eec289f,מאיר בישיטץ,,,,,,0,,,0,manual,name,[]
dc80b39a-a513-4d61-af0e-a851935d6eb5,"מאיר בן כהר""ר שמואל פלקלש",,,,,,0,,,0,manual,name,[]
8631e665-abfe-40ca-a724-9bbe1f590705,מאיר בן שמואל פלקלש,,,,,,0,,,0,manual,name,[]
a8bdc502-3598-4152-8cad-c826139e3742,מאיר בעריל,,,,,,0,,,0,manual,name,[]
920c33d3-1375-43ac-9137-ab2b5b12cab8,"מאיר בערנהארד בק""ב",,,,,,0,,,0,manual,name,[]
0b5ab090-d86b-400d-ac9e-6495cd9b9051,"מאיר בר""ד שוחט",,,,,,0,,,0,manual,name,[]
b414b4f9-a1f7-4e7d-a4dc-40feb8ad8c21,"מאיר בר""י ג""ש מש""ל",,,,,,0,,,0,manual,name,[]
2c30fa7b-15b3-4957-8d5c-7aef2cf9373d,מאיר הויזן,,,,,,0,,,0,manual,name,[]
8f050208-6cc0-4a8c-bd57-22f8bba5eac9,מאיר הויזן,,,,,,0,,,0,manual,name,[]
91813c59-75c9-475f-a0fe-d9d3293ecd1d,מאיר ווארבורג,,,,,,0,,,0,manual,name,[]
0606be9d-e373-41c4-82a3-c45ea7d90dd2,מאיר וועליוא,,,,,,0,,,0,manual,name,[]
945b4456-3474-46db-9a40-559d72eef3fb,מאיר חיות,,,,,,0,,,0,manual,name,[]
79a34e90-9e45-40ac-94fc-a91502392896,מאיר מטריאר,,,,,,0,,,0,manual,name,[]
33e1bd95-7130-4f13-9ea1-59b68ec16cb1,"מאיר מ""ס",,,,,,0,,,0,manual,name,[]
af11f1db-a808-4741-a6ad-ebc95fac0646,מאיר נאדלער,,,,,,0,,,0,manual,name,[]
3b8e1a5d-45e0-4781-bd93-f6b349a54c62,מאיר סארלוויל,,,,,,0,,,0,manual,name,[]
e1de9885-52d7-4b07-9c72-a7ed6f9c9943,מאיר סופקא,,,,,,0,,,0,manual,name,[]
91958028-536b-4c69-8406-c26cb4906371,מאיר פיורדא,,,,,,0,,,0,manual,name,[]
237c0b34-730d-42eb-b0f8-f35ea75797c4,מאיר פיורדא,,,,,,0,,,0,manual,name,[]
50469467-8735-4279-826e-43aa92740124,מאיר פירדא,,,,,,0,,,0,manual,name,[]
837c5a25-b2ea-4391-bf97-c8d769e9c3f6,מאיר פירדא,,,,,,0,,,0,manual,name,[]
3a6df97a-4cce-487a-861d-60de8e7237b6,"מאיר פ""ל",,,,,,0,,,0,manual,name,[]
0e0730de-fed4-499e-a0c2-ee90c009380a,מאיר ראובנס,,,,,,0,,,0,manual,name,[]
368f1a6b-6479-4aa8-a273-7ca9a96607f2,מאיר ראוויץ,,,,,,0,,,0,manual,name,[]
fb667d95-6bb5-4edc-beed-c0b9ae6b1bd0,מאיר ראקנין,,,,,,0,,,0,manual,name,[]
f3b6d767-d58d-45a6-985e-a92ee0412122,מאיר שלעזינגר,,,,,,0,,,0,manual,name,[]
8446df82-5701-4dbf-a77c-e2091f2d391d,מאנדעל סאללאן,,,,,,0,,,0,manual,name,[]
273dd1dd-dd61-4d62-9c8e-8efdec133a70,"מאניס בר""א גבר",,,,,,0,,,0,manual,name,[]
65bd0c23-4ad7-47b4-8d7b-1dd5ee31de28,"מאנלי פ""ד",,,,,,0,,,0,manual,name,[]
dd867919-b7aa-4d3b-afb7-64989b620bb5,מאקסמיליאן טרעביטש,,,,,,0,,,0,manual,name,[]
21ea3821-5b54-4529-b650-3f0f886b94af,מאקסעל אשער,,,,,,0,,,0,manual,name,[]
84b66e31-c367-406e-b72c-687dadffc10f,מאריץ קאבלענצער,,,,,,0,,,0,manual,name,[]
8d1364be-11ff-4fb8-8fa1-6d3dd264dc7a,מארקוס אפענהיימער,,,,,,0,,,0,manual,name,[]
9f3bb6d3-ceae-4bb2-98ea-7e1d3669bcea,מארקוס באסקאוויטץ,,,,,,0,,,0,manual,name,[]
f8175413-2041-430c-a9d4-e0e2fa4402b7,מארקוס ביילל,,,,,,0,,,0,manual,name,[]
ef22d183-17a0-41ef-aa7c-fc43fd238a13,מארקוס זעליגסבערג,,,,,,0,,,0,manual,name,[]
448d1c9e-cfbf-471d-bff0-7f56606e0f58,"מארקוס טורנויער, ר""בד ור""הק",,,,,,0,,,0,manual,name,[]
406e4bb0-2064-4fec-902f-4557168f2fa9,מארקוס ליידעסדארפער,,,,,,0,,,0,manual,name,[]
acf8f442-abdf-42dd-9291-9af455702efa,מארקוס סוידעק,,,,,,0,,,0,manual,name,[]
8f472f62-babd-4bb1-8fd3-cc3360c424dd,מארקוס ענגעלענדער,,,,,,0,,,0,manual,name,[]
0470cd09-6868-41c3-81bb-6da97da41d87,מארקוס פפייפער,,,,,,0,,,0,manual,name,[]
4cd3806a-6a96-4df7-997c-9523d6212fb7,מארקוס פרענקעל,,,,,,0,,,0,manual,name,[]
e574dfa6-38de-44ad-a45b-79a3f67d1d7c,מארקוס שטראסער,,,,,,0,,,0,manual,name,[]
6e92601f-af23-4865-8bcd-51496a0ef491,מארקוס שלעזינגער,,,,,,0,,,0,manual,name,[]
8fe07a07-33c1-4d16-809f-d135013ffbff,מארקס הירש האנויא,,,,,,0,,,0,manual,name,[]
c76bd260-2220-4494-bbc4-a83c97eb986f,מארקס זאלמאן גאלדשטיקר,,,,,,0,,,0,manual,name,[]
db38a279-76ef-4a53-bf0c-15cd18421513,מ' ג' פירטה,,,,,,0,,,0,manual,name,[]
6b415999-eba2-4b8b-a240-d2fe58d8ced4,"מודינה, דוד בן-ציון בן אברהם",,,,,,0,,,0,manual,name,[]
5b2ccd50-6b99-477a-92ca-18d764734f54,"מוהר, יוזל",,,,,,0,,,0,manual,name,[]
4474e03a-df17-464b-8c02-98a72e048853,"מור (מוהר), יוסף שמעון",,,,,,0,,,0,manual,name,[]
66e5a32b-d23d-4702-aeb6-9a5607944234,מיחאל באבראווסקי,,,,,,0,,,0,manual,name,[]
b54e0c6a-5722-4a9d-91cc-0ecca268ab22,מיינסטר בעק,,,,,,0,,,0,manual,name,[]
aa607f4b-3125-4a29-9912-f4e626ba5585,"מיכאל בלא""א המנוח מו""ה זנוויל בכרך",,,,,,0,,,0,manual,name,[]
ccbf1270-2a77-4c40-81b4-02791c28ae55,מיכאל חיים,,,,,,0,,,0,manual,name,[]
8e985afc-ce0c-49f2-b695-0572bfe40177,מיכאל חיים מעזחאד,,,,,,0,,,0,manual,name,[]
efcf3512-1b47-4157-8033-1aa0ccc179b2,"מיכאל חר""ג",,,,,,0,,,0,manual,name,[]
0b2b5ee0-d6f5-40bc-8589-b83470f02a93,מיכאל יאווירעווער,,,,,,0,,,0,manual,name,[]
390f6fad-518d-48fb-b6f8-3f2e1f664817,מיכאל יוזעפא,,,,,,0,,,0,manual,name,[]
21052035-ca54-4671-af68-7a51b3a83e51,מיכאל ליסא,,,,,,0,,,0,manual,name,[]
b135e277-4102-44b4-826b-830dc515e428,מיכאל פרייהאן,,,,,,0,,,0,manual,name,[]
387212c9-559b-4a82-8f10-05fefc02641c,מיכל וואלף,,,,,,0,,,0,manual,name,[]
0463af6a-0299-41cd-a79c-a0787b611da5,מיכל טייגער,,,,,,0,,,0,manual,name,[]
4d2ed879-bb98-4175-b8a7-c139be12706f,מיכל ליבנויער,,,,,,0,,,0,manual,name,[]
2f717a8c-356b-4d18-b86c-4cea50a304d7,"מיכל מ""ס",,,,,,0,,,0,manual,name,[]
0407bdef-3c73-4262-b4ec-b3e6b3c87c0a,"מיכל פ""ל מק""ב",,,,,,0,,,0,manual,name,[]
860c6e4f-0daf-4b7a-8bd2-d24e3aa0393b,מיכל שלעזינגר,,,,,,0,,,0,manual,name,[]
5f52c042-99f7-47a1-8e81-fecc597420c3,מיכעל סימאנס,,,,,,0,,,0,manual,name,[]
ea0a0452-890e-4a00-adae-ef8a3ce9476e,מילבערג,,,,,,0,,,0,manual,name,[]
c3c654cc-c9a9-44df-8a4f-70e9c3fa9959,"מינדין, יוזפא",,,,,,0,,,0,manual,name,[]
c263c57a-9768-406b-95c2-f012cdd166f7,"מינדן, יהודה ליב בן יואל",,,,,,0,,,0,manual,name,[]
d4d69f50-18f1-4dec-b305-f7e608a201fb,מיענדעל רעננער,,,,,,0,,,0,manual,name,[]
f8403bf6-6b8c-4103-b277-4399344321a0,מלאכת שבא,,,,,,0,,,0,manual,name,[]
835b31c3-1482-4a7a-a34f-31a108964232,מ' ל' גאלדשמיעד,,,,,,0,,,0,manual,name,[]
27aa3353-2b9f-44dd-8bc1-e5cf580558e0,"מ""מ אברהם שול הויף מ""ס",,,,,,0,,,0,manual,name,[]
fa68404e-a8ef-4e9f-8f0c-7c4cddd31c1e,מנדל אפנהיים,,,,,,0,,,0,manual,name,[]
739a0171-59df-4c7a-bf62-c959d1536d01,מנחם עמנואל וייזל,,,,,,0,,,0,manual,name,[]
5a3fa1b1-4825-4348-bc88-b8b010e6a7c9,"מעזריטש, יואל",,,,,,0,,,0,manual,name,[]
656049cf-3355-4b06-9981-8d99acfcb928,מ' עטטינגער,,,,,,0,,,0,manual,name,[]
72f80943-3b3f-466e-859c-eec67f1b1571,"מענדל [אביו של מנדלסון (פרנקפורט), משה]",,,,,,0,,,0,manual,name,[]
aca1abb3-e9b8-4bf9-bd5e-c6380146d2d6,"מענדל אפנהיים בק""ב",,,,,,0,,,0,manual,name,[]
49857e16-6654-4497-9aa4-1037b974b7d4,"מענדל בר""א",,,,,,0,,,0,manual,name,[]
703a02d0-6502-42f7-9297-d3c5bdccb2ad,"מענדל בר""א בק""ב",,,,,,0,,,0,manual,name,[]
23bbe7c2-e01e-4f66-aa1a-576abf66302a,"מענדל בר""י",,,,,,0,,,0,manual,name,[]
6815eea4-c0ce-47a8-a82d-d7b645de186e,"מענדל בר""י כ""ץ",,,,,,0,,,0,manual,name,[]
10278c6a-19c3-4c89-a015-9baf90d99040,"מענדל בר""ן",,,,,,0,,,0,manual,name,[]
52d9e883-6628-42bb-8c10-8cde072b341c,"מענדל ברעסלוי בק""ב",,,,,,0,,,0,manual,name,[]
69019ad1-c73d-45c6-996f-599d01e37bf2,מענדל ווערטהיימר,,,,,,0,,,0,manual,name,[]
f4840517-9c1e-4521-a00a-a524efbb7c52,מענדל זעללער,,,,,,0,,,0,manual,name,[]
d3816036-edf1-416c-9586-30edb2fe44a4,מענדל ליידסדורף,,,,,,0,,,0,manual,name,[]
d7f0b00c-20bf-4b3a-a18b-a05e32868f2e,מענדל ליידסדורף,,,,,,0,,,0,manual,name,[]
84eb0e59-0f13-46c9-b060-0fc44815b3a6,"מענדלסזאהן, יוסף",,,,,,0,,,0,manual,name,[]
edb49fb8-0f21-4088-ab50-5fbeee72330a,מענדל עטטינגר,,,,,,0,,,0,manual,name,[]
114b48df-f850-433a-b5e3-4051d7517159,מענדל שפירא,,,,,,0,,,0,manual,name,[]
44500e60-3703-4e6a-a4c6-e956a0a5da4e,"מענץ, אברהם יוסף",,,Q55603100,Abraham Joseph Menz,Rabbi and mathematician,17,search_rank_0|p31_human|has_sitelinks,,0,auto,name,"[{""qid"": ""Q55603100"", ""label"": ""Abraham Joseph Menz"", ""desc"": ""Rabbi and mathematician"", ""score"": 17}]"
b7cb407e-6bbd-4192-89a1-39d463c6684b,"מרגליות, יהודה ליב בן אשר זליג",,,,,,0,,,0,manual,name,[]
0730572b-8040-4613-8427-6ac63543fc84,"מרגליות, יהודה ליב בן אשר זליג",,,,,,0,,,0,manual,name,[]
62fb38e6-9f5d-473c-a9e9-bc3b009a6f31,"מרגליות, יהודה ליב בן אשר זליג",,,,,,0,,,0,manual,name,[]
f340bf92-b95a-48bf-876b-972c543f0627,מרדכי,,,Q51917019,Mordechai,male given name (מרדכי),15,search_rank_0|name_exact,Q1136380,15,manual,name,"[{""qid"": ""Q51917019"", ""label"": ""Mordechai"", ""desc"": ""male given name (מרדכי)"", ""score"": 15}, {""qid"": ""Q1136380"", ""label"": ""מרדכי היהודי"", ""desc"": ""אחד מגיבורי מגילת אסתר"", ""score"": 15}, {""qid"": ""Q12409480"", ""label"": ""Mordechai Altshuler"", ""desc"": ""Israeli historian (1932-2019)"", ""score"": 15}, {""qid"": ""Q3862863"", ""label"": ""Mordecai"", ""desc"": ""männlicher Vorname"", ""score"": 11}, {""qid"": ""Q21509125"", ""label"": ""Mordecai"", ""desc"": ""Familienname"", ""score"": 9}, {""qid"": ""Q20000620"", ""label"": ""מרדכי"", ""desc"": ""שם פרטי גברי (Mordechai)"", ""score"": 7}]"
d4aca39b-e8cd-4fea-b3e9-a4c5724399f2,מרדכי,,,Q51917019,Mordechai,male given name (מרדכי),15,search_rank_0|name_exact,Q1136380,15,manual,name,"[{""qid"": ""Q51917019"", ""label"": ""Mordechai"", ""desc"": ""male given name (מרדכי)"", ""score"": 15}, {""qid"": ""Q1136380"", ""label"": ""מרדכי היהודי"", ""desc"": ""אחד מגיבורי מגילת אסתר"", ""score"": 15}, {""qid"": ""Q12409480"", ""label"": ""Mordechai Altshuler"", ""desc"": ""Israeli historian (1932-2019)"", ""score"": 15}, {""qid"": ""Q3862863"", ""label"": ""Mordecai"", ""desc"": ""männlicher Vorname"", ""score"": 11}, {""qid"": ""Q21509125"", ""label"": ""Mordecai"", ""desc"": ""Familienname"", ""score"": 9}, {""qid"": ""Q20000620"", ""label"": ""מרדכי"", ""desc"": ""שם פרטי גברי (Mordechai)"", ""score"": 7}]"
c3e5da96-e7f7-4b61-bc29-40aafb90d87a,מרדכי,,,Q51917019,Mordechai,male given name (מרדכי),15,search_rank_0|name_exact,Q1136380,15,manual,name,"[{""qid"": ""Q51917019"", ""label"": ""Mordechai"", ""desc"": ""male given name (מרדכי)"", ""score"": 15}, {""qid"": ""Q1136380"", ""label"": ""מרדכי היהודי"", ""desc"": ""אחד מגיבורי מגילת אסתר"", ""score"": 15}, {""qid"": ""Q12409480"", ""label"": ""Mordechai Altshuler"", ""desc"": ""Israeli historian (1932-2019)"", ""score"": 15}, {""qid"": ""Q3862863"", ""label"": ""Mordecai"", ""desc"": ""männlicher Vorname"", ""score"": 11}, {""qid"": ""Q21509125"", ""label"": ""Mordecai"", ""desc"": ""Familienname"", ""score"": 9}, {""qid"": ""Q20000620"", ""label"": ""מרדכי"", ""desc"": ""שם פרטי גברי (Mordechai)"", ""score"": 7}]"
4e21776e-7644-45e7-8302-378f527f9ec1,מרדכי,,,Q51917019,Mordechai,male given name (מרדכי),15,search_rank_0|name_exact,Q1136380,15,manual,name,"[{""qid"": ""Q51917019"", ""label"": ""Mordechai"", ""desc"": ""male given name (מרדכי)"", ""score"": 15}, {""qid"": ""Q1136380"", ""label"": ""מרדכי היהודי"", ""desc"": ""אחד מגיבורי מגילת אסתר"", ""score"": 15}, {""qid"": ""Q12409480"", ""label"": ""Mordechai Altshuler"", ""desc"": ""Israeli historian (1932-2019)"", ""score"": 15}, {""qid"": ""Q3862863"", ""label"": ""Mordecai"", ""desc"": ""männlicher Vorname"", ""score"": 11}, {""qid"": ""Q21509125"", ""label"": ""Mordecai"", ""desc"": ""Familienname"", ""score"": 9}, {""qid"": ""Q20000620"", ""label"": ""מרדכי"", ""desc"": ""שם פרטי גברי (Mordechai)"", ""score"": 7}]"
310fab22-55a5-4abf-bac2-55fa9bcffca5,מרדכי איידלין,,,,,,0,,,0,manual,name,[]
6ffbd69e-4269-43ce-ac21-3988d8441996,מרדכי בורמט,,,,,,0,,,0,manual,name,[]
01649f6b-21bb-4098-bfb2-07fa387decd0,מרדכי בלאך,,,,,,0,,,0,manual,name,[]
4b34e32a-d737-48c6-9d30-a249ca424636,"מרדכי במהורר יעקב ז""ל",,,,,,0,,,0,manual,name,[]
5bc04457-b943-471e-aa35-d7abc777b0ab,"מרדכי ב""מ שלום",,,,,,0,,,0,manual,name,[]
c98a5e8d-1dba-4b75-be17-57b229282026,"מרדכי בן יצחק, הלוי",,,,,,0,,,0,manual,name,[]
f206e68a-4733-4d9a-a4f2-c5af37f7c59d,"מרדכי ב""ר יואל כ""ץ בפד""א",,,,,,0,,,0,manual,name,[]
bfe66042-7887-4658-918c-82d198980983,"מרדכי בר""י שלעזינגר בה""ב",,,,,,0,,,0,manual,name,[]
cf7ea982-cf76-432f-836d-78d2d7cab198,"מרדכי בר""ש",,,,,,0,,,0,manual,name,[]
00f8373e-c7d0-4e8d-9be7-ffbe67a65808,מרדכי האדאראווער,,,,,,0,,,0,manual,name,[]
6e986658-156a-4355-9aed-9b8ef1dd5c6a,מרדכי הירץ,,,,,,0,,,0,manual,name,[]
27885057-28e6-4de0-b7d9-07ad9d7d4ffb,"מרדכי וועלי בק""ב",,,,,,0,,,0,manual,name,[]
f9427653-caac-4817-beb2-24a341c286a0,מרדכי זאב,,,Q2142351,Waldemar Haffkine,bacteriologist (1856–1930),19,search_rank_0|p31_human|name_partial|has_sitelinks,Q1947397,17,manual,name,"[{""qid"": ""Q2142351"", ""label"": ""Waldemar Haffkine"", ""desc"": ""bacteriologist (1856–1930)"", ""score"": 19}, {""qid"": ""Q1947397"", ""label"": ""Mordecai Ehrenpreis"", ""desc"": ""Swedish rabbi (1869–1951)"", ""score"": 17}, {""qid"": ""Q7064938"", ""label"": ""Mordecai Zeʼev Feuerberg"", ""desc"": ""Hebrew writer"", ""score"": 15}, {""qid"": ""Q20607296"", ""label"": ""מרדכי זאב האלבערשטאם"", ""desc"": """", ""score"": 13}, {""qid"": ""Q2891922"", ""label"": ""מרדכי זאב ברוידא"", ""desc"": ""פוליטיקאי פולני"", ""score"": 11}]"
797c7269-23fc-49c0-a1b0-7aefe4feaf1f,מרדכי זאב,,,Q2142351,Waldemar Haffkine,bacteriologist (1856–1930),19,search_rank_0|p31_human|name_partial|has_sitelinks,Q1947397,17,manual,name,"[{""qid"": ""Q2142351"", ""label"": ""Waldemar Haffkine"", ""desc"": ""bacteriologist (1856–1930)"", ""score"": 19}, {""qid"": ""Q1947397"", ""label"": ""Mordecai Ehrenpreis"", ""desc"": ""Swedish rabbi (1869–1951)"", ""score"": 17}, {""qid"": ""Q7064938"", ""label"": ""Mordecai Zeʼev Feuerberg"", ""desc"": ""Hebrew writer"", ""score"": 15}, {""qid"": ""Q20607296"", ""label"": ""מרדכי זאב האלבערשטאם"", ""desc"": """", ""score"": 13}, {""qid"": ""Q2891922"", ""label"": ""מרדכי זאב ברוידא"", ""desc"": ""פוליטיקאי פולני"", ""score"": 11}]"
4f8af1a2-0fe0-411a-af1d-27440b00d14c,מרדכי לוי,,,Q11786152,Mottie Levy,,22,search_rank_0|p31_human|name_exact|has_sitelinks,Q1247506,20,manual,name,"[{""qid"": ""Q11786152"", ""label"": ""Mottie Levy"", ""desc"": """", ""score"": 22}, {""qid"": ""Q1247506"", ""label"": ""מרדכי לוי"", ""desc"": ""דיפלומט ישראלי"", ""score"": 20}]"
6fa94cbd-e00e-4e1e-8ad8-3bdf231169b0,מרדכי לעוונשטאם,,,,,,0,,,0,manual,name,[]
e7f3aedb-2c01-415a-a02f-a4dd54725b2a,מרדכי מאוש גואהלענער,,,,,,0,,,0,manual,name,[]
a9ba0b83-85bc-4ed0-9238-1e42cf200198,מרדכי מגלוסק,,,,,,0,,,0,manual,name,[]
0de9a25d-db05-4037-a7d3-6ee9fa196328,מרדכי מייזיל,,,,,,0,,,0,manual,name,[]
cae698bb-7c30-4992-8146-17f0b7a6fb60,מרדכי פערלהעפטער,,,,,,0,,,0,manual,name,[]
3eefab4e-a969-426e-88f0-8303e44b4a22,מרדכי צבי הירש ביק,,,,,,0,,,0,manual,name,[]
0850c4f7-be72-47d8-8cc4-cd87a6b224f6,מרדכי רופא,,,,,,0,,,0,manual,name,[]
72b257ba-b93d-41ae-b147-18d4d1bc4cb3,מרים איציג (אשת ר' דניאל יפה),,,,,,0,,,0,manual,name,[]
1bdb5c59-d59b-4192-8953-1f8420fe5a97,"מרש, חיים בר""א",,,,,,0,,,0,manual,name,[]
f950fd06-bc20-43d7-8aec-518377a63bea,משה איסר אבאמארע,,,,,,0,,,0,manual,name,[]
1d7d4f37-c8f2-4db6-8cc3-cd4c6a9aee92,"משה אפנהיים בק""ב",,,,,,0,,,0,manual,name,[]
cb035d49-3fa0-4f26-b779-1eb354190e6e,משה בורג,,,,,,0,,,0,manual,name,[]
2488e101-b950-450c-8a74-1b3da68d1a34,משה בישיטץ,,,,,,0,,,0,manual,name,[]
9d40ab6b-14a4-4003-9cd0-c911a6f7d94f,משה בישיטץ,,,,,,0,,,0,manual,name,[]
b99604e7-731f-4305-8899-327c0d864bc7,משה בן מהו' יודא ליב,,,,,,0,,,0,manual,name,[]
69eea68a-a674-4caf-8d16-a636db8af2cd,משה בן שמואל כץ ריטשוואל,,,,,,0,,,0,manual,name,[]
638d4653-2b42-475a-9161-d14be8db5fbd,"משה בר""א צבי",,,,,,0,,,0,manual,name,[]
91c41858-557f-4622-9ebd-d4011f49c296,"משה בר""ד פ""ל",,,,,,0,,,0,manual,name,[]
5e25a29c-c050-4543-b1ad-6a8f3c23ecac,"משה בר""ד פ""ל",,,,,,0,,,0,manual,name,[]
9518870c-6d8c-4fc2-84f9-28d9460851f6,"משה בר""ד פ""ל",,,,,,0,,,0,manual,name,[]
ba50386c-5297-43f3-840a-01959bc81db7,"משה בר""ד פ""ל משה בר""ד פ""ל",,,,,,0,,,0,manual,name,[]
efc0b7af-9621-4850-8b11-7a55f9f3eaa1,"משה בר""ט שמש בא""ד",,,,,,0,,,0,manual,name,[]
909dbe78-88b2-4861-9720-9fedd6df4fe1,"משה בר""י אולמן",,,,,,0,,,0,manual,name,[]
14edeb8c-66b0-46c0-b85a-2dbf38d51da3,"משה ב""ר ליזר",,,,,,0,,,0,manual,name,[]
b62a41d2-2dd4-4faa-819b-b83ddf7c2e2e,"משה בר""ל קאסל מק""ב",,,,,,0,,,0,manual,name,[]
e3fffd78-9479-4199-842d-d86c6b7f84bd,"משה בר""מ ה""ב",,,,,,0,,,0,manual,name,[]
d821681e-7b10-4ddd-89d9-999355e870c9,"משה בר""ן",,,,,,0,,,0,manual,name,[]
e7d05c84-86f0-41f1-b4f6-694f7a32f3b2,"משה ב""רר א""ר",,,,,,0,,,0,manual,name,[]
5156d57d-c90b-4150-b411-efade9eac3f6,משה גונצנהויזן,,,,,,0,,,0,manual,name,[]
001989ae-682b-4aec-b125-0e589fed63c0,"משה גוסדארף, פ""ומ",,,,,,0,,,0,manual,name,[]
058c0cfd-8121-4c8a-a7c5-af2559e3fad4,משה הירש קעניגסהאף,,,,,,0,,,0,manual,name,[]
285b55b8-66fd-4eb4-a863-e9ae0f57bdc3,משה העלפט,,,,,,0,,,0,manual,name,[]
ee4fe75a-d4e4-4706-a0f3-bbb81d35e24e,"משה ה""ש",,,,,,0,,,0,manual,name,[]
f12ecd91-aeaa-4ada-bad1-b79931bd538a,משה וויזיל,,,,,,0,,,0,manual,name,[]
298d5da2-df01-4920-9143-eeedf9f4ffda,משה זאללשין,,,,,,0,,,0,manual,name,[]
7c5097f9-80e6-46c4-83a8-15e8ef80ff15,משה זלאטווי,,,,,,0,,,0,manual,name,[]
7cbafc3e-a605-41a7-beac-2277446aacc3,משה זלאטווי,,,,,,0,,,0,manual,name,[]
c87c9a30-4152-4f2c-9ab5-f12a27efdf8e,"משה חלפן סג""ל",,,,,,0,,,0,manual,name,[]
8321aa00-36d7-4630-b6cc-abbde4fc21b6,משה טובי',,,,,,0,,,0,manual,name,[]
6d520b01-a6d5-4433-bad6-edd7959c232e,משה לאפיטינער,,,,,,0,,,0,manual,name,[]
7c22114d-2c2c-4c0d-a186-76d87dd480a2,משה לוי משאנדרשלעבין,,,,,,0,,,0,manual,name,[]
d052ae9b-a026-41e4-b57e-f2848e57b731,משה ליב,,,Q742539,Moshe Leib Lilienblum,Lithuanian rabbi (1843–1910),19,search_rank_0|p31_human|name_partial|has_sitelinks,Q25916760,17,manual,name,"[{""qid"": ""Q742539"", ""label"": ""Moshe Leib Lilienblum"", ""desc"": ""Lithuanian rabbi (1843–1910)"", ""score"": 19}, {""qid"": ""Q25916760"", ""label"": ""Moshe Khashkes"", ""desc"": ""Jewish poet, satirist, dramatist, and translator"", ""score"": 17}, {""qid"": ""Q455840"", ""label"": ""משה לייב הלפרן"", ""desc"": ""סופר יידיש"", ""score"": 15}, {""qid"": ""Q7031295"", ""label"": ""Moshe Leibowitz"", ""desc"": ""Israeli activist"", ""score"": 13}, {""qid"": ""Q61930965"", ""label"": ""Moshe Lieber"", ""desc"": """", ""score"": 11}]"
584e8eb8-97fc-461f-895e-b5907e4120ba,משה ליב פוקס,,,,,,0,,,0,manual,name,[]
68de2fb8-0518-4157-b3f8-37b3003fa5c6,משה ליב צורף (בחורי חמד),,,,,,0,,,0,manual,name,[]
b51396d2-89ff-4324-a8f3-3d7532ea09af,משה ליסא,,,,,,0,,,0,manual,name,[]
08b3b615-f241-441f-b42b-38f043fc8135,משה ליראחאווער,,,,,,0,,,0,manual,name,[]
3965e2d9-17f2-4c78-97c7-be60ce612ff9,משה מאיר פישלש,,,,,,0,,,0,manual,name,[]
91abdc88-7227-49b5-8bbd-9672df67bda3,משה מארקברייטר,,,,,,0,,,0,manual,name,[]
ce6ef531-fe15-423f-bece-b4235261cf1c,"משה מדעסויא (מנדלסון, משה)",,,,,,0,,,0,manual,name,[]
10019cd4-02dd-4631-97b8-fee7bdc342bc,משה מייער,,,,,,0,,,0,manual,name,[]
e8c65bbc-a046-497b-a941-02d6287e92cb,משה מינץ מבראד,,,,,,0,,,0,manual,name,[]
ec8c9906-e538-4601-bc1f-7c8030dd8626,משה מינץ מבראד,,,,,,0,,,0,manual,name,[]
3b19d6eb-f49d-4d70-950d-c23e43b34791,"משה נ""וו",,,,,,0,,,0,manual,name,[]
7e4c73a2-4da3-4d02-abfd-a547e6524483,"משה ע""ש נחמן קארנפעלד",,,,,,0,,,0,manual,name,[]
5f7d09a4-f6f0-47ad-8229-f16a70bafc01,משה פאלאק,,,,,,0,,,0,manual,name,[]
9c29ba00-a42b-43c0-875e-55ce2b573a19,משה פליישער,,,,,,0,,,0,manual,name,[]
21723339-08f8-41d9-aa5d-7d2cc77cf557,משה פנחס זאהן,,,,,,0,,,0,manual,name,[]
97d41d35-ef1e-4066-9899-181039a03c44,"משה צבי ב""ר מנחם מוויהל",,,,,,0,,,0,manual,name,[]
306531fe-ab62-4773-80cf-e5ece388240e,משה קינשבורג,,,,,,0,,,0,manual,name,[]
272a7c91-2806-48e1-9451-b17b43a289f7,משה רוקה נחמי' לאקס,,,,,,0,,,0,manual,name,[]
635f1f8b-611d-432c-9cd4-c349d10d3122,"משולם הלוי נ""ש",,,,,,0,,,0,manual,name,[]
2ceef403-e104-4750-b812-056a43cc65cb,משלם זלמן הכהן,,,,,,0,,,0,manual,name,[]
7f8621b5-8db7-4a1a-b77b-f8e219749eb9,משפחת איציג,,,,,,0,,,0,manual,name,[]
a571f753-08bf-4398-836e-a8740f00bcbf,נאטהאן טורנויער,,,,,,0,,,0,manual,name,[]
30815a72-7242-44ae-a203-950fc7cee9d0,נאטהאן מאייער,,,,,,0,,,0,manual,name,[]
c5218e7b-581a-493b-87a8-df577e166b72,"נבחוביץ, יהודה ליב",,,,,,0,,,0,manual,name,[]
c47f4e89-1d02-4601-acfa-2d67567f8eac,"נויאן, אברהם",,,,,,0,,,0,manual,name,[]
97bc16d0-29d3-4e4c-a140-629d4421ac62,נח חיים צבי בן אברהם מאיר ברלין,,,,,,0,,,0,manual,name,[]
1c2c11cd-a7f9-4fcf-8c30-8ca118ab61dd,נחמי' גלויגא,,,,,,0,,,0,manual,name,[]
2704dff1-d838-40f7-9321-593b97616027,"נחמן בק""ק פלאצק",,,,,,0,,,0,manual,name,[]
87d14723-9093-4619-a06f-1af89dec1ade,נחמן פיניליס,,,,,,0,,,0,manual,name,[]
7d0e70ed-0c54-4611-9b90-91d29e4e006a,נחמן קראחמאלניק,,,,,,0,,,0,manual,name,[]
90e35bce-992d-424b-b1d7-ecf836d77e06,"נטע אויברנדארף, גב""צר",,,,,,0,,,0,manual,name,[]
5bc16999-c35a-478b-b984-8b968008e549,נטע לאבעטהאל,,,,,,0,,,0,manual,name,[]
3c5f95ba-8be4-40cf-996e-38899e25e44f,"נטע מעזריטש בק""ב",,,,,,0,,,0,manual,name,[]
962bc227-cc59-4b5f-a8e6-25151901c32e,"נך, כ""ד",,,,,,0,,,0,manual,name,[]
5484e43f-84e1-4dcb-bead-9184053bfff1,"ננסיך, אברהם בן שלמה",,,,,,0,,,0,manual,name,[]
998faba8-aacb-4cba-baa6-8eb62cd4a6cd,"נעבל, אייזק",,,,,,0,,,0,manual,name,[]
9a17179a-a6eb-44d2-8d90-d5d8e342e48b,"נפתלי בהרב מו' לוי זצ""ל",,,,,,0,,,0,manual,name,[]
33043e05-f9bf-44b8-a3d3-d2d5b438125a,נפתלי במהורר חיים סגל,,,,,,0,,,0,manual,name,[]
3c8acfea-5ca7-4e68-a029-803cb1b6712e,נפתלי הירץ אשכנזי,,,,,,0,,,0,manual,name,[]
d0281737-12ae-4d18-aa54-091dff34036e,נפתלי הירץ בן בנימן זאב,,,,,,0,,,0,manual,name,[]
04ab5bd4-d503-43aa-bde6-e85ef626c09b,"נפתלי הירץ בן יהודה ליב, מהלברשטט",,,,,,0,,,0,manual,name,[]
8651d801-cb4e-4402-97fd-c309fb4282aa,נפתלי הירץ לבין קצעלינבוגין,,,,,,0,,,0,manual,name,[]
5d55d34b-974f-4dde-a942-e6779ba22e56,נפתלי הירץ מורא כהן,,,,,,0,,,0,manual,name,[]
fbe871b3-2df1-4355-aaa7-8df86aee780c,נפתלי הירץ מעדלסהיים,,,,,,0,,,0,manual,name,[]
7526fd09-4749-4251-827b-1da78c702ebf,"נפתלי הירש ב""ר משה לבית קצנאלנבוגן",,,,,,0,,,0,manual,name,[]
ac108435-4004-4dec-88b6-1e489d464735,נפתלי לבית לוי,,,,,,0,,,0,manual,name,[]
cc101654-bdbf-4218-be43-b5c2dcaa935b,נתנאל אשכנזי ווייל מפראג,,,,,,0,,,0,manual,name,[]
6bd1dbaa-d239-40ae-835f-b072e11cddd1,"נתנאל בר""מ",,,,,,0,,,0,manual,name,[]
53606471-9cf0-477b-b8c6-402d391ddf79,נתן ארענשטיין,,,,,,0,,,0,manual,name,[]
2b0964c0-2470-4911-94c9-b21a1cfa7a12,נתן בהגאו' מו' צבי,,,,,,0,,,0,manual,name,[]
08a35138-b588-44f6-acb4-95e0d933d8ed,"נתן בהגאון מהר""צ בע""מ",,,,,,0,,,0,manual,name,[]
4e606c13-8f2d-44d7-8bd5-5858a4e8696b,"נתן בר""ל מהלברשטט",,,,,,0,,,0,manual,name,[]
42afb78d-9adf-4f74-b842-a3e10f79aefe,נתן האמבערג,,,,,,0,,,0,manual,name,[]
0a863e22-7e8e-4cb8-841e-f14aaff85531,נתן ווערטהיים,,,,,,0,,,0,manual,name,[]
194a1b04-3d9a-4b97-bc08-f9bf406e07b3,"נתן כ""ץ",,,,,,0,,,0,manual,name,[]
bbdee0ca-9a40-4d93-9533-c18d4cb1f459,נתן נטע,,,Q140090229,נתן נטע מנהיים,,17,search_rank_0|p31_human|name_partial,Q657866,17,manual,name,"[{""qid"": ""Q140090229"", ""label"": ""נתן נטע מנהיים"", ""desc"": """", ""score"": 17}, {""qid"": ""Q657866"", ""label"": ""נתן נטע הנובר"", ""desc"": ""רב"", ""score"": 17}, {""qid"": ""Q2903189"", ""label"": ""נטע הרפז"", ""desc"": ""פוליטיקאי ישראלי"", ""score"": 13}, {""qid"": ""Q18190930"", ""label"": ""Nathan Grün"", ""desc"": """", ""score"": 13}, {""qid"": ""Q2899392"", ""label"": ""Nathan Nata Spira"", ""desc"": ""Polish rabbi and kabbalist"", ""score"": 11}, {""qid"": ""Q7061930"", ""label"": ""נתן נטע שערמאן"", ""desc"": ""U.S. Orthodox rabbi"", ""score"": 9}]"
d0c7c680-f679-4e3a-b8be-4be35b58d29f,נתן פאצדם,,,,,,0,,,0,manual,name,[]
dec8048a-373a-4746-af9e-3b2b58546747,"סאטור, ליפמן",,,,,,0,,,0,manual,name,[]
29f6841c-0a86-41dc-950b-eed247c20817,סאלאמאן ווארמסער,,,,,,0,,,0,manual,name,[]
4df02328-928b-439c-b2eb-22012972d9f6,"סאלאמאן, עדלער פאן הערץ (Edler von)",,,,,,0,,,0,manual,name,[]
f44c35e8-5ff3-44ef-8061-5a7d1e69e747,סאלאמאן פרייזאך,,,,,,0,,,0,manual,name,[]
c9988844-a654-4eee-b340-57291ed0c040,סאלאמאן פרעשעל,,,,,,0,,,0,manual,name,[]
cc30c3ee-742a-45a3-85a0-1d08b99adcb3,סאלם מיללער,,,,,,0,,,0,manual,name,[]
a090ca82-4592-4d0c-9ff9-05ddcb2ce851,סאמועל אפפענהיים,,,,,,0,,,0,manual,name,[]
ac08f483-7e6f-468f-8902-3136af8fbea2,סאמועל גאטטליעב,,,,,,0,,,0,manual,name,[]
d8790bdb-56f1-4f76-b680-194bff60df3a,סאמועל דעטמטלד,,,,,,0,,,0,manual,name,[]
103b2802-2596-42ab-9e84-1bc09d8bef83,סאמועל טוגענדהאפט,,,,,,0,,,0,manual,name,[]
1d7c1248-08a9-4ec1-9568-a3b1891de24a,סאמועל טויבעס,,,,,,0,,,0,manual,name,[]
793e0dad-8ec9-487a-8da5-0e3a1e756847,סאמועל קערן,,,,,,0,,,0,manual,name,[]
a1c7bc5d-67ad-4c79-8f48-4cebb472d65e,סיכאראפסקיע,,,,,,0,,,0,manual,name,[]
a206b3d0-1696-413f-98af-a2cf25366897,סימאן בעק,,,,,,0,,,0,manual,name,[]
b667c561-de29-4ca3-af09-416c5033afde,סימאן לעמל,,,,,,0,,,0,manual,name,[]
1e3997bb-8c0e-4ec3-9ffa-736d898182a8,סימאן פאפפער,,,,,,0,,,0,manual,name,[]
b456c9f2-5e53-488b-84ec-a3e921f7d279,"סמטור, דוד",,,,,,0,,,0,manual,name,[]
2914bac3-5117-4eca-ae14-d6b25f8114b5,"סמטור, דוד",,,,,,0,,,0,manual,name,[]
afc78854-19c2-40e3-a6aa-c0064af5afc6,"סמטור, דוד",,,,,,0,,,0,manual,name,[]
66cf1c38-3756-411f-8037-2cd4c3755015,"סמטור, דוד",,,,,,0,,,0,manual,name,[]
3a5f06c3-bb63-4785-8d02-1c8c70a5498e,"סמטור, ליפמן",,,,,,0,,,0,manual,name,[]
16f71cef-10fa-481c-92ff-11f9f50a925a,"סמטור, שמואל",,,,,,0,,,0,manual,name,[]
0abe689d-1801-4551-abb1-ad2edc23aa67,סעבאסטיאן זעעפעלד,,,,,,0,,,0,manual,name,[]
3f1057cc-9fdb-496e-a2ef-597dfc5ec597,סענדער ריטטנער,,,,,,0,,,0,manual,name,[]
53384562-7b54-4304-be50-d47dd676c6fa,סענדר אקסענפעלד,,,,,,0,,,0,manual,name,[]
22f798fc-fad5-4bee-9e52-46d3079e925e,סענדר דירקהיים,,,,,,0,,,0,manual,name,[]
41e09afc-1607-4591-a191-ba509dd55d1d,סענדר מאיר סענדר פריעדבערג,,,,,,0,,,0,manual,name,[]
5841595f-011b-4d17-b602-9930f0a39179,"סענדר סג""ל",,,,,,0,,,0,manual,name,[]
acc2894c-7371-4b99-b703-31b2148dced1,"עזריאל בר""י",,,,,,0,,,0,manual,name,[]
150a6d85-ebe2-44c7-a338-05137fd592db,"עזריאל ווירמש בפפ""ד",,,,,,0,,,0,manual,name,[]
305241ae-07a6-4bbd-818f-02dd2bafc093,"עזריאל ווירמש בפפ""ד",,,,,,0,,,0,manual,name,[]
39acf39d-70e3-46cc-8eee-c9706459af8f,"עליאס הערשפעלד (Dr. med., ארצט דעס איזר' קראנקענשפיטאלס)",,,,,,0,,,0,manual,name,[]
01fd27c4-b5a3-4fea-b740-6ff43dd31b92,עלקאן היימאן,,,,,,0,,,0,manual,name,[]
04082c68-e7fb-4351-bad1-f86bc1259314,עלקאן הערצבערג,,,,,,0,,,0,manual,name,[]
4a318182-cfbe-44f1-b2b6-1ef59667a6b9,"עלקיש, יצחק",,,,,,0,,,0,manual,name,[]
4dee76b3-8ec4-4d1b-ba7d-ba005909510a,"עלקיש, יצחק",,,,,,0,,,0,manual,name,[]
42d2c763-a5cf-42ad-b20b-b6ae1a602f0c,עמאנועל ווערטהיים,,,,,,0,,,0,manual,name,[]
b5df0993-9647-478a-a5c9-de25f7a79225,עמאנועל לעוו באכראך,,,,,,0,,,0,manual,name,[]
833ce3dd-53c3-45db-9b52-b821741f3faf,עמאנועללע עפפינגער,,,,,,0,,,0,manual,name,[]
185f01b4-2db8-4854-a611-3cd1628982af,ענגעל,,,Q34787,Friedrich Engels,"German philosopher, sociologist and economist (1820–1895)",19,search_rank_0|p31_human|name_partial|has_sitelinks,Q12403474,17,manual,name,"[{""qid"": ""Q34787"", ""label"": ""Friedrich Engels"", ""desc"": ""German philosopher, sociologist and economist (1820–1895)"", ""score"": 19}, {""qid"": ""Q12403474"", ""label"": ""Ehud Ein-Gil"", ""desc"": ""Israeli journalist"", ""score"": 17}, {""qid"": ""Q118925859"", ""label"": ""Edna Engel"", ""desc"": ""social worker"", ""score"": 13}, {""qid"": ""Q118923808"", ""label"": ""Esti Anghel"", ""desc"": """", ""score"": 11}]"
80c6b072-79a9-4666-8035-503ccb2d5231,"ענדל בר""י שטערן",,,,,,0,,,0,manual,name,[]
ac9d4068-b78c-4c7b-8e34-cbe4c978738c,עפראים וו' בערלינער,,,,,,0,,,0,manual,name,[]
dbefe475-515b-42a9-a9c0-601d134a8298,עקב פאפירנא,,,,,,0,,,0,manual,name,[]
864c8e8b-332c-4058-ab73-0a989e1b3409,עקיבא איגי',,,,,,0,,,0,manual,name,[]
394ce5c7-c354-4e68-9308-8c19ea7877ca,פאלק שייער אליעזאהן,,,,,,0,,,0,manual,name,[]
73243696-a23e-40a2-9639-1194ebc1b4cc,"פאן, זלמן",,,,,,0,,,0,manual,name,[]
e1cc95c5-2b0e-4f6a-9c62-ad2128498974,"פאן, זלמן",,,,,,0,,,0,manual,name,[]
8a3ff912-0953-4ae3-9517-8a2de41db92a,"פאן, זלמן",,,,,,0,,,0,manual,name,[]
8ade0720-c2f4-430a-ab09-0aaebe43499e,פאפפער,,,,,,0,,,0,manual,name,[]
73d5e7b6-5b33-4534-8daa-8dad898aba75,פולפערמאכער (Dr.),,,,,,0,,,0,manual,name,[]
3e0ea4c4-4f00-43d9-880b-4a824b435e20,"פולק, מאיר בן גבריאל",,,,,,0,,,0,manual,name,[]
d20709d5-656d-42a1-a8b1-32c38e791ed4,פועלי בית הדפוס חנוך נערים,,,,,,0,,,0,manual,name,[]
c5e02ca5-1e5b-4bf4-8db2-c0a1834bbb31,פועלי בית הדפוס חנוך נערים,,,,,,0,,,0,manual,name,[]
7886e9ea-e647-48c7-8a01-e0d4947d320d,פורת יוסף,,,Q7229951,Porat Joseph Yeshiva,yeshiva in Jerusalem,17,search_rank_0|name_exact|has_sitelinks,Q25490296,15,manual,name,"[{""qid"": ""Q7229951"", ""label"": ""Porat Joseph Yeshiva"", ""desc"": ""yeshiva in Jerusalem"", ""score"": 17}, {""qid"": ""Q25490296"", ""label"": ""פורת יוסף"", ""desc"": ""Wikimedia disambiguation page"", ""score"": 15}]"
0de00039-39ce-43b8-ae4b-9a303f2af136,"פייבל ש""ל",,,,,,0,,,0,manual,name,[]
d5445c18-fec1-477f-932e-976c4a724cff,"פייבל ש""ל",,,,,,0,,,0,manual,name,[]
105be086-3bb5-4331-8984-68f3e7beef88,"פייבש בר""מ כ""ץ בפפד""א",,,,,,0,,,0,manual,name,[]
343926d9-2b92-4c3c-891d-61de202ea3fd,פייבש וויצנהויזן,,,,,,0,,,0,manual,name,[]
180c7082-39bc-411a-8f8d-dad8b2a764ba,פייבש וויצנהויזן,,,,,,0,,,0,manual,name,[]
f76f537d-ad26-4a04-ad0d-737800cf9a34,פייבש וויצנהויזן,,,,,,0,,,0,manual,name,[]
c80232ef-def7-4dcc-96ff-be381847727c,פייטל בעהם,,,,,,0,,,0,manual,name,[]
3ec02167-67cd-434b-a405-fbcf92c64cb7,פייט ליכטענבערג,,,,,,0,,,0,manual,name,[]
3ee3d251-80e9-4878-a423-7e83e904132d,פייט פריעדלענדער,,,,,,0,,,0,manual,name,[]
0bc312d9-c6f5-4641-a33b-d0b3db12c66b,פייסט הילסבאך,,,,,,0,,,0,manual,name,[]
15b64d92-a617-438b-8f71-e4d135d387c6,פייס לוי,,,,,,0,,,0,manual,name,[]
3bd3e720-1725-481e-bd5f-e161789229cc,"פייפר כ""ץ",,,,,,0,,,0,manual,name,[]
6209fc25-2555-4598-acba-e3e57ff2cbff,"פילטא בהר""ר יוזל",,,,,,0,,,0,manual,name,[]
4fc967ac-a8d1-481c-a88b-ac908b8c461d,פיליפסזאהן,,,,,,0,,,0,manual,name,[]
d3b4e0cc-0bde-4cbd-92d9-ef42196758c8,פילליפ עללבאגען,,,,,,0,,,0,manual,name,[]
ed077a4d-b08e-4ac9-a574-92b7b61d9b52,פינקוס אראן אייזענשיטץ,,,,,,0,,,0,manual,name,[]
18aa5a3c-d26e-4d65-b4bb-853f7dff121c,פישער,,,Q331432,fisher,"someone who captures fish and other animals from a body of water, or gathers shellfish",17,search_rank_0|name_exact|has_sitelinks,Q6986397,17,manual,name,"[{""qid"": ""Q331432"", ""label"": ""fisher"", ""desc"": ""someone who captures fish and other animals from a body of water, or gathers shellfish"", ""score"": 17}, {""qid"": ""Q6986397"", ""label"": ""אלי פישר"", ""desc"": ""איש עסקים ישראלי"", ""score"": 17}, {""qid"": ""Q65601996"", ""label"": ""יעל פישר"", ""desc"": ""פרופ' לחינוך"", ""score"": 13}, {""qid"": ""Q11231408"", ""label"": ""Fischer"", ""desc"": ""family name"", ""score"": 10}, {""qid"": ""Q118927702"", ""label"": ""פישר, אהרן אלעזר בן יעקב יחיאל"", ""desc"": """", ""score"": 9}, {""qid"": ""Q118912872"", ""label"": ""פישר, שמחה"", ""desc"": """", ""score"": 7}, {""qid"": ""Q118912525"", ""label"": ""פישר, ליאה"", ""desc"": """", ""score"": 7}]"
8e0a5ccd-4042-43ce-ad97-f468f2ecc852,פלק כהן (עמנואל שושן עמק),,,,,,0,,,0,manual,name,[]
e4b208ee-254a-42f2-9a20-6e2d57b36478,פנחס זעליג בן אהרן,,,,,,0,,,0,manual,name,[]
ea9ba8a9-ba71-4267-9cb5-801d8389b387,פנחס קעלין,,,,,,0,,,0,manual,name,[]
57fa19f7-a67b-4655-9f32-551945a4153f,פנחס שטראלזונד,,,,,,0,,,0,manual,name,[]
2727b7e7-a1b5-4ef8-bdd5-60d3c6228711,פנחס שניצלער,,,,,,0,,,0,manual,name,[]
e8b485d6-1321-4617-82a6-c66e7fb4cfb3,פעטער הייניטץ,,,,,,0,,,0,manual,name,[]
29d89d45-c832-43b1-9337-795a84e28d3e,פפונגסט,,,,,,0,,,0,manual,name,[]
500bc1f7-2f80-44aa-9d9a-c07cb6819f9f,"פראנק, וואלף",,,,,,0,,,0,manual,name,[]
08364b06-5441-4651-a19e-e991c50521ca,"פרידלנדר, בערמן",,,,,,0,,,0,manual,name,[]
ec25e279-0ee8-4b85-a51d-9c577b90ff00,"פרידלנדר, בר""ד בונם",,,,,,0,,,0,manual,name,[]
90ec9ef4-a7c1-4474-a66d-70a130c47b96,"פרידלענדר, אברהם",,,,,,0,,,0,manual,name,[]
4d7b472b-0b6a-40da-ab23-e18ea657897f,"פרידלענדר, בונם בר""ד בונם בר""ד פ""ל",,,,,,0,,,0,manual,name,[]
25ee7369-051a-4abe-9c6a-5e44bfdc0b96,"פריידל, יוסף",,,,,,0,,,0,manual,name,[]
8b9d1f2f-b616-47ba-ae35-14aeaa23e6b5,פריידלש,,,,,,0,,,0,manual,name,[]
b288d567-164b-4302-8689-0e72a44227bb,"פרענקל, אברהם בר""ל",,,,,,0,,,0,manual,name,[]
47cb83fd-618c-4495-8d42-83d52d34f302,"פרענקל, אהרן",,,,,,0,,,0,manual,name,[]
883037f3-c657-4a64-9650-27f238b5e94f,"פרענקל, אליהו",,,,,,0,,,0,manual,name,[]
ebabc979-eb0c-433a-b2df-acfac6e16a00,"פרענקל, גבריאל",,,,,,0,,,0,manual,name,[]
2f5c9370-549e-4db2-939d-75b106051f20,"פרענקל, הירש בר""מ",,,,,,0,,,0,manual,name,[]
b2d52a85-1230-47be-b40f-10ba3164358a,"פרענקל, ליב",,,,,,0,,,0,manual,name,[]
cd8ee9b4-8f72-43f9-86e9-61a2f32bbe73,"פרענקל, ליב",,,,,,0,,,0,manual,name,[]
c5ec634b-1188-4237-8943-73b900f40a7e,"פרענקל (פו""מ), ליב",,,,,,0,,,0,manual,name,[]
e41d6ca2-32ca-4a65-b858-63b75b4dbb53,צאדיק שלעזינגער,,,,,,0,,,0,manual,name,[]
cc99309a-6475-48bf-948d-e0bfddd5d34a,צאראך ווערטהיים (Dr. med.),,,,,,0,,,0,manual,name,[]
54b8cdb0-6db8-410b-b189-5a679baf8e1a,צבי הירש,,,Q22001649,Tzvi Hirsch Masliansky,American Jewish Orator,20,search_rank_1|p31_human|name_exact|has_sitelinks,Q5771618,19,manual,name,"[{""qid"": ""Q22001649"", ""label"": ""Tzvi Hirsch Masliansky"", ""desc"": ""American Jewish Orator"", ""score"": 20}, {""qid"": ""Q5771618"", ""label"": ""Hirsch Janow"", ""desc"": ""Polish rabbi"", ""score"": 19}, {""qid"": ""Q63762"", ""label"": ""צבי גרץ"", ""desc"": ""היסטוריון יהודי גרמני"", ""score"": 13}, {""qid"": ""Q116687110"", ""label"": ""Tzvi Hirsch"", ""desc"": ""männlicher Vorname"", ""score"": 11}, {""qid"": ""Q1389056"", ""label"": ""Harry Austryn Wolfson"", ""desc"": ""American academic (1887–1974)"", ""score"": 11}, {""qid"": ""Q244522"", ""label"": ""צבי הירש קלישר"", ""desc"": ""רב ממבשרי הציונות"", ""score"": 9}]"
c78af583-bc45-4ff5-b948-bb08809fb0ba,צבי הירש,,,Q22001649,Tzvi Hirsch Masliansky,American Jewish Orator,20,search_rank_1|p31_human|name_exact|has_sitelinks,Q5771618,19,manual,name,"[{""qid"": ""Q22001649"", ""label"": ""Tzvi Hirsch Masliansky"", ""desc"": ""American Jewish Orator"", ""score"": 20}, {""qid"": ""Q5771618"", ""label"": ""Hirsch Janow"", ""desc"": ""Polish rabbi"", ""score"": 19}, {""qid"": ""Q63762"", ""label"": ""צבי גרץ"", ""desc"": ""היסטוריון יהודי גרמני"", ""score"": 13}, {""qid"": ""Q116687110"", ""label"": ""Tzvi Hirsch"", ""desc"": ""männlicher Vorname"", ""score"": 11}, {""qid"": ""Q1389056"", ""label"": ""Harry Austryn Wolfson"", ""desc"": ""American academic (1887–1974)"", ""score"": 11}, {""qid"": ""Q244522"", ""label"": ""צבי הירש קלישר"", ""desc"": ""רב ממבשרי הציונות"", ""score"": 9}]"
c4f26ab5-ad18-4793-95c6-e1bc8f127a05,צבי הירש,,,Q22001649,Tzvi Hirsch Masliansky,American Jewish Orator,20,search_rank_1|p31_human|name_exact|has_sitelinks,Q5771618,19,manual,name,"[{""qid"": ""Q22001649"", ""label"": ""Tzvi Hirsch Masliansky"", ""desc"": ""American Jewish Orator"", ""score"": 20}, {""qid"": ""Q5771618"", ""label"": ""Hirsch Janow"", ""desc"": ""Polish rabbi"", ""score"": 19}, {""qid"": ""Q63762"", ""label"": ""צבי גרץ"", ""desc"": ""היסטוריון יהודי גרמני"", ""score"": 13}, {""qid"": ""Q116687110"", ""label"": ""Tzvi Hirsch"", ""desc"": ""männlicher Vorname"", ""score"": 11}, {""qid"": ""Q1389056"", ""label"": ""Harry Austryn Wolfson"", ""desc"": ""American academic (1887–1974)"", ""score"": 11}, {""qid"": ""Q244522"", ""label"": ""צבי הירש קלישר"", ""desc"": ""רב ממבשרי הציונות"", ""score"": 9}]"
31407537-6705-48c6-8da2-505feb0a855c,צבי הירש,,,Q22001649,Tzvi Hirsch Masliansky,American Jewish Orator,20,search_rank_1|p31_human|name_exact|has_sitelinks,Q5771618,19,manual,name,"[{""qid"": ""Q22001649"", ""label"": ""Tzvi Hirsch Masliansky"", ""desc"": ""American Jewish Orator"", ""score"": 20}, {""qid"": ""Q5771618"", ""label"": ""Hirsch Janow"", ""desc"": ""Polish rabbi"", ""score"": 19}, {""qid"": ""Q63762"", ""label"": ""צבי גרץ"", ""desc"": ""היסטוריון יהודי גרמני"", ""score"": 13}, {""qid"": ""Q116687110"", ""label"": ""Tzvi Hirsch"", ""desc"": ""männlicher Vorname"", ""score"": 11}, {""qid"": ""Q1389056"", ""label"": ""Harry Austryn Wolfson"", ""desc"": ""American academic (1887–1974)"", ""score"": 11}, {""qid"": ""Q244522"", ""label"": ""צבי הירש קלישר"", ""desc"": ""רב ממבשרי הציונות"", ""score"": 9}]"
2b3177f7-717a-41b6-a0f8-79f101816c33,צבי הירש,,,Q22001649,Tzvi Hirsch Masliansky,American Jewish Orator,20,search_rank_1|p31_human|name_exact|has_sitelinks,Q5771618,19,manual,name,"[{""qid"": ""Q22001649"", ""label"": ""Tzvi Hirsch Masliansky"", ""desc"": ""American Jewish Orator"", ""score"": 20}, {""qid"": ""Q5771618"", ""label"": ""Hirsch Janow"", ""desc"": ""Polish rabbi"", ""score"": 19}, {""qid"": ""Q63762"", ""label"": ""צבי גרץ"", ""desc"": ""היסטוריון יהודי גרמני"", ""score"": 13}, {""qid"": ""Q116687110"", ""label"": ""Tzvi Hirsch"", ""desc"": ""männlicher Vorname"", ""score"": 11}, {""qid"": ""Q1389056"", ""label"": ""Harry Austryn Wolfson"", ""desc"": ""American academic (1887–1974)"", ""score"": 11}, {""qid"": ""Q244522"", ""label"": ""צבי הירש קלישר"", ""desc"": ""רב ממבשרי הציונות"", ""score"": 9}]"
b433dc0e-7726-4942-b7d7-d5878a94b7d4,צבי הירש,,,Q22001649,Tzvi Hirsch Masliansky,American Jewish Orator,20,search_rank_1|p31_human|name_exact|has_sitelinks,Q5771618,19,manual,name,"[{""qid"": ""Q22001649"", ""label"": ""Tzvi Hirsch Masliansky"", ""desc"": ""American Jewish Orator"", ""score"": 20}, {""qid"": ""Q5771618"", ""label"": ""Hirsch Janow"", ""desc"": ""Polish rabbi"", ""score"": 19}, {""qid"": ""Q63762"", ""label"": ""צבי גרץ"", ""desc"": ""היסטוריון יהודי גרמני"", ""score"": 13}, {""qid"": ""Q116687110"", ""label"": ""Tzvi Hirsch"", ""desc"": ""männlicher Vorname"", ""score"": 11}, {""qid"": ""Q1389056"", ""label"": ""Harry Austryn Wolfson"", ""desc"": ""American academic (1887–1974)"", ""score"": 11}, {""qid"": ""Q244522"", ""label"": ""צבי הירש קלישר"", ""desc"": ""רב ממבשרי הציונות"", ""score"": 9}]"
a32bd66b-6662-4140-bcd1-12379f5eaafc,צבי הירש,,,Q22001649,Tzvi Hirsch Masliansky,American Jewish Orator,20,search_rank_1|p31_human|name_exact|has_sitelinks,Q5771618,19,manual,name,"[{""qid"": ""Q22001649"", ""label"": ""Tzvi Hirsch Masliansky"", ""desc"": ""American Jewish Orator"", ""score"": 20}, {""qid"": ""Q5771618"", ""label"": ""Hirsch Janow"", ""desc"": ""Polish rabbi"", ""score"": 19}, {""qid"": ""Q63762"", ""label"": ""צבי גרץ"", ""desc"": ""היסטוריון יהודי גרמני"", ""score"": 13}, {""qid"": ""Q116687110"", ""label"": ""Tzvi Hirsch"", ""desc"": ""männlicher Vorname"", ""score"": 11}, {""qid"": ""Q1389056"", ""label"": ""Harry Austryn Wolfson"", ""desc"": ""American academic (1887–1974)"", ""score"": 11}, {""qid"": ""Q244522"", ""label"": ""צבי הירש קלישר"", ""desc"": ""רב ממבשרי הציונות"", ""score"": 9}]"
1f10a489-38d8-448f-9962-48babbc4533b,צבי הירש,,,Q22001649,Tzvi Hirsch Masliansky,American Jewish Orator,20,search_rank_1|p31_human|name_exact|has_sitelinks,Q5771618,19,manual,name,"[{""qid"": ""Q22001649"", ""label"": ""Tzvi Hirsch Masliansky"", ""desc"": ""American Jewish Orator"", ""score"": 20}, {""qid"": ""Q5771618"", ""label"": ""Hirsch Janow"", ""desc"": ""Polish rabbi"", ""score"": 19}, {""qid"": ""Q63762"", ""label"": ""צבי גרץ"", ""desc"": ""היסטוריון יהודי גרמני"", ""score"": 13}, {""qid"": ""Q116687110"", ""label"": ""Tzvi Hirsch"", ""desc"": ""männlicher Vorname"", ""score"": 11}, {""qid"": ""Q1389056"", ""label"": ""Harry Austryn Wolfson"", ""desc"": ""American academic (1887–1974)"", ""score"": 11}, {""qid"": ""Q244522"", ""label"": ""צבי הירש קלישר"", ""desc"": ""רב ממבשרי הציונות"", ""score"": 9}]"
89ea11af-77fe-44ca-af53-cbc554df81c5,צבי הירש,,,Q22001649,Tzvi Hirsch Masliansky,American Jewish Orator,20,search_rank_1|p31_human|name_exact|has_sitelinks,Q5771618,19,manual,name,"[{""qid"": ""Q22001649"", ""label"": ""Tzvi Hirsch Masliansky"", ""desc"": ""American Jewish Orator"", ""score"": 20}, {""qid"": ""Q5771618"", ""label"": ""Hirsch Janow"", ""desc"": ""Polish rabbi"", ""score"": 19}, {""qid"": ""Q63762"", ""label"": ""צבי גרץ"", ""desc"": ""היסטוריון יהודי גרמני"", ""score"": 13}, {""qid"": ""Q116687110"", ""label"": ""Tzvi Hirsch"", ""desc"": ""männlicher Vorname"", ""score"": 11}, {""qid"": ""Q1389056"", ""label"": ""Harry Austryn Wolfson"", ""desc"": ""American academic (1887–1974)"", ""score"": 11}, {""qid"": ""Q244522"", ""label"": ""צבי הירש קלישר"", ""desc"": ""רב ממבשרי הציונות"", ""score"": 9}]"
5961a737-9ef4-4340-9290-47e1e0e8bec6,צבי הירש,,,Q22001649,Tzvi Hirsch Masliansky,American Jewish Orator,20,search_rank_1|p31_human|name_exact|has_sitelinks,Q5771618,19,manual,name,"[{""qid"": ""Q22001649"", ""label"": ""Tzvi Hirsch Masliansky"", ""desc"": ""American Jewish Orator"", ""score"": 20}, {""qid"": ""Q5771618"", ""label"": ""Hirsch Janow"", ""desc"": ""Polish rabbi"", ""score"": 19}, {""qid"": ""Q63762"", ""label"": ""צבי גרץ"", ""desc"": ""היסטוריון יהודי גרמני"", ""score"": 13}, {""qid"": ""Q116687110"", ""label"": ""Tzvi Hirsch"", ""desc"": ""männlicher Vorname"", ""score"": 11}, {""qid"": ""Q1389056"", ""label"": ""Harry Austryn Wolfson"", ""desc"": ""American academic (1887–1974)"", ""score"": 11}, {""qid"": ""Q244522"", ""label"": ""צבי הירש קלישר"", ""desc"": ""רב ממבשרי הציונות"", ""score"": 9}]"
5ced172a-001b-401b-ad8e-d5ddd53a1645,צבי הירש,,,Q22001649,Tzvi Hirsch Masliansky,American Jewish Orator,20,search_rank_1|p31_human|name_exact|has_sitelinks,Q5771618,19,manual,name,"[{""qid"": ""Q22001649"", ""label"": ""Tzvi Hirsch Masliansky"", ""desc"": ""American Jewish Orator"", ""score"": 20}, {""qid"": ""Q5771618"", ""label"": ""Hirsch Janow"", ""desc"": ""Polish rabbi"", ""score"": 19}, {""qid"": ""Q63762"", ""label"": ""צבי גרץ"", ""desc"": ""היסטוריון יהודי גרמני"", ""score"": 13}, {""qid"": ""Q116687110"", ""label"": ""Tzvi Hirsch"", ""desc"": ""männlicher Vorname"", ""score"": 11}, {""qid"": ""Q1389056"", ""label"": ""Harry Austryn Wolfson"", ""desc"": ""American academic (1887–1974)"", ""score"": 11}, {""qid"": ""Q244522"", ""label"": ""צבי הירש קלישר"", ""desc"": ""רב ממבשרי הציונות"", ""score"": 9}]"
08cd28f3-d636-4689-94ed-681cc77a25f1,צבי הירש,,,Q22001649,Tzvi Hirsch Masliansky,American Jewish Orator,20,search_rank_1|p31_human|name_exact|has_sitelinks,Q5771618,19,manual,name,"[{""qid"": ""Q22001649"", ""label"": ""Tzvi Hirsch Masliansky"", ""desc"": ""American Jewish Orator"", ""score"": 20}, {""qid"": ""Q5771618"", ""label"": ""Hirsch Janow"", ""desc"": ""Polish rabbi"", ""score"": 19}, {""qid"": ""Q63762"", ""label"": ""צבי גרץ"", ""desc"": ""היסטוריון יהודי גרמני"", ""score"": 13}, {""qid"": ""Q116687110"", ""label"": ""Tzvi Hirsch"", ""desc"": ""männlicher Vorname"", ""score"": 11}, {""qid"": ""Q1389056"", ""label"": ""Harry Austryn Wolfson"", ""desc"": ""American academic (1887–1974)"", ""score"": 11}, {""qid"": ""Q244522"", ""label"": ""צבי הירש קלישר"", ""desc"": ""רב ממבשרי הציונות"", ""score"": 9}]"
5dd57214-35cf-4f7d-a7a0-c0fb02547098,צבי הירש,,,Q22001649,Tzvi Hirsch Masliansky,American Jewish Orator,20,search_rank_1|p31_human|name_exact|has_sitelinks,Q5771618,19,manual,name,"[{""qid"": ""Q22001649"", ""label"": ""Tzvi Hirsch Masliansky"", ""desc"": ""American Jewish Orator"", ""score"": 20}, {""qid"": ""Q5771618"", ""label"": ""Hirsch Janow"", ""desc"": ""Polish rabbi"", ""score"": 19}, {""qid"": ""Q63762"", ""label"": ""צבי גרץ"", ""desc"": ""היסטוריון יהודי גרמני"", ""score"": 13}, {""qid"": ""Q116687110"", ""label"": ""Tzvi Hirsch"", ""desc"": ""männlicher Vorname"", ""score"": 11}, {""qid"": ""Q1389056"", ""label"": ""Harry Austryn Wolfson"", ""desc"": ""American academic (1887–1974)"", ""score"": 11}, {""qid"": ""Q244522"", ""label"": ""צבי הירש קלישר"", ""desc"": ""רב ממבשרי הציונות"", ""score"": 9}]"
7916da3a-903b-4bc1-98f3-ef7b9e72c7be,צבי הירש,,,Q22001649,Tzvi Hirsch Masliansky,American Jewish Orator,20,search_rank_1|p31_human|name_exact|has_sitelinks,Q5771618,19,manual,name,"[{""qid"": ""Q22001649"", ""label"": ""Tzvi Hirsch Masliansky"", ""desc"": ""American Jewish Orator"", ""score"": 20}, {""qid"": ""Q5771618"", ""label"": ""Hirsch Janow"", ""desc"": ""Polish rabbi"", ""score"": 19}, {""qid"": ""Q63762"", ""label"": ""צבי גרץ"", ""desc"": ""היסטוריון יהודי גרמני"", ""score"": 13}, {""qid"": ""Q116687110"", ""label"": ""Tzvi Hirsch"", ""desc"": ""männlicher Vorname"", ""score"": 11}, {""qid"": ""Q1389056"", ""label"": ""Harry Austryn Wolfson"", ""desc"": ""American academic (1887–1974)"", ""score"": 11}, {""qid"": ""Q244522"", ""label"": ""צבי הירש קלישר"", ""desc"": ""רב ממבשרי הציונות"", ""score"": 9}]"
76a32602-726f-4c3a-8eae-806e52a903fe,צבי הירש,,,Q22001649,Tzvi Hirsch Masliansky,American Jewish Orator,20,search_rank_1|p31_human|name_exact|has_sitelinks,Q5771618,19,manual,name,"[{""qid"": ""Q22001649"", ""label"": ""Tzvi Hirsch Masliansky"", ""desc"": ""American Jewish Orator"", ""score"": 20}, {""qid"": ""Q5771618"", ""label"": ""Hirsch Janow"", ""desc"": ""Polish rabbi"", ""score"": 19}, {""qid"": ""Q63762"", ""label"": ""צבי גרץ"", ""desc"": ""היסטוריון יהודי גרמני"", ""score"": 13}, {""qid"": ""Q116687110"", ""label"": ""Tzvi Hirsch"", ""desc"": ""männlicher Vorname"", ""score"": 11}, {""qid"": ""Q1389056"", ""label"": ""Harry Austryn Wolfson"", ""desc"": ""American academic (1887–1974)"", ""score"": 11}, {""qid"": ""Q244522"", ""label"": ""צבי הירש קלישר"", ""desc"": ""רב ממבשרי הציונות"", ""score"": 9}]"
6a829a15-1f4c-4633-be3a-5ddc8f06bb12,צבי הירש,,,Q22001649,Tzvi Hirsch Masliansky,American Jewish Orator,20,search_rank_1|p31_human|name_exact|has_sitelinks,Q5771618,19,manual,name,"[{""qid"": ""Q22001649"", ""label"": ""Tzvi Hirsch Masliansky"", ""desc"": ""American Jewish Orator"", ""score"": 20}, {""qid"": ""Q5771618"", ""label"": ""Hirsch Janow"", ""desc"": ""Polish rabbi"", ""score"": 19}, {""qid"": ""Q63762"", ""label"": ""צבי גרץ"", ""desc"": ""היסטוריון יהודי גרמני"", ""score"": 13}, {""qid"": ""Q116687110"", ""label"": ""Tzvi Hirsch"", ""desc"": ""männlicher Vorname"", ""score"": 11}, {""qid"": ""Q1389056"", ""label"": ""Harry Austryn Wolfson"", ""desc"": ""American academic (1887–1974)"", ""score"": 11}, {""qid"": ""Q244522"", ""label"": ""צבי הירש קלישר"", ""desc"": ""רב ממבשרי הציונות"", ""score"": 9}]"
6b1b28b8-2132-4e1d-936d-624fcc8d518f,צבי הירש,,,Q22001649,Tzvi Hirsch Masliansky,American Jewish Orator,20,search_rank_1|p31_human|name_exact|has_sitelinks,Q5771618,19,manual,name,"[{""qid"": ""Q22001649"", ""label"": ""Tzvi Hirsch Masliansky"", ""desc"": ""American Jewish Orator"", ""score"": 20}, {""qid"": ""Q5771618"", ""label"": ""Hirsch Janow"", ""desc"": ""Polish rabbi"", ""score"": 19}, {""qid"": ""Q63762"", ""label"": ""צבי גרץ"", ""desc"": ""היסטוריון יהודי גרמני"", ""score"": 13}, {""qid"": ""Q116687110"", ""label"": ""Tzvi Hirsch"", ""desc"": ""männlicher Vorname"", ""score"": 11}, {""qid"": ""Q1389056"", ""label"": ""Harry Austryn Wolfson"", ""desc"": ""American academic (1887–1974)"", ""score"": 11}, {""qid"": ""Q244522"", ""label"": ""צבי הירש קלישר"", ""desc"": ""רב ממבשרי הציונות"", ""score"": 9}]"
062ec3b6-ffb6-4374-8001-9f6a5193843e,צבי הירש אויערבך מבראנדיש,,,,,,0,,,0,manual,name,[]
7e34ea5e-9636-4e24-8cee-8a3e6f08bc13,"צבי הירש בלא""א הרב מהר""ם",,,,,,0,,,0,manual,name,[]
4a76ed16-afcb-4e9b-a082-5f930bfcd51e,צבי הירש בן מאיר,,,Q111643045,Hirsch Rabinowitz,Russian-Jewish scientist and publicist (1832–1889),17,search_rank_0|p31_human|name_partial,Q108532330,17,manual,name,"[{""qid"": ""Q111643045"", ""label"": ""Hirsch Rabinowitz"", ""desc"": ""Russian-Jewish scientist and publicist (1832–1889)"", ""score"": 17}, {""qid"": ""Q108532330"", ""label"": ""Hirsch Meyer Baschwitz"", ""desc"": ""German translator"", ""score"": 17}]"
3f1cb0de-dbbb-46d5-a18c-0f246ebb337e,צבי הירש בן מנחם נחום,,,,,,0,,,0,manual,name,[]
e9a3bfc6-5c84-4a09-92fc-1a6e04518cb3,"צבי הירש בן משולם זלמן סג""ל הורוויץ",,,,,,0,,,0,manual,name,[]
3a7eaafd-d69a-4765-8c0f-79d1ef6a6ba1,"צבי הירש בן שמעון כ""ץ",,,,,,0,,,0,manual,name,[]
16755649-1a11-4d4b-a668-5a0a09dfdb08,צבי הירש ליבשיץ,,,,,,0,,,0,manual,name,[]
8bd007a0-05c6-414d-97e0-e43792af7d0d,צבי הירש ליבשיץ,,,,,,0,,,0,manual,name,[]
8c683535-29b6-4ec0-8f06-18ea7523a2e9,צבי הירש לנצבורג,,,,,,0,,,0,manual,name,[]
24d5e56c-75ef-4760-8cad-7eba8a082846,צבי הירש מייזיל,,,,,,0,,,0,manual,name,[]
3f8f85c1-1d15-4fde-8173-b82ef8159a52,צבי הירש מייזיל,,,,,,0,,,0,manual,name,[]
ad933033-797a-4e51-bb5f-0091cc8947aa,צבי הירש מייזיל,,,,,,0,,,0,manual,name,[]
77178448-3615-4d2b-b0a6-6091c585b4cf,צבי הירש מייזלש,,,,,,0,,,0,manual,name,[]
01603920-7209-4891-9f08-98871c41713c,צבי הירש מירלש,,,,,,0,,,0,manual,name,[]
bc57ff38-c31a-4be3-8a21-13a57f1887a7,צבי הירש מירלש,,,,,,0,,,0,manual,name,[]
853ec532-df97-4be7-b11a-cc1c849a4efe,צבי הירש מלונדן,,,,,,0,,,0,manual,name,[]
5558ac6a-cf0d-4c42-a136-b8589600d86d,צבי הירש מלונדן,,,,,,0,,,0,manual,name,[]
fa212749-657b-4dac-8726-dc4d67c435a5,צבי הירש ראזאנים,,,,,,0,,,0,manual,name,[]
68e051ee-fc52-4fcb-88a5-bc972ca57920,"צבי הירש ראזאנים (הרב אב""ד דק""ק לבוב וקרייז)",,,,,,0,,,0,manual,name,[]
190e7b54-1547-42b9-a497-1f950290d2b9,צבי יהושע הלוי איש הורוויץ,,,,,,0,,,0,manual,name,[]
91f3b73d-e8b7-4905-89a3-2ff8b4fedecb,"צדוק בר""א",,,,,,0,,,0,manual,name,[]
9b86bfe2-7a9d-4bc6-a296-ee9671914ac8,"צדוק ב""ר יואך נויאן",,,,,,0,,,0,manual,name,[]
af5759d7-a557-48a2-91c6-8ffd0a9413fe,צדוק מברעסלויא,,,,,,0,,,0,manual,name,[]
2784a989-faed-40fa-a706-6ee86d72e92f,צדוק קינשבורג,,,,,,0,,,0,manual,name,[]
34b90734-b7c6-4c65-9d96-c62f969412fa,"צילך, טעבל בר''י",,,,,,0,,,0,manual,name,[]
852e5917-34f5-41f2-9eaa-29777a1e941a,צעזאר,,,,,,0,,,0,manual,name,[]
c82290bc-d20f-4ded-88e8-9af63dfb6ea2,צערף,,,,,,0,,,0,manual,name,[]
b73343fe-4f0b-4037-bd1d-6f887db61b38,קאהן,,,Q1260948,Kahn,family name,17,search_rank_0|name_exact|has_sitelinks,Q37046104,15,manual,name,"[{""qid"": ""Q1260948"", ""label"": ""Kahn"", ""desc"": ""family name"", ""score"": 17}, {""qid"": ""Q37046104"", ""label"": ""Kahan"", ""desc"": ""family name"", ""score"": 15}, {""qid"": ""Q4785198"", ""label"": ""Arcadius Kahan"", ""desc"": ""Economic historian, professor"", ""score"": 15}, {""qid"": ""Q118923878"", ""label"": ""Aharon Kahn"", ""desc"": """", ""score"": 13}, {""qid"": ""Q118927918"", ""label"": ""David Cohen"", ""desc"": """", ""score"": 9}]"
81890730-686d-4d65-9ee1-584540e9de74,"קאסל, ליב",,,,,,0,,,0,manual,name,[]
9933df42-85f6-44fc-be9b-b5d2a520d705,קאספר קאהן,,,,,,0,,,0,manual,name,[]
8b1213ba-3337-4191-96b1-7c50c4ae6008,קאפל המבורג,,,,,,0,,,0,manual,name,[]
76ecc2f1-37d5-409b-9efd-23c0c6ae4986,קארל בורשטיין,,,,,,0,,,0,manual,name,[]
40d28b78-ab14-4cbc-9a94-53e2e1467e25,קארל קעניגסבערג,,,,,,0,,,0,manual,name,[]
8096fee0-817b-4090-9765-6e18627db39f,קארל קעניגסבערג,,,,,,0,,,0,manual,name,[]
490f9bc7-0eb3-46bd-a0e8-019c82be52d4,"קוא, משה",,,,,,0,,,0,manual,name,[]
06e790cf-74e2-451e-ba17-809c40fcc589,קיש,,,Q7307,kiss,"touch with the lips, usually to express love or affection, or as a greeting",17,search_rank_0|name_exact|has_sitelinks,Q722595,15,manual,name,"[{""qid"": ""Q7307"", ""label"": ""kiss"", ""desc"": ""touch with the lips, usually to express love or affection, or as a greeting"", ""score"": 17}, {""qid"": ""Q722595"", ""label"": ""קיש"", ""desc"": ""מאכל"", ""score"": 15}, {""qid"": ""Q188874"", ""label"": ""colorectal cancer"", ""desc"": ""cancer of the colon or rectum"", ""score"": 10}, {""qid"": ""Q25858134"", ""label"": ""קיש"", ""desc"": ""שם משפחה (Kish)"", ""score"": 9}, {""qid"": ""Q70893996"", ""label"": ""Seitenlink zu Weiterleitung"", ""desc"": ""Auszeichnung, die einen Seitenlink als Link auf eine Wikimedia-Weiterleitung kennzeichnet; wenn diese Auszeichnung händisch gesetzt wird, bitte stattdessen „absichtlich verlinkte Weiterleitung“ verwenden!"", ""score"": 8}, {""qid"": ""Q123128660"", ""label"": ""קיש"", ""desc"": ""אבי שמעי (סב מרדכי)"", ""score"": 5}, {""qid"": ""Q21197"", ""label"": ""קישינב"", ""desc"": ""בירת מולדובה"", ""score"": 4}, {""qid"": ""Q23425"", ""label"": ""מלפפון"", ""desc"": ""מין של צמח"", ""score"": 4}, {""qid"": ""Q1193907"", ""label"": ""link rot"", ""desc"": ""phenomenon in which URLs gradually tend to cease functioning"", ""score"": 4}]"
bf81f8f0-7080-4513-b184-4709b33334e9,"קלייף, בענדיט",,,,,,0,,,0,manual,name,[]
dc4d0d1e-15a5-4126-b414-21d8edde010c,קלמן נייאבויער,,,,,,0,,,0,manual,name,[]
7445e323-61ed-4dc4-8333-0a1ec342ffc0,קלמן פארגעס,,,,,,0,,,0,manual,name,[]
3d07a134-38d5-4df5-a7e4-51877aff871f,"קעסלין, מאיר",,,,,,0,,,0,manual,name,[]
0f5eba9b-31aa-40ea-ac26-02968e37c321,"ראובן בר""מ צילץ",,,,,,0,,,0,manual,name,[]
b9f17f89-cf23-4521-b088-b7f493841e2f,"ראובן בר""ש",,,,,,0,,,0,manual,name,[]
876edab2-0aef-4cb4-87fb-3e2e1ff20499,"ראובן בר""ש",,,,,,0,,,0,manual,name,[]
7b250a28-b702-4230-9f93-4c8fb7821813,"ראובן בר""ש",,,,,,0,,,0,manual,name,[]
9bb346fc-6a62-4558-a6cb-5fdcfef7baa0,ראובן גומפערטץ,,,,,,0,,,0,manual,name,[]
e1acc0b8-5e13-40c6-8015-aa93af57c59e,ראובן גומפערטץ,,,,,,0,,,0,manual,name,[]
5ad07842-c11d-4e6c-bbe3-ab53766249f5,ראובן דרעזן,,,,,,0,,,0,manual,name,[]
7beb68fb-778a-4f23-b240-c5a5297cd252,ראובן הערצבערג,,,,,,0,,,0,manual,name,[]
b4281a77-113a-44b3-b157-609dd6a428e6,ראזאליע עפפינגער,,,,,,0,,,0,manual,name,[]
09d41aff-def0-45b9-9d75-c8a26cffcbcb,"ראכנאווע, יוזל",,,,,,0,,,0,manual,name,[]
ad86d343-7845-457b-a1d5-485959c5b071,"רב אהרן בן משה מגזע צבי רא""בד",,,,,,0,,,0,manual,name,[]
136bd475-cdd0-48f0-840b-d6f9545c8740,רב יצחק זעקיל עטהויזן,,,,,,0,,,0,manual,name,[]
836f0c32-7e1b-4dec-815a-ede45600df4a,"רונקל, שלמה",,,,,,0,,,0,manual,name,[]
8304bcbe-d1b4-4320-a9ac-f6d82df609d8,"ריז, אברהם בר""מ",,,,,,0,,,0,manual,name,[]
1e67722a-f638-4a0c-b41e-51bafb877645,"ריז, וואלף בר""מ",,,,,,0,,,0,manual,name,[]
a399d755-3511-4a63-ae6c-f2a05306e0db,ריזל אשת אהרן יורש,,,,,,0,,,0,manual,name,[]
a2a82222-587f-4b8e-8194-3711a7227a24,"ריז, משה בן איצק",,,,,,0,,,0,manual,name,[]
b111edeb-7156-43a9-9a7c-446742b5e03a,"ריז, נתן בר""פ",,,,,,0,,,0,manual,name,[]
12082280-11b4-4298-8064-3b2e63418d56,"רינטל, יוסף",,,,,,0,,,0,manual,name,[]
fdd4fd71-d6ec-4a11-941b-485cfce0c323,"רינטל, משה",,,,,,0,,,0,manual,name,[]
85f6f582-f97f-4e1e-811f-347bdd83a9cd,"ריס, ישראל",,,,,,0,,,0,manual,name,[]
7e755b34-e483-4390-932e-99ab70562644,"ריס, נתן",,,,,,0,,,0,manual,name,[]
121a16b6-c0aa-4455-b4ae-f9137240936b,ר' עוזר איש אפרתי,,,,,,0,,,0,manual,name,[]
90c92b26-887e-469c-890a-dcb4323f2552,"רפאל בר""ז",,,,,,0,,,0,manual,name,[]
27124c19-8174-41a5-bd10-7b24c3bea587,רפאל גלויגא,,,,,,0,,,0,manual,name,[]
0d8ac116-b382-444a-9776-d24a679a67c7,רפאל וואלף גינסבערג,,,,,,0,,,0,manual,name,[]
64f97f6b-5294-4722-b67b-e28838341e88,רפאל וועהלי (בחורי חמד),,,,,,0,,,0,manual,name,[]
79598870-581e-4434-96ce-18dcea8c3366,ר' שמואל ווערטהיימר,,,,,,0,,,0,manual,name,[]
42f804b1-1682-4759-aaa4-e877903d84e2,שאול,,,Q154365,underworld,"supernatural realm, usually beneath the earth, in various mythologies",17,search_rank_0|name_exact|has_sitelinks,Q28730,15,manual,name,"[{""qid"": ""Q154365"", ""label"": ""underworld"", ""desc"": ""supernatural realm, usually beneath the earth, in various mythologies"", ""score"": 17}, {""qid"": ""Q28730"", ""label"": ""Saul"", ""desc"": ""first king of the United Kingdom of Israel"", ""score"": 15}, {""qid"": ""Q9302723"", ""label"": ""Saul"", ""desc"": ""männlicher Vorname"", ""score"": 13}, {""qid"": ""Q23779110"", ""label"": ""Saul"", ""desc"": ""Familienname"", ""score"": 11}, {""qid"": ""Q2687393"", ""label"": ""Saul Adler"", ""desc"": ""Israeli microbiologist (1895–1966)"", ""score"": 11}, {""qid"": ""Q31780"", ""label"": ""שאול"", ""desc"": ""עולם המתים במקרא"", ""score"": 7}, {""qid"": ""Q20792115"", ""label"": ""Scha'ul"", ""desc"": ""männlicher Vorname"", ""score"": 7}]"
a8d2328b-b9ef-4206-866e-bba6cfbf4ef1,שאול,,,Q154365,underworld,"supernatural realm, usually beneath the earth, in various mythologies",17,search_rank_0|name_exact|has_sitelinks,Q28730,15,manual,name,"[{""qid"": ""Q154365"", ""label"": ""underworld"", ""desc"": ""supernatural realm, usually beneath the earth, in various mythologies"", ""score"": 17}, {""qid"": ""Q28730"", ""label"": ""Saul"", ""desc"": ""first king of the United Kingdom of Israel"", ""score"": 15}, {""qid"": ""Q9302723"", ""label"": ""Saul"", ""desc"": ""männlicher Vorname"", ""score"": 13}, {""qid"": ""Q23779110"", ""label"": ""Saul"", ""desc"": ""Familienname"", ""score"": 11}, {""qid"": ""Q2687393"", ""label"": ""Saul Adler"", ""desc"": ""Israeli microbiologist (1895–1966)"", ""score"": 11}, {""qid"": ""Q31780"", ""label"": ""שאול"", ""desc"": ""עולם המתים במקרא"", ""score"": 7}, {""qid"": ""Q20792115"", ""label"": ""Scha'ul"", ""desc"": ""männlicher Vorname"", ""score"": 7}]"
3b231788-7f99-4fb7-a779-4eca7a7bf59c,שאול,,,Q154365,underworld,"supernatural realm, usually beneath the earth, in various mythologies",17,search_rank_0|name_exact|has_sitelinks,Q28730,15,manual,name,"[{""qid"": ""Q154365"", ""label"": ""underworld"", ""desc"": ""supernatural realm, usually beneath the earth, in various mythologies"", ""score"": 17}, {""qid"": ""Q28730"", ""label"": ""Saul"", ""desc"": ""first king of the United Kingdom of Israel"", ""score"": 15}, {""qid"": ""Q9302723"", ""label"": ""Saul"", ""desc"": ""männlicher Vorname"", ""score"": 13}, {""qid"": ""Q23779110"", ""label"": ""Saul"", ""desc"": ""Familienname"", ""score"": 11}, {""qid"": ""Q2687393"", ""label"": ""Saul Adler"", ""desc"": ""Israeli microbiologist (1895–1966)"", ""score"": 11}, {""qid"": ""Q31780"", ""label"": ""שאול"", ""desc"": ""עולם המתים במקרא"", ""score"": 7}, {""qid"": ""Q20792115"", ""label"": ""Scha'ul"", ""desc"": ""männlicher Vorname"", ""score"": 7}]"
d022ddea-d5b6-4c5c-9100-0683a47f255b,"שאול (אב""ד באמסטרדם)",,,,,,0,,,0,manual,name,[]
5f0ed2c6-023c-4619-a4b9-74bb6b88b361,"שאול (אב""ד באמסטרדם)",,,,,,0,,,0,manual,name,[]
7a169892-1540-482f-98f3-f91f32ae81d0,"שאול (אב""ד באמסטרדם)",,,,,,0,,,0,manual,name,[]
0e26f6e5-c707-454b-a99e-6485b4f8be51,"שאול (אב""ד באמסטרדם)",,,,,,0,,,0,manual,name,[]
0e754494-34d6-4caa-afbb-6374a6b7106f,"שאול (אב""ד באמסטרדם)",,,,,,0,,,0,manual,name,[]
cf94c7f2-d612-48b9-b79f-70402ab45e23,"שאול בן ר' הירש לווין (אב""ד ק""ק פ""פ דאדר)",,,,,,0,,,0,manual,name,[]
978e4895-2686-452e-86b7-9abe698658ce,שאול כהנא,,,,,,0,,,0,manual,name,[]
ad26e821-5a22-43d1-b699-ebd54f9d176b,שאול כהנא,,,,,,0,,,0,manual,name,[]
df22f6f4-1dc5-4dad-9156-8c4273796339,שאול מענדלזאהן,,,,,,0,,,0,manual,name,[]
a2ec3968-59c8-4a7c-b2b0-8aa2c4ec59d8,"שאול (סג""ל אב""ד ר""מ)",,,,,,0,,,0,manual,name,[]
ac985447-28e5-4504-844b-8e0a38a467ed,שאול ראגאשנע,,,,,,0,,,0,manual,name,[]
a66049cf-8b03-4e4b-8ff2-1688e08b8ad1,"שאול רבינ' דייני ק""ק ברלין",,,,,,0,,,0,manual,name,[]
79047fe0-9eba-4d28-8f5f-8697a9f8c616,שבתי בן דוד מיאנוב,,,,,,0,,,0,manual,name,[]
c665de9f-94e5-44ce-8db9-22c462ae5fd7,שבתי בן דוד מיאנוב,,,,,,0,,,0,manual,name,[]
0f46e34b-b7e1-4e0c-ba42-a8c05d2331c5,"שואל בר""א בפפד""א",,,,,,0,,,0,manual,name,[]
c943c4a2-a8bc-40e2-95a6-568a7aafa523,שואל יפה,,,,,,0,,,0,manual,name,[]
0cd4ccda-890c-4c6d-88a3-19e07b8dab1d,"שטודס, ליפמן",,,,,,0,,,0,manual,name,[]
d95aa9d0-e5db-4391-8980-5dbbe7f1ddfd,"שטראשון, שלמה",,,,,,0,,,0,manual,name,[]
32a2cd11-09ff-4874-a5c4-9a8501bb5218,"שטרעליץ, קאפל בן פו""מ אברהם",,,,,,0,,,0,manual,name,[]
e95d70d0-78b4-4620-af66-9e1620f290a4,"שטרעליץ, קאפל בן פו''מ אברהם",,,,,,0,,,0,manual,name,[]
fe10d579-08f6-4d27-93b5-b4641f12e7f1,"שיאר, אברהם נפתלי הירץ",,,,,,0,,,0,manual,name,[]
4363ff80-4493-4030-a88b-f2509b8a2dde,"שינאווא (לה""ה אב""ד דק""ק), יצחק",,,,,,0,,,0,manual,name,[]
8bdb775e-91a0-4ad7-9e21-0a2911dcb867,"שיף, איזק בר""ב",,,,,,0,,,0,manual,name,[]
b40a5ca9-de06-47a5-8adc-52c5db6cc7a4,שכנא לאנדויא,,,,,,0,,,0,manual,name,[]
c52fc832-1269-469d-b55b-20eb75d2c846,"שלאחטב, ברוך",,,,,,0,,,0,manual,name,[]
449dc07e-3004-4143-a77f-816d091ff447,"שלאחטב, ברוך",,,,,,0,,,0,manual,name,[]
05545ae4-2956-40fa-86b2-7075124f21b8,שלאס,,,,,,0,,,0,manual,name,[]
9088bf38-c8bf-48f2-9bfa-7317637c70aa,שלום,,,Q454,peace,state of harmony characterized by lack of violent conflict and freedom from fear of violence,17,search_rank_0|name_exact|has_sitelinks,Q21623495,15,manual,name,"[{""qid"": ""Q454"", ""label"": ""peace"", ""desc"": ""state of harmony characterized by lack of violent conflict and freedom from fear of violence"", ""score"": 17}, {""qid"": ""Q21623495"", ""label"": ""שלום"", ""desc"": ""Wikimedia project page"", ""score"": 15}, {""qid"": ""Q138850"", ""label"": ""Gershom Scholem"", ""desc"": ""israelischer Hochschullehrer, Forscher der jüdischen Mystik (1897–1982)"", ""score"": 15}, {""qid"": ""Q254920"", ""label"": ""שלומית"", ""desc"": ""אחות הורדוס"", ""score"": 12}, {""qid"": ""Q21202"", ""label"": ""שלום"", ""desc"": ""שבועון יהודי טורקי"", ""score"": 11}, {""qid"": ""Q7061120"", ""label"": ""Shalom Spiegel"", ""desc"": ""professor of Medieval Jewish History"", ""score"": 9}, {""qid"": ""Q20001228"", ""label"": ""Shalom"", ""desc"": ""männlicher Vorname"", ""score"": 7}, {""qid"": ""Q219279"", ""label"": ""שלום"", ""desc"": ""archaeological site in Peru"", ""score"": 7}, {""qid"": ""Q12068060"", ""label"": ""hallo"", ""desc"": ""Grußform"", ""score"": 7}, {""qid"": ""Q19001478"", ""label"": ""Hello Internet"", ""desc"": ""discussion podcast by Brady Haran and CGP Grey"", ""score"": 6}]"
a4fcb328-5e03-4a97-9710-efa65852496b,"שלוס, מיכאל",,,,,,0,,,0,manual,name,[]
2c3862b4-0774-47a8-bea6-ed70e3688852,שלמה,,,Q29017247,Shlomo,male given name (שלמה),15,search_rank_0|name_exact,Q37085,15,manual,name,"[{""qid"": ""Q29017247"", ""label"": ""Shlomo"", ""desc"": ""male given name (שלמה)"", ""score"": 15}, {""qid"": ""Q37085"", ""label"": ""שלמה"", ""desc"": ""מלך ממלכת ישראל המאוחדת"", ""score"": 15}, {""qid"": ""Q18607854"", ""label"": ""Solomon"", ""desc"": ""Familienname"", ""score"": 13}, {""qid"": ""Q21069189"", ""label"": ""Shlomo"", ""desc"": ""männlicher Vorname"", ""score"": 11}, {""qid"": ""Q106369061"", ""label"": ""Solomon Bastomski"", ""desc"": ""Yiddish pedagogue, folklorist, writer, and editor (1891–1941)"", ""score"": 11}, {""qid"": ""Q37548163"", ""label"": ""Shlomo"", ""desc"": ""Familienname"", ""score"": 7}, {""qid"": ""Q935505"", ""label"": ""שלמה"", ""desc"": ""סרט (שאחר כך פורסם כמיני-סדרת טלוויזיה) משנת 1997"", ""score"": 7}]"
f9100958-a01b-404c-94f0-6d031d3842e1,שלמה,,,Q29017247,Shlomo,male given name (שלמה),15,search_rank_0|name_exact,Q37085,15,manual,name,"[{""qid"": ""Q29017247"", ""label"": ""Shlomo"", ""desc"": ""male given name (שלמה)"", ""score"": 15}, {""qid"": ""Q37085"", ""label"": ""שלמה"", ""desc"": ""מלך ממלכת ישראל המאוחדת"", ""score"": 15}, {""qid"": ""Q18607854"", ""label"": ""Solomon"", ""desc"": ""Familienname"", ""score"": 13}, {""qid"": ""Q21069189"", ""label"": ""Shlomo"", ""desc"": ""männlicher Vorname"", ""score"": 11}, {""qid"": ""Q106369061"", ""label"": ""Solomon Bastomski"", ""desc"": ""Yiddish pedagogue, folklorist, writer, and editor (1891–1941)"", ""score"": 11}, {""qid"": ""Q37548163"", ""label"": ""Shlomo"", ""desc"": ""Familienname"", ""score"": 7}, {""qid"": ""Q935505"", ""label"": ""שלמה"", ""desc"": ""סרט (שאחר כך פורסם כמיני-סדרת טלוויזיה) משנת 1997"", ""score"": 7}]"
24b4aff6-47e2-4b80-a6dc-18a1e57abcbb,שלמה,,,Q29017247,Shlomo,male given name (שלמה),15,search_rank_0|name_exact,Q37085,15,manual,name,"[{""qid"": ""Q29017247"", ""label"": ""Shlomo"", ""desc"": ""male given name (שלמה)"", ""score"": 15}, {""qid"": ""Q37085"", ""label"": ""שלמה"", ""desc"": ""מלך ממלכת ישראל המאוחדת"", ""score"": 15}, {""qid"": ""Q18607854"", ""label"": ""Solomon"", ""desc"": ""Familienname"", ""score"": 13}, {""qid"": ""Q21069189"", ""label"": ""Shlomo"", ""desc"": ""männlicher Vorname"", ""score"": 11}, {""qid"": ""Q106369061"", ""label"": ""Solomon Bastomski"", ""desc"": ""Yiddish pedagogue, folklorist, writer, and editor (1891–1941)"", ""score"": 11}, {""qid"": ""Q37548163"", ""label"": ""Shlomo"", ""desc"": ""Familienname"", ""score"": 7}, {""qid"": ""Q935505"", ""label"": ""שלמה"", ""desc"": ""סרט (שאחר כך פורסם כמיני-סדרת טלוויזיה) משנת 1997"", ""score"": 7}]"
122261c1-5740-4b61-b5ef-ca85f69f5876,שלמה אלימלך ואברהם,,,,,,0,,,0,manual,name,[]
5ee412c2-dd61-4ac1-b9c3-9807605494e5,שלמה בונצעל,,,,,,0,,,0,manual,name,[]
fbe62290-9f11-4d51-ae32-a683f8a92a90,שלמה בלאך,,,,,,0,,,0,manual,name,[]
f32b675a-f593-4167-85d6-039d5cf6cb81,"שלמה במהורר ישראל יצ""ו מק""ק שקלאוו",,,,,,0,,,0,manual,name,[]
8c75f69e-cc05-4306-a196-4d43b48407c2,"שלמה בר""ז",,,,,,0,,,0,manual,name,[]
f9fe16ec-d779-4c8a-a6a7-29a356eec716,"שלמה ב""ר זלמן",,,,,,0,,,0,manual,name,[]
43a5b1a5-5c3e-4865-bd0c-f533f019bab2,"שלמה ב""ר מנחם",,,,,,0,,,0,manual,name,[]
700c0144-bca5-4c5e-9315-9bba4d9a62b1,"שלמה דוד נ""ש (בחורי חמד)",,,,,,0,,,0,manual,name,[]
4e37f565-0689-40b6-963d-98940775271d,שלמה העלין,,,,,,0,,,0,manual,name,[]
76204745-d200-4543-87c6-ef6d6c4f43dd,שלמה טורנויער,,,,,,0,,,0,manual,name,[]
9e2668a2-9514-4770-978c-b1a14416b93b,שלמה מבראד,,,,,,0,,,0,manual,name,[]
37274ca7-9505-4d42-8dea-fd2ea2efce08,שלמה ניערנשטיין,,,,,,0,,,0,manual,name,[]
1385afad-1fe0-46fa-9bfe-4f2ea9c41940,"שלמה פ""ל",,,,,,0,,,0,manual,name,[]
d7addf06-8e23-4435-a00b-8836e6f9e0e5,שלמה צבי,,,Q381310,Shlomo Sternberg,American mathematician (1936–2024),19,search_rank_0|p31_human|name_partial|has_sitelinks,Q134608361,17,manual,name,"[{""qid"": ""Q381310"", ""label"": ""Shlomo Sternberg"", ""desc"": ""American mathematician (1936–2024)"", ""score"": 19}, {""qid"": ""Q134608361"", ""label"": ""Salomon Skomorowsky"", ""desc"": ""doctor Skamarovsky"", ""score"": 17}, {""qid"": ""Q30527293"", ""label"": ""שלמה צבי שיק"", ""desc"": """", ""score"": 15}, {""qid"": ""Q105176365"", ""label"": ""שלמה צבי שטראסר"", ""desc"": """", ""score"": 13}, {""qid"": ""Q118926188"", ""label"": ""Shelomoh Tsevi ben Devorah"", ""desc"": """", ""score"": 9}]"
06bd05b9-a97d-48b9-a48e-7a1165591a02,שלמה צוואנגער,,,,,,0,,,0,manual,name,[]
1a2847d9-6c0f-4534-a79d-c69e403eefb8,שלמה צעדניק,,,,,,0,,,0,manual,name,[]
7c935da5-a2ce-4f50-b1dc-556c902ff826,שלמה קארגא,,,,,,0,,,0,manual,name,[]
c7562e70-e585-45ea-a9c4-6e3cb6e2a610,שלמה קראנעק,,,,,,0,,,0,manual,name,[]
e77ab622-a21c-4ff4-a28b-f84d6e053350,שלמה קראנק,,,,,,0,,,0,manual,name,[]
9f44c3fa-0dad-4847-b5ae-1dc7ff7e5712,שלמה רונקל,,,,,,0,,,0,manual,name,[]
8bcdfab8-f489-476f-bdd1-e69b369a882f,שלמה רונקל,,,,,,0,,,0,manual,name,[]
9b404129-6c01-4a8e-8b57-7fd7da7d89e1,"שלעזינגר, הירץ",,,,,,0,,,0,manual,name,[]
d31dfdc3-5ce0-4c64-a16a-efbd2dce4702,שמה הארשין (בחורי חמד),,,,,,0,,,0,manual,name,[]
9d48e88b-c799-4ce8-8d80-46d6f156a44f,"שמואל בו פ""ום ר""ר אשרי",,,,,,0,,,0,manual,name,[]
ad563bef-5e21-4dd4-a0f1-95379b6d9511,"שמואל ב""כה נפתלי הירץ",,,,,,0,,,0,manual,name,[]
b798eea9-5ffc-4bfa-935f-090b543a190f,שמואל בן הרב הגאון בענדיט,,,,,,0,,,0,manual,name,[]
ff2e4b52-8870-4a3c-bab4-24dc7af238b2,שמואל בן הרב ט' יצחק,,,,,,0,,,0,manual,name,[]
2afe8cb2-5d76-4fd1-88c7-f70a6da5ccfb,שמואל בן שלמה חלפן,,,,,,0,,,0,manual,name,[]
eb882476-86be-41ed-815b-d6943c7f2dad,שמואל בפרוישטאט,,,,,,0,,,0,manual,name,[]
da8e01e2-34d5-4f4f-8a7d-c51667562bb7,"שמואל בר""א",,,,,,0,,,0,manual,name,[]
5bbe2c31-d972-4383-9dba-22e532a4ad35,"שמואל בר""א",,,,,,0,,,0,manual,name,[]
d7c1072d-0d5e-419a-81bc-0f9e0db43185,שמואל ברוך בינאוינטי,,,,,,0,,,0,manual,name,[]
c1ce9448-61f5-4364-8889-1e2041ed912c,"שמואל בר""י",,,,,,0,,,0,manual,name,[]
39176f09-d631-4e19-9d27-a7f67a16d184,שמואל ברסלא,,,,,,0,,,0,manual,name,[]
24397fe5-1293-4d3d-9e89-71af012b08c0,שמואל ברסלא,,,,,,0,,,0,manual,name,[]
061dbce3-5cc7-4217-9aab-9d0701f72f27,"שמואל בר""ש סג""ל",,,,,,0,,,0,manual,name,[]
200b1d19-53dd-404f-b2b1-3a1fa82528fa,שמואל העלפט,,,,,,0,,,0,manual,name,[]
d451f224-b710-4a2a-8f3b-6490a595562c,שמואל ווארבורג,,,,,,0,,,0,manual,name,[]
3d8bc13e-3f38-4220-9a5f-d0b741b7b6c9,שמואל ווערטהיים,,,,,,0,,,0,manual,name,[]
623b352c-f032-4264-a442-943a26e383d8,שמואל זנוויל,,,Q6963813,Shmuel Zanwill‏ Kahana,Israeli writer (1906-1998),19,search_rank_0|p31_human|name_partial|has_sitelinks,Q70680508,17,manual,name,"[{""qid"": ""Q6963813"", ""label"": ""Shmuel Zanwill‏ Kahana"", ""desc"": ""Israeli writer (1906-1998)"", ""score"": 19}, {""qid"": ""Q70680508"", ""label"": ""שמואל זנוויל קלפפיש"", ""desc"": """", ""score"": 17}, {""qid"": ""Q16404299"", ""label"": ""שמואל זנוויל שפיצר"", ""desc"": """", ""score"": 15}]"
6492b753-b5fe-4018-966c-daabace3023b,שמואל זנוויל,,,Q6963813,Shmuel Zanwill‏ Kahana,Israeli writer (1906-1998),19,search_rank_0|p31_human|name_partial|has_sitelinks,Q70680508,17,manual,name,"[{""qid"": ""Q6963813"", ""label"": ""Shmuel Zanwill‏ Kahana"", ""desc"": ""Israeli writer (1906-1998)"", ""score"": 19}, {""qid"": ""Q70680508"", ""label"": ""שמואל זנוויל קלפפיש"", ""desc"": """", ""score"": 17}, {""qid"": ""Q16404299"", ""label"": ""שמואל זנוויל שפיצר"", ""desc"": """", ""score"": 15}]"
e91fcf74-bf8c-4219-ae66-3b9abf81a853,שמואל זנוויל בראנדיבורג,,,,,,0,,,0,manual,name,[]
e2d2a8f9-d449-451f-b0eb-d4585fffb2f9,שמואל כהרר נפתלי הירץ,,,,,,0,,,0,manual,name,[]
7e68ecfe-2c09-4c0b-aae3-1cb5b35e6db8,"שמואל כ""ץ",,,Q110567718,Shemuʼel Kats,(born 1955),20,search_rank_1|p31_human|name_exact|has_sitelinks,Q1174903,17,manual,name,"[{""qid"": ""Q110567718"", ""label"": ""Shemuʼel Kats"", ""desc"": ""(born 1955)"", ""score"": 20}, {""qid"": ""Q1174903"", ""label"": ""Shmuel Katz"", ""desc"": ""Wikimedia disambiguation page"", ""score"": 17}]"
ed164732-f3fe-4691-91bf-5ee41324659b,שמואל לאנדא,,,,,,0,,,0,manual,name,[]
2d9080f5-017d-4f38-8a3d-d62eb2f13eb7,שמואל לוי,,,Q7499658,Shmuel Levi,Israeli painter (1884-1966),22,search_rank_0|p31_human|name_exact|has_sitelinks,Q15437482,20,manual,name,"[{""qid"": ""Q7499658"", ""label"": ""Shmuel Levi"", ""desc"": ""Israeli painter (1884-1966)"", ""score"": 22}, {""qid"": ""Q15437482"", ""label"": ""Samuel Saul Levy"", ""desc"": ""French industrialist (1884-1966)"", ""score"": 20}, {""qid"": ""Q94579287"", ""label"": ""Chochko Levi"", ""desc"": ""Israeli footballer"", ""score"": 18}, {""qid"": ""Q47657921"", ""label"": ""Samuel Levi"", ""desc"": """", ""score"": 13}, {""qid"": ""Q92205090"", ""label"": ""Shmuel Levi (IDF Soldier)"", ""desc"": ""Israeli soldier"", ""score"": 11}]"
da275e19-cb95-4874-a6b4-992978be6790,"שמואל לוי בר""שח",,,,,,0,,,0,manual,name,[]
702fb260-8664-4a40-a2f1-9d691f6fab9a,שמואל לוי פרענקל,,,,,,0,,,0,manual,name,[]
7ddaa58a-fe26-4f53-baa1-b51b00084d1e,שמואל ניקלסוברג,,,,,,0,,,0,manual,name,[]
7d3bd58f-55d0-4aa2-8813-d3a705758f6f,שמואל סטנאב,,,,,,0,,,0,manual,name,[]
a3913cfe-f1d0-4d2c-aece-f538dbf7accb,שמואל סמטור,,,,,,0,,,0,manual,name,[]
86a387dc-394b-43d7-b84b-d9c8966db529,שמואל פאלאק,,,,,,0,,,0,manual,name,[]
8a3e0c70-8518-4fed-bc3c-28060f350d22,"שמואל פ""ד",,,,,,0,,,0,manual,name,[]
a99f8ff0-bc2a-4f7d-8609-c3b0dd5e9eaf,"שמואל פ""ל",,,,,,0,,,0,manual,name,[]
7fd16619-b2bf-47e7-a397-b8f464c249de,"שמואל פרנס דד""א",,,,,,0,,,0,manual,name,[]
3935aba6-ae4a-41b1-ab08-3a0cb70ff725,שמואל צבי בן קלונימוס קלמן,,,,,,0,,,0,manual,name,[]
f4490c88-7fbb-4497-9ed5-652ee2d1622d,שמואל קיניגסשפירר,,,,,,0,,,0,manual,name,[]
555c09e7-ef50-4d6a-abf5-27689d12805f,שמואל רארמיטצער,,,,,,0,,,0,manual,name,[]
0b4cbce7-e6af-4761-93f6-592236045d51,שמואל שמעלקא ליב,,,,,,0,,,0,manual,name,[]
f7638210-c068-4c1e-9a32-5c360fb35faa,שמואל שמעלקא ליב,,,,,,0,,,0,manual,name,[]
fff987ec-b5ab-4a93-b4ca-c9531961f0dd,שמחה לינטל,,,,,,0,,,0,manual,name,[]
27b3e71b-0c4a-417a-9356-0df770c86156,שמחה קלימני,,,,,,0,,,0,manual,name,[]
275d9727-8bc2-423f-bed3-25f0ced483b5,שמחה שינאף,,,,,,0,,,0,manual,name,[]
fd0f3294-1b0d-4be3-9a34-2d1f015079a2,שמעון בן גדליה,,,,,,0,,,0,manual,name,[]
53dcbc3f-b9b5-4b31-a146-538754801b61,שמעון ברוינשווייג,,,,,,0,,,0,manual,name,[]
d142b7ec-ad18-4c92-9794-693bd6991179,"שמעון בר""ט בש""ל",,,,,,0,,,0,manual,name,[]
c9f5082e-0d84-4a02-9e7a-a56a0a3c4769,"שמעון ב""ר שלמה הנאבר",,,,,,0,,,0,manual,name,[]
98de9bc4-6f31-447a-ac6a-69e366ac83f8,"שמעון ג""ה (בחורי חמד)",,,,,,0,,,0,manual,name,[]
41ce55b7-be4c-4b4b-b292-422842792cac,שמעון דוב גוטענטאג,,,,,,0,,,0,manual,name,[]
de897b9e-44d9-4a9d-9a46-e9ffdddf67b6,שמעון יעקב פעסילש,,,,,,0,,,0,manual,name,[]
4a0d3f98-9b9e-4cc3-91f5-3aa5b04c66ce,שמעון מערגנטהיים,,,,,,0,,,0,manual,name,[]
4de6abf2-5a9c-407d-b91c-dc13b3e30dc5,שמעון פיורדא,,,,,,0,,,0,manual,name,[]
9f887c3f-84a8-44ec-aeef-88976327c2a1,שמעון פיורדא,,,,,,0,,,0,manual,name,[]
32d97c6c-471a-4fc2-9dcc-99b57011b5fa,שמעון פיורדא קנעלקי (בחורי חמד),,,,,,0,,,0,manual,name,[]
36acccca-69b9-496f-8528-74f1dc08774a,שמעון פייט,,,,,,0,,,0,manual,name,[]
fc9deb2f-869b-4e52-a02e-72ab8704cd4e,שמעון פייט,,,,,,0,,,0,manual,name,[]
b3484977-6029-4a02-8e94-c6fd59efc902,"שמעון פ""ל",,,,,,0,,,0,manual,name,[]
91d1321c-dbac-457f-987f-3ed6ab6bec70,"שמעון פ""ל בק""ב",,,,,,0,,,0,manual,name,[]
1d6d8091-f6ae-4d92-a298-52029c1dbf4e,שמעון קרעמזיר,,,,,,0,,,0,manual,name,[]
4e076aa2-39ad-4434-81df-a42a728ff7ce,"שמעון רוק מפ""ב",,,,,,0,,,0,manual,name,[]
c8f5019c-c5e8-460b-9826-99b220b6cb12,שמעי' בעער העללער,,,,,,0,,,0,manual,name,[]
7a756e55-1377-4384-96e6-5c2f34b942e5,שמעי' לאנצבורג,,,,,,0,,,0,manual,name,[]
89358f38-23dd-44b5-b68c-01360c69a4b1,שמעי' קראקויר,,,,,,0,,,0,manual,name,[]
c24087e1-4e08-403b-9df5-a397b64ff30b,שמעלקא ליב,,,,,,0,,,0,manual,name,[]
0db2fb95-442c-4946-8b79-ac967ce66d3e,שמשון,,,Q33127830,Samson,male given name (שמשון),17,search_rank_0|name_exact|has_sitelinks,Q214648,15,manual,name,"[{""qid"": ""Q33127830"", ""label"": ""Samson"", ""desc"": ""male given name (שמשון)"", ""score"": 17}, {""qid"": ""Q214648"", ""label"": ""שמשון"", ""desc"": ""גיבור מקראי, שופט משבט דן"", ""score"": 15}, {""qid"": ""Q162895"", ""label"": ""Helianthemum"", ""desc"": ""genus of plants"", ""score"": 13}, {""qid"": ""Q2217694"", ""label"": ""Samson"", ""desc"": ""männlicher Vorname"", ""score"": 11}, {""qid"": ""Q7051598"", ""label"": ""Shimshon Meltzer"", ""desc"": ""Israeli Hebrew poet (1909–2000)"", ""score"": 11}, {""qid"": ""Q22968293"", ""label"": ""Samson"", ""desc"": ""Frankish prince; son of Childéric I"", ""score"": 10}]"
0eeec1dd-6b02-41f5-a03d-05820ae8b997,"שמשון בה""ב",,,,,,0,,,0,manual,name,[]
4ad25d4c-59fb-4397-b366-8769ba14c991,שמשון מחאליוב,,,,,,0,,,0,manual,name,[]
932da533-ed01-4a64-9999-43ade0f93eaa,"שניאור בר""ם שפירא",,,,,,0,,,0,manual,name,[]
