uuid,name,slug,best_qid,best_label,best_score,best_reasons,second_qid,second_label,second_score,action,all_candidates
c8055655-82be-47d9-bf16-340ffcd4a994,Altona,altona,Q1630,Altona,24,name_exact|p31_settlement|coords_eu_il|country_DE|has_sitelinks|search_rank_1,Q443946,Altona,21,manual,"[{""qid"": ""Q1630"", ""label"": ""Altona"", ""desc"": ""Bezirk in Hamburg, ehemals eigenständige Stadt"", ""score"": 24}, {""qid"": ""Q443946"", ""label"": ""Altona"", ""desc"": ""suburb of Melbourne, Australia"", ""score"": 21}, {""qid"": ""Q27530903"", ""label"": ""Altona"", ""desc"": ""ehemals selbstständige Stadt in Holstein"", ""score"": 14}, {""qid"": ""Q402754"", ""label"": ""Altona"", ""desc"": ""Ort in Manitoba, Kanada"", ""score"": 13}, {""qid"": ""Q50368955"", ""label"": ""Altona"", ""desc"": ""שם משפחה (Altona)"", ""score"": 11}, {""qid"": ""Q444031"", ""label"": ""Altonaer FC von 1893"", ""desc"": ""association football club in Germany"", ""score"": 10}, {""qid"": ""Q157421"", ""label"": ""850 Altona"", ""desc"": ""אסטרואיד"", ""score"": 6}, {""qid"": ""Q2671188"", ""label"": ""אלטונה"", ""desc"": ""כפר באילינוי, ארצות הברית"", ""score"": 6}]"
f5437165-df05-45b7-b2fa-d7ff2c8ebec9,Amsterdam,amsterdam,Q727,Amsterdam,26,name_exact|p31_settlement|coords_eu_il|country_NL|has_sitelinks|search_rank_0,Q9899,Amsterdam,20,auto,"[{""qid"": ""Q727"", ""label"": ""Amsterdam"", ""desc"": ""capital and most populous city of the Netherlands"", ""score"": 26}, {""qid"": ""Q9899"", ""label"": ""Amsterdam"", ""desc"": ""municipality in the Netherlands, containing the cities of Amsterdam and Weesp"", ""score"": 20}, {""qid"": ""Q37471983"", ""label"": ""Amsterdam"", ""desc"": ""family name"", ""score"": 13}, {""qid"": ""Q3152900"", ""label"": ""Amsterdam"", ""desc"": ""place in Mpumalanga, South Africa"", ""score"": 13}, {""qid"": ""Q478456"", ""label"": ""אמסטרדם"", ""desc"": ""city in Montgomery County in the state of New York, USA"", ""score"": 10}, {""qid"": ""Q1820897"", ""label"": ""Amsterdam-Museum"", ""desc"": ""Museum der Stadtgeschichte von Amsterdam"", ""score"": 9}, {""qid"": ""Q122781"", ""label"": ""Amsterdam"", ""desc"": ""שיר של ז'אק ברל"", ""score"": 7}, {""qid"": ""Q20857801"", ""label"": ""Amsterdam"", ""desc"": ""2015 live album by Phish"", ""score"": 7}]"
35460b7c-0ede-4ed5-96df-cd6529e2e1f2,Anklam,anklam,Q488513,Anklam,26,name_exact|p31_settlement|coords_eu_il|country_DE|has_sitelinks|search_rank_0,Q10412252,Anklam,20,auto,"[{""qid"": ""Q488513"", ""label"": ""Anklam"", ""desc"": ""town in the Vorpommern-Greifswald District, Mecklenburg-Western Pomerania, Germany"", ""score"": 26}, {""qid"": ""Q10412252"", ""label"": ""Anklam"", ""desc"": ""settlement in Sjöbo Municipality,Sweden"", ""score"": 20}, {""qid"": ""Q4766078"", ""label"": ""Anklam railway station"", ""desc"": ""railway station in Germany"", ""score"": 17}, {""qid"": ""Q1408508"", ""label"": ""Anklam airfield"", ""desc"": ""aerodrome in Germany"", ""score"": 13}, {""qid"": ""Q127429553"", ""label"": ""Anklam"", ""desc"": ""The mint(s) at the City of Anklam, National State of Mecklenburg-Vorpommern, Germany"", ""score"": 10}, {""qid"": ""Q117068913"", ""label"": ""Anklam"", ""desc"": ""dredger built in 1956"", ""score"": 5}]"
e8862065-19f4-47fd-8762-e1c6082e6b80,Arad,arad,Q173591,Arad,26,name_exact|p31_settlement|coords_eu_il|country_RO|has_sitelinks|search_rank_0,Q152473,Arad,22,auto,"[{""qid"": ""Q173591"", ""label"": ""Arad"", ""desc"": ""city in Arad County, Romania"", ""score"": 26}, {""qid"": ""Q152473"", ""label"": ""Arad"", ""desc"": ""Stadt in Israel"", ""score"": 22}, {""qid"": ""Q179559"", ""label"": ""Arad County"", ""desc"": ""county in Romania"", ""score"": 15}, {""qid"": ""Q2583788"", ""label"": ""Aradidae"", ""desc"": ""family of insects"", ""score"": 12}, {""qid"": ""Q4783610"", ""label"": ""Arad"", ""desc"": ""Bahnhof in Rumänien"", ""score"": 12}, {""qid"": ""Q16147855"", ""label"": ""Arad"", ""desc"": ""Familienname"", ""score"": 9}, {""qid"": ""Q384585"", ""label"": ""Arad"", ""desc"": ""עיר באיראן"", ""score"": 9}, {""qid"": ""Q107448247"", ""label"": ""Arad"", ""desc"": ""שם משפחה"", ""score"": 5}, {""qid"": ""Q4783637"", ""label"": ""Aradus"", ""desc"": ""genus of insects"", ""score"": 4}]"
56696be2-7272-4625-9077-b21d7c363d08,Augsburg,augsburg,Q2749,Augsburg,26,name_exact|p31_settlement|coords_eu_il|country_DE|has_sitelinks|search_rank_0,Q760516,Augsburg University,14,auto,"[{""qid"": ""Q2749"", ""label"": ""Augsburg"", ""desc"": ""city in Bavaria, Germany"", ""score"": 26}, {""qid"": ""Q760516"", ""label"": ""Augsburg University"", ""desc"": ""university in Minneapolis, USA"", ""score"": 14}, {""qid"": ""Q15755"", ""label"": ""אאוגסבורג"", ""desc"": ""מועדון כדורגל גרמני"", ""score"": 12}, {""qid"": ""Q50332861"", ""label"": ""Augsburg"", ""desc"": ""Familienname"", ""score"": 11}, {""qid"": ""Q10414"", ""label"": ""מחוז אאוגסבורג"", ""desc"": ""מחוז בשוואביה, גרמניה"", ""score"": 11}, {""qid"": ""Q760513"", ""label"": ""Fregatte Augsburg"", ""desc"": ""Fregatte der Bremen-Klasse (F122)"", ""score"": 8}]"
a2d5e34f-5279-401b-9a04-50c6551bce79,Bamberg,bamberg,Q3936,Bamberg,24,name_exact|p31_settlement|coords_eu_il|has_sitelinks|search_rank_0,Q805942,Bamberg,15,auto,"[{""qid"": ""Q3936"", ""label"": ""Bamberg"", ""desc"": ""town in Bavaria, Germany"", ""score"": 24}, {""qid"": ""Q805942"", ""label"": ""Bamberg"", ""desc"": ""city in South Carolina"", ""score"": 15}, {""qid"": ""Q20519441"", ""label"": ""Bamberg"", ""desc"": ""family name"", ""score"": 13}, {""qid"": ""Q800444"", ""label"": ""Bahnhof Bamberg"", ""desc"": ""Bahnhof in Oberfranken, Deutschland"", ""score"": 13}, {""qid"": ""Q1007957"", ""label"": ""Bamberg"", ""desc"": ""federal electoral district of Germany"", ""score"": 12}, {""qid"": ""Q1357461"", ""label"": ""Ernst Bamberg"", ""desc"": ""German biophysicist"", ""score"": 10}, {""qid"": ""Q21493428"", ""label"": ""Bamberger"", ""desc"": ""family name"", ""score"": 4}]"
1e543f86-ba73-4154-b5b1-f7dd1ba1316e,Basel,basel,Q78,Basel,26,name_exact|p31_settlement|coords_eu_il|country_CH|has_sitelinks|search_rank_0,Q37467127,Basel,15,auto,"[{""qid"": ""Q78"", ""label"": ""Basel"", ""desc"": ""city on the Rhine in Switzerland"", ""score"": 26}, {""qid"": ""Q37467127"", ""label"": ""Basel"", ""desc"": ""family name"", ""score"": 15}, {""qid"": ""Q660776"", ""label"": ""Kanton Basel"", ""desc"": ""Schweizer Kanton von 1501 bis 1833"", ""score"": 15}, {""qid"": ""Q12172"", ""label"": ""Kanton Basel-Stadt"", ""desc"": ""(Halb-)Kanton der Schweiz"", ""score"": 13}, {""qid"": ""Q1130368"", ""label"": ""Basella alba"", ""desc"": ""species of plant"", ""score"": 10}, {""qid"": ""Q812747"", ""label"": ""Başel"", ""desc"": ""male given name"", ""score"": 9}, {""qid"": ""Q372608"", ""label"": ""University of Basel"", ""desc"": ""public university in Basel, Switzerland"", ""score"": 9}, {""qid"": ""Q12146"", ""label"": ""Kanton Basel-Landschaft"", ""desc"": ""(Halb-)Kanton der Schweiz"", ""score"": 9}, {""qid"": ""Q133933535"", ""label"": ""Basel"", ""desc"": ""article in Meyer’s Universum, 1847"", ""score"": 7}, {""qid"": ""Q60576346"", ""label"": ""באסל"", ""desc"": ""שם פרטי גברי"", ""score"": 6}]"
36cfc7b5-a33f-4d99-8b90-00628390c1f3,Bayreuth,bayreuth,Q3923,Bayreuth,24,name_exact|p31_settlement|coords_eu_il|has_sitelinks|search_rank_0,Q42592332,Bayreuth,15,auto,"[{""qid"": ""Q3923"", ""label"": ""Bayreuth"", ""desc"": ""medium-sized town in northern Bavaria, Germany"", ""score"": 24}, {""qid"": ""Q42592332"", ""label"": ""Bayreuth"", ""desc"": ""family name"", ""score"": 15}, {""qid"": ""Q10439"", ""label"": ""מחוז ביירוית"", ""desc"": ""מחוז בפרנקוניה עילית, גרמניה"", ""score"": 15}, {""qid"": ""Q1007963"", ""label"": ""Bayreuth"", ""desc"": ""federal electoral district of Germany"", ""score"": 14}, {""qid"": ""Q702482"", ""label"": ""University of Bayreuth"", ""desc"": ""university in Germany"", ""score"": 13}, {""qid"": ""Q76891259"", ""label"": ""Bayreuth"", ""desc"": ""historic building in Auckland, New Zealand"", ""score"": 7}]"
ffcd6223-437b-4f70-99dd-da87cd7defb6,Berlin,berlin,Q64,Berlin,24,name_exact|p31_settlement|coords_eu_il|has_sitelinks|search_rank_0,Q2660845,Berlin,15,auto,"[{""qid"": ""Q64"", ""label"": ""Berlin"", ""desc"": ""federated state, capital and largest city of Germany"", ""score"": 24}, {""qid"": ""Q2660845"", ""label"": ""Berlin"", ""desc"": ""family name"", ""score"": 15}, {""qid"": ""Q1086827"", ""label"": ""Berlin"", ""desc"": ""borough in Camden County, New Jersey, United States"", ""score"": 13}, {""qid"": ""Q821199"", ""label"": ""Berlin"", ""desc"": ""town in Hartford County, Connecticut, United States"", ""score"": 11}, {""qid"": ""Q821198"", ""label"": ""Berlin"", ""desc"": ""US-amerikanische Band"", ""score"": 9}]"
ec5ea056-b150-4d4c-bfdc-150e8daaf4cb,Bernburg,bernburg,Q14938,Bernburg,26,name_exact|p31_settlement|coords_eu_il|country_DE|has_sitelinks|search_rank_0,Q23933722,Bernburg Hauptbahnhof,17,auto,"[{""qid"": ""Q14938"", ""label"": ""Bernburg"", ""desc"": ""town in the Salzland Rural District, Saxony-Anhalt, Germany"", ""score"": 26}, {""qid"": ""Q23933722"", ""label"": ""Bernburg Hauptbahnhof"", ""desc"": ""railway station in Bernburg, Germany"", ""score"": 17}, {""qid"": ""Q114157"", ""label"": ""Bernburg"", ""desc"": ""מחוז בסקסוניה-אנהלט, גרמניה"", ""score"": 16}, {""qid"": ""Q64913286"", ""label"": ""Bernburg"", ""desc"": ""family name"", ""score"": 15}, {""qid"": ""Q56755063"", ""label"": ""Bernburg-Strenzfeld railway stop"", ""desc"": ""railway stop in Germany"", ""score"": 11}, {""qid"": ""Q56755062"", ""label"": ""Bahnhof Bernburg-Waldau"", ""desc"": ""Bahnhof in Bernburg (Saale) in Sachsen-Anhalt"", ""score"": 9}, {""qid"": ""Q83645710"", ""label"": ""Bernburg"", ""desc"": ""ship built in 1967"", ""score"": 7}]"
a3c04f4b-164c-4751-8e35-d2aaf6fa5539,Bialystok,bialystok,Q761,Białystok,26,name_exact|p31_settlement|coords_eu_il|country_PL|has_sitelinks|search_rank_0,Q1126261,Białystok County,17,auto,"[{""qid"": ""Q761"", ""label"": ""Białystok"", ""desc"": ""city and capital of Podlaskie Voivodeship in eastern Poland"", ""score"": 26}, {""qid"": ""Q1126261"", ""label"": ""Białystok County"", ""desc"": ""powiat of Poland"", ""score"": 17}, {""qid"": ""Q4082807"", ""label"": ""Bilyj Stik"", ""desc"": ""Fluss in der Ukraine, mündet in den Bug"", ""score"": 15}, {""qid"": ""Q31915550"", ""label"": ""Białystok"", ""desc"": """", ""score"": 14}, {""qid"": ""Q105083168"", ""label"": ""Bialystok"", ""desc"": ""family name"", ""score"": 13}, {""qid"": ""Q4985106"", ""label"": ""Bialystok"", ""desc"": ""meteorite"", ""score"": 12}, {""qid"": ""Q2262365"", ""label"": ""Bahnhof Białystok"", ""desc"": ""Bahnhof in Polen"", ""score"": 11}]"
529a5d09-c56b-4735-9e52-79d0463ef812,Bielau,bielau,Q857331,Bielawa,25,alias_exact|p31_settlement|coords_eu_il|country_PL|has_sitelinks|search_rank_0,Q6468815,Bielaŭščyna,17,auto,"[{""qid"": ""Q857331"", ""label"": ""Bielawa"", ""desc"": ""city in Lower Silesian Voivodeship, southwestern Poland"", ""score"": 25}, {""qid"": ""Q6468815"", ""label"": ""Bielaŭščyna"", ""desc"": ""village in Belarus"", ""score"": 17}, {""qid"": ""Q1881938"", ""label"": ""Bělá"", ""desc"": ""village in Opava District of Moravian Silesian region"", ""score"": 15}, {""qid"": ""Q1899887"", ""label"": ""Bílov"", ""desc"": ""Gemeinde in Tschechien"", ""score"": 13}, {""qid"": ""Q125649149"", ""label"": ""Bielau"", ""desc"": ""family name"", ""score"": 11}, {""qid"": ""Q683577"", ""label"": ""Biała Nyska"", ""desc"": ""Ortschaft der Landgemeinde Nysa (Neisse) in Polen"", ""score"": 11}, {""qid"": ""Q857284"", ""label"": ""Bielau"", ""desc"": ""דף פירושונים"", ""score"": 7}]"
80db840e-2293-421b-9f9f-1d63ac6bb9b5,Bielefeld,bielefeld,Q2112,Bielefeld,26,name_exact|p31_settlement|coords_eu_il|country_DE|has_sitelinks|search_rank_0,Q564750,Bielefeld Central Station,19,auto,"[{""qid"": ""Q2112"", ""label"": ""Bielefeld"", ""desc"": ""big city in North Rhine Westphalia, Germany"", ""score"": 26}, {""qid"": ""Q564750"", ""label"": ""Bielefeld Central Station"", ""desc"": ""Railway station in Northern Rhein - Westfalia, Germany"", ""score"": 19}, {""qid"": ""Q31912389"", ""label"": ""Bielefeld"", ""desc"": ""geographische Lage"", ""score"": 14}, {""qid"": ""Q37280619"", ""label"": ""Bielefeld"", ""desc"": ""Familienname"", ""score"": 13}, {""qid"": ""Q24382"", ""label"": ""Bielefeld University"", ""desc"": ""university in Bielefeld, Germany"", ""score"": 13}, {""qid"": ""Q706435"", ""label"": ""SchücoArena"", ""desc"": ""Fußballstadion in Bielefeld, Nordrhein-Westfalen"", ""score"": 9}, {""qid"": ""Q448335"", ""label"": ""BASE"", ""desc"": ""academic search engine"", ""score"": 6}, {""qid"": ""Q110476543"", ""label"": ""Bielefeld"", ""desc"": """", ""score"": 5}]"
eba71452-103c-4010-bc12-776c9e842aa5,Bielitz,bielitz,Q106583,Bielitz-Biala,23,alias_exact|p31_settlement|coords_eu_il|country_PL|has_sitelinks|search_rank_1,Q4904476,Bielice,17,auto,"[{""qid"": ""Q106583"", ""label"": ""Bielitz-Biala"", ""desc"": ""Stadt in Polen in der Woiwodschaft Schlesien"", ""score"": 23}, {""qid"": ""Q4904476"", ""label"": ""Bielice"", ""desc"": ""village in Nysa county, Opole Voivodeship, in south-western Poland"", ""score"": 17}, {""qid"": ""Q110948675"", ""label"": ""Bielitz"", ""desc"": ""family name"", ""score"": 15}, {""qid"": ""Q1803086"", ""label"": ""Bielitz"", ""desc"": """", ""score"": 11}, {""qid"": ""Q2628593"", ""label"": ""Bielsko"", ""desc"": ""ehemalige Stadt in Cieszyn-Schlesien, Stadtteil von Bielsko-Biała"", ""score"": 11}, {""qid"": ""Q836279"", ""label"": ""Podbeskidzie Bielsko-Biała"", ""desc"": ""polnischer Fußballverein"", ""score"": 6}, {""qid"": ""Q117144499"", ""label"": ""Bielitzer"", ""desc"": ""family name"", ""score"": 2}]"
ba60af97-e8b5-4f2b-8e44-cc85a3ec2dc3,Bleicherode,bleicherode,Q517311,Bleicherode,26,name_exact|p31_settlement|coords_eu_il|country_DE|has_sitelinks|search_rank_0,Q31916027,Bleicherode,22,auto,"[{""qid"": ""Q517311"", ""label"": ""Bleicherode"", ""desc"": ""municipality of Germany"", ""score"": 26}, {""qid"": ""Q31916027"", ""label"": ""Bleicherode"", ""desc"": """", ""score"": 22}, {""qid"": ""Q109443995"", ""label"": ""Bleicherode Ost railway station"", ""desc"": ""railway station in Germany"", ""score"": 17}, {""qid"": ""Q24218624"", ""label"": ""Bleicherode"", ""desc"": ""דף פירושונים"", ""score"": 11}, {""qid"": ""Q93082198"", ""label"": ""Bleicheroder Straße"", ""desc"": ""Straße in Berlin-Pankow"", ""score"": 9}, {""qid"": ""Q883583"", ""label"": ""Bleicheröder Berge"", ""desc"": ""Gebirgszug"", ""score"": 9}, {""qid"": ""Q801972"", ""label"": ""Bleicherode Ost-Herzberg railway"", ""desc"": ""former railway line in Germany"", ""score"": 8}]"
18420da1-e449-433e-b1b3-96ad8ad00548,Böhmisch Leipa,bohmisch-leipa,Q740863,Česká Lípa,21,alias_exact|coords_eu_il|country_CZ|has_sitelinks|search_rank_0,Q15735588,Böhmisch Leipa Hauptbahnhof,15,auto,"[{""qid"": ""Q740863"", ""label"": ""Česká Lípa"", ""desc"": ""town in the Czech Republic"", ""score"": 21}, {""qid"": ""Q15735588"", ""label"": ""Böhmisch Leipa Hauptbahnhof"", ""desc"": ""Bahnhof in Tschechien"", ""score"": 15}, {""qid"": ""Q104713226"", ""label"": ""Českolipská"", ""desc"": ""Böhmisch Leipa Straße in Niemes, Abzweigung in Richtung Bohatice (Česká Lípa). Blick in Richtung Stadt, zum Kreisverkehr am Kozinaplatz."", ""score"": 11}, {""qid"": ""Q22811757"", ""label"": ""Böhmisch Leipa Haltestelle"", ""desc"": ""Haltepunkt in Tschechien"", ""score"": 9}, {""qid"": ""Q120598456"", ""label"": ""Böhmisch-Leipaer Wochenblatt"", ""desc"": """", ""score"": 8}, {""qid"": ""Q120598457"", ""label"": ""Böhmisch-Leipaer Zeitung"", ""desc"": """", ""score"": 4}, {""qid"": ""Q120598455"", ""label"": ""Böhmisch-Leipaer Anzeiger"", ""desc"": """", ""score"": 0}]"
5317b6b8-2125-4bbe-8ba3-db55ac84738c,Bonn,bonn,Q586,Bonn,26,name_exact|p31_settlement|coords_eu_il|country_DE|has_sitelinks|search_rank_0,Q1008015,Bonn,16,auto,"[{""qid"": ""Q586"", ""label"": ""Bonn"", ""desc"": ""city in Germany and capital of former West Germany"", ""score"": 26}, {""qid"": ""Q1008015"", ""label"": ""Bonn"", ""desc"": ""federal electoral district of Germany"", ""score"": 16}, {""qid"": ""Q37566410"", ""label"": ""Bonn"", ""desc"": ""family name"", ""score"": 15}, {""qid"": ""Q892684"", ""label"": ""Bonn"", ""desc"": ""Stadtbezirk der Stadt Bonn, Deutschland"", ""score"": 12}, {""qid"": ""Q845735"", ""label"": ""Bonner Durchmusterung"", ""desc"": ""Sternkatalog"", ""score"": 10}, {""qid"": ""Q892727"", ""label"": ""Bonnefantenmuseum"", ""desc"": ""Kunstmuseum in den Niederlanden"", ""score"": 9}, {""qid"": ""Q571358"", ""label"": ""Michel"", ""desc"": ""German auxiliary cruiser"", ""score"": 8}, {""qid"": ""Q892675"", ""label"": ""Bonn"", ""desc"": ""2011 Berlin-class replenishment ship"", ""score"": 7}]"
a642cf75-eb91-4259-bb4d-68aa9183acae,Bourdeaux,bourdeaux,Q383079,Bourdeaux,22,name_exact|coords_eu_il|country_FR|has_sitelinks|search_rank_0,Q37524136,Bourdeaux,15,auto,"[{""qid"": ""Q383079"", ""label"": ""Bourdeaux"", ""desc"": ""commune in Drôme, France"", ""score"": 22}, {""qid"": ""Q37524136"", ""label"": ""Bourdeaux"", ""desc"": ""family name"", ""score"": 15}, {""qid"": ""Q117882093"", ""label"": ""Bourdeaux weather station"", ""desc"": ""weather station located in Drôme, in France"", ""score"": 15}, {""qid"": ""Q1724560"", ""label"": ""Kanton Bourdeaux"", ""desc"": ""französische Verwaltungseinheit"", ""score"": 15}, {""qid"": ""Q18249545"", ""label"": ""Bourdeaux"", ""desc"": ""דף פירושונים"", ""score"": 9}, {""qid"": ""Q101242984"", ""label"": ""Margaret Bourdeaux"", ""desc"": ""American research director for the Program in Global Public Policy and Social Change"", ""score"": 2}]"
63f39669-bd40-4d8f-89f6-3c0a357cce8a,Brandenburg,brandenburg,Q3931,Brandenburg an der Havel,25,alias_exact|p31_settlement|coords_eu_il|country_DE|has_sitelinks|search_rank_0,Q1208,Brandenburg,20,auto,"[{""qid"": ""Q3931"", ""label"": ""Brandenburg an der Havel"", ""desc"": ""city in Brandenburg, Germany"", ""score"": 25}, {""qid"": ""Q1208"", ""label"": ""Brandenburg"", ""desc"": ""Land der Bundesrepublik Deutschland"", ""score"": 20}, {""qid"": ""Q897887"", ""label"": ""Brandenburg"", ""desc"": ""family name"", ""score"": 13}, {""qid"": ""Q3180863"", ""label"": ""Brandenburg"", ""desc"": ""עיר בארצות הברית"", ""score"": 11}, {""qid"": ""Q700264"", ""label"": ""פרובינציית ברנדנבורג"", ""desc"": ""province of Prussia, Germany (1815–1947)"", ""score"": 11}, {""qid"": ""Q4956662"", ""label"": ""Brandenburg Central Station"", ""desc"": ""railway station in Brandenburg an der Havel, Germany"", ""score"": 11}, {""qid"": ""Q1801895"", ""label"": ""Land Brandenburg"", ""desc"": ""Land der Deutschen Demokratischen Republik"", ""score"": 9}]"
6d5b6cf6-6dab-461d-ac61-ba2b62ffeb0b,Braunschweig,braunschweig,Q2773,Brunswick,25,alias_exact|p31_settlement|coords_eu_il|country_DE|has_sitelinks|search_rank_0,Q901859,Braunschweig,15,auto,"[{""qid"": ""Q2773"", ""label"": ""Brunswick"", ""desc"": ""city in Lower Saxony, Germany"", ""score"": 25}, {""qid"": ""Q901859"", ""label"": ""Braunschweig"", ""desc"": ""1962 Köln-class frigate"", ""score"": 15}, {""qid"": ""Q326029"", ""label"": ""דוכסות בראונשווייג"", ""desc"": ""דוכסות בגרמניה 1918-1915"", ""score"": 15}, {""qid"": ""Q1008020"", ""label"": ""Braunschweig (electoral district)"", ""desc"": ""federal electoral district of Germany"", ""score"": 13}, {""qid"": ""Q36935387"", ""label"": ""Braunschweig"", ""desc"": ""Familienname"", ""score"": 11}, {""qid"": ""Q318930"", ""label"": ""Braunschweig Hauptbahnhof"", ""desc"": ""südöstlich der Braunschweiger Innenstadt gelegener Bahnhof in Deutschland"", ""score"": 11}]"
79105c72-5e2a-4c65-aaf9-5f714fa8f593,Breslau,breslau,Q1799,Wrocław,23,alias_exact|p31_settlement|coords_eu_il|has_sitelinks|search_rank_0,Q4961852,Breslau,17,auto,"[{""qid"": ""Q1799"", ""label"": ""Wrocław"", ""desc"": ""city in the Lower Silesian Voivodeship, southwestern Poland, and historical capital of Silesia"", ""score"": 23}, {""qid"": ""Q4961852"", ""label"": ""Breslau"", ""desc"": ""unincorporated community in Ontario, Canada"", ""score"": 17}, {""qid"": ""Q37574290"", ""label"": ""Breslau"", ""desc"": ""family name"", ""score"": 15}, {""qid"": ""Q4961857"", ""label"": ""Breslau"", ""desc"": ""human settlement in Pierce County, Nebraska, United States"", ""score"": 11}, {""qid"": ""Q435395"", ""label"": ""Alte Breslauer Burschenschaft der Raczeks"", ""desc"": ""Bonner Studentenverbindung in der Deutschen Burschenschaft"", ""score"": 8}, {""qid"": ""Q136102647"", ""label"": ""Die Breslauer Morde"", ""desc"": ""polnische Miniserie (2025)"", ""score"": 6}, {""qid"": ""Q37064666"", ""label"": ""Breslauer"", ""desc"": ""family name"", ""score"": 4}]"
437e4336-b851-4580-ab08-bfd8fb114f09,Brieg,brieg,Q214640,Brzeg,21,alias_exact|coords_eu_il|country_PL|has_sitelinks|search_rank_0,Q245267,Briec,19,manual,"[{""qid"": ""Q214640"", ""label"": ""Brzeg"", ""desc"": ""city in Opole Voivodeship in southwestern Poland"", ""score"": 21}, {""qid"": ""Q245267"", ""label"": ""Briec"", ""desc"": ""commune in Finistère, France"", ""score"": 19}, {""qid"": ""Q2081583"", ""label"": ""Briga"", ""desc"": ""Siedlung in Slowenien"", ""score"": 15}, {""qid"": ""Q36987204"", ""label"": ""Brieger"", ""desc"": ""family name"", ""score"": 10}, {""qid"": ""Q81731327"", ""label"": ""Brieg"", ""desc"": ""männlicher Vorname"", ""score"": 9}, {""qid"": ""Q2314714"", ""label"": ""Friedrich Gustav Brieger"", ""desc"": ""deutsch-brasilianischer Botaniker und Pflanzenzüchter (1900–1985)"", ""score"": 6}, {""qid"": ""Q36867492"", ""label"": ""Briegel"", ""desc"": ""שם משפחה (Briegel)"", ""score"": 4}, {""qid"": ""Q106353766"", ""label"": ""Briegerová"", ""desc"": ""שם משפחה (Briegerová)"", ""score"": 2}]"
1828c335-e2c2-449b-bf57-51483aca628a,Brno,brno,Q14960,Brno,26,name_exact|p31_settlement|coords_eu_il|country_CZ|has_sitelinks|search_rank_0,Q12039338,Brno-město,21,auto,"[{""qid"": ""Q14960"", ""label"": ""Brno"", ""desc"": ""city in the Czech Republic"", ""score"": 26}, {""qid"": ""Q12039338"", ""label"": ""Brno-město"", ""desc"": ""neighborhood of Brno-střed"", ""score"": 21}, {""qid"": ""Q11342506"", ""label"": ""Brno"", ""desc"": ""scrapped cargo ship"", ""score"": 15}, {""qid"": ""Q222686"", ""label"": ""Masaryk Circuit"", ""desc"": ""race track"", ""score"": 15}, {""qid"": ""Q192697"", ""label"": ""South Moravian Region"", ""desc"": ""region of the Czech Republic"", ""score"": 13}, {""qid"": ""Q11088399"", ""label"": ""Zentralfriedhof Brünn"", ""desc"": ""Friedhof in Tschechien"", ""score"": 9}, {""qid"": ""Q921772"", ""label"": ""Brünn Hauptbahnhof"", ""desc"": ""Hauptbahnhof der Stadt Brünn"", ""score"": 9}, {""qid"": ""Q23852864"", ""label"": ""Brno"", ""desc"": ""article in Otto's encyclopedia"", ""score"": 7}, {""qid"": ""Q918554"", ""label"": ""2889 Brno"", ""desc"": ""אסטרואיד"", ""score"": 6}]"
9c2132c0-2c5c-4e6c-8f30-174262db6444,Brody,brody,Q465104,Brody,22,name_exact|coords_eu_il|country_UA|has_sitelinks|search_rank_0,Q149790,Brody,20,manual,"[{""qid"": ""Q465104"", ""label"": ""Brody"", ""desc"": ""city in the Lviv Oblast, Ukraine"", ""score"": 22}, {""qid"": ""Q149790"", ""label"": ""Brody"", ""desc"": ""Stadt in der Woiwodschaft Lebus, Polen"", ""score"": 20}, {""qid"": ""Q16693231"", ""label"": ""Brody"", ""desc"": ""village in Barysaŭ district, Belarus"", ""score"": 18}, {""qid"": ""Q13630463"", ""label"": ""Brody"", ""desc"": ""family name"", ""score"": 15}, {""qid"": ""Q16693233"", ""label"": ""Brody"", ""desc"": ""village in Maladziečna district, Belarus"", ""score"": 14}, {""qid"": ""Q75135360"", ""label"": ""Bródy"", ""desc"": ""family name"", ""score"": 7}, {""qid"": ""Q283868"", ""label"": ""9974 Brody"", ""desc"": ""אסטרואיד"", ""score"": 6}]"
4cc93f23-7ad1-43e6-849f-909c95b160b2,Brooklyn,brooklyn,Q18419,Brooklyn,17,"name_exact|coords_outside(40.7,-73.9)|has_sitelinks|search_rank_0",Q16275093,Brooklyn,15,manual,"[{""qid"": ""Q18419"", ""label"": ""Brooklyn"", ""desc"": ""borough of New York City, New York, United States"", ""score"": 17}, {""qid"": ""Q16275093"", ""label"": ""Brooklyn"", ""desc"": ""unisex given name"", ""score"": 15}, {""qid"": ""Q371625"", ""label"": ""ברוקלין קולג'"", ""desc"": ""מכללה בארצות הברית"", ""score"": 12}, {""qid"": ""Q2446296"", ""label"": ""Brooklyn"", ""desc"": ""town in Connecticut"", ""score"": 11}, {""qid"": ""Q1930227"", ""label"": ""Brooklyn"", ""desc"": ""village in Michigan, United States"", ""score"": 9}, {""qid"": ""Q37490395"", ""label"": ""Brooklyn"", ""desc"": ""שם משפחה (Brooklyn)"", ""score"": 5}, {""qid"": ""Q632682"", ""label"": ""Brooklyn Museum"", ""desc"": ""art museum in Brooklyn, New York"", ""score"": 4}]"
2e3d1b6a-8421-4ea7-8a4f-3f0e29277ec4,Bruchsal,bruchsal,Q7059,Bruchsal,24,name_exact|p31_settlement|coords_eu_il|country_DE|has_sitelinks|search_rank_1,Q318279,Bruchsal,22,manual,"[{""qid"": ""Q7059"", ""label"": ""Bruchsal"", ""desc"": ""Stadt im Landkreis Karlsruhe (Deutschland)"", ""score"": 24}, {""qid"": ""Q318279"", ""label"": ""Bruchsal"", ""desc"": ""railway station in Bruchsal, Germany"", ""score"": 22}, {""qid"": ""Q1803101"", ""label"": ""Bruchsal"", ""desc"": ""district in Baden-Württemberg, Germany"", ""score"": 18}, {""qid"": ""Q12692036"", ""label"": ""Flugplatz Bruchsal"", ""desc"": ""Flugplatz in Deutschland"", ""score"": 15}, {""qid"": ""Q1804309"", ""label"": ""Bruchsal"", ""desc"": ""state electoral district of Germany"", ""score"": 11}, {""qid"": ""Q106066509"", ""label"": ""Bruchsaler"", ""desc"": ""family name"", ""score"": 2}]"
c49fcaa9-06b9-4986-9a56-17af3f5f001f,Brünn,brunn,Q14960,Brno,25,alias_exact|p31_settlement|coords_eu_il|country_CZ|has_sitelinks|search_rank_0,Q997055,Brünn,20,auto,"[{""qid"": ""Q14960"", ""label"": ""Brno"", ""desc"": ""city in the Czech Republic"", ""score"": 25}, {""qid"": ""Q997055"", ""label"": ""Brünn"", ""desc"": ""human settlement in Germany"", ""score"": 20}, {""qid"": ""Q43483"", ""label"": ""Brunnen"", ""desc"": ""Bauwerk zur Wassergewinnung"", ""score"": 12}, {""qid"": ""Q631272"", ""label"": ""Brünn"", ""desc"": ""municipality in Thuringia, Germany"", ""score"": 12}, {""qid"": ""Q61704417"", ""label"": ""Brünn"", ""desc"": ""שם משפחה (Brünn)"", ""score"": 11}, {""qid"": ""Q251101"", ""label"": ""Brunnthal"", ""desc"": ""municipality of Germany"", ""score"": 9}, {""qid"": ""Q525915"", ""label"": ""Brunnen"", ""desc"": ""municipality in the district of Neuburg-Schrobenhausen in Bavaria in Germany"", ""score"": 9}, {""qid"": ""Q37449696"", ""label"": ""Brunn"", ""desc"": ""שם משפחה (Brunn)"", ""score"": 7}, {""qid"": ""Q2663861"", ""label"": ""Brunner"", ""desc"": ""family name"", ""score"": 6}, {""qid"": ""Q483453"", ""label"": ""Zierbrunnen"", ""desc"": ""Brunnen, der Wasser in künstlerisch gestalteter Form ausstößt"", ""score"": 4}]"
0d9f371b-ce09-46da-9a05-224f36f522bf,Buda,buda,Q193478,Buda,22,name_exact|p31_settlement|coords_eu_il|country_HU|has_sitelinks|search_rank_2,Q1781,Budapest,21,manual,"[{""qid"": ""Q193478"", ""label"": ""Buda"", ""desc"": ""Stadtteil von Budapest"", ""score"": 22}, {""qid"": ""Q1781"", ""label"": ""Budapest"", ""desc"": ""capital and largest city of Hungary"", ""score"": 21}, {""qid"": ""Q14851334"", ""label"": ""Buda"", ""desc"": ""hamlet in Haren, Brussels, Belgium"", ""score"": 16}, {""qid"": ""Q8253342"", ""label"": ""Buda"", ""desc"": ""village in Râfov municipality, Prahova County, Romania"", ""score"": 16}, {""qid"": ""Q37450142"", ""label"": ""Buda"", ""desc"": ""family name"", ""score"": 15}, {""qid"": ""Q840886"", ""label"": ""Szépművészeti Múzeum"", ""desc"": ""Kunstmuseum in Budapest"", ""score"": 11}, {""qid"": ""Q379043"", ""label"": ""Buda"", ""desc"": ""עיר בארצות הברית"", ""score"": 7}, {""qid"": ""Q157817"", ""label"": ""908 Buda"", ""desc"": ""אסטרואיד"", ""score"": 6}]"
ec83fd01-b178-4f04-be3a-ef0b650d8f72,Cambridge,cambridge,Q350,קיימברידג',23,alias_exact|p31_settlement|coords_eu_il|country_GB|has_sitelinks|search_rank_1,Q49111,Cambridge,21,manual,"[{""qid"": ""Q350"", ""label"": ""קיימברידג'"", ""desc"": ""עיר באנגליה"", ""score"": 23}, {""qid"": ""Q49111"", ""label"": ""Cambridge"", ""desc"": ""city in Middlesex County, Massachusetts, United States of America"", ""score"": 21}, {""qid"": ""Q35794"", ""label"": ""University of Cambridge"", ""desc"": ""collegiate public research university in Cambridge, England, United Kingdom"", ""score"": 17}, {""qid"": ""Q30612390"", ""label"": ""Cambridgeshire"", ""desc"": ""historic county of England"", ""score"": 15}, {""qid"": ""Q21713103"", ""label"": ""Cambridge"", ""desc"": ""district in Cambridgeshire, England"", ""score"": 14}, {""qid"": ""Q1028279"", ""label"": ""Cambridge"", ""desc"": ""Stadt in der kanadischen Provinz Ontario"", ""score"": 11}, {""qid"": ""Q18509"", ""label"": ""קיימברידג' יונייטד"", ""desc"": ""קבוצת כדורגל מהממלכה המאוחדת"", ""score"": 8}, {""qid"": ""Q37059326"", ""label"": ""Cambridge"", ""desc"": ""family name"", ""score"": 7}]"
be0ea08b-055c-4469-bef3-483d31217d53,Celle,celle,Q3933,Celle,26,name_exact|p31_settlement|coords_eu_il|country_DE|has_sitelinks|search_rank_0,Q1351814,Celle-Lévescault,19,auto,"[{""qid"": ""Q3933"", ""label"": ""Celle"", ""desc"": ""city in Lower Saxony, Germany"", ""score"": 26}, {""qid"": ""Q1351814"", ""label"": ""Celle-Lévescault"", ""desc"": ""commune in Vienne, France"", ""score"": 19}, {""qid"": ""Q5919"", ""label"": ""מחוז צלה"", ""desc"": ""מחוז בגרמניה"", ""score"": 15}, {""qid"": ""Q1135560"", ""label"": ""Cellé"", ""desc"": ""commune in Loir-et-Cher, France"", ""score"": 14}, {""qid"": ""Q63759634"", ""label"": ""Celle"", ""desc"": ""Familienname"", ""score"": 13}, {""qid"": ""Q23065531"", ""label"": ""Bahnhof Celle"", ""desc"": ""Bahnhof in Niedersachsen"", ""score"": 11}, {""qid"": ""Q246552"", ""label"": ""La Celle"", ""desc"": ""commune in Cher, France"", ""score"": 11}, {""qid"": ""Q7868"", ""label"": ""Zelle"", ""desc"": ""kleinste lebende Einheit aller Organismen"", ""score"": 6}]"
4b87e66d-6354-4d84-bdc3-fd4fe9514a78,Commentator,commentator,Q1642960,pundit,16,alias_exact|has_sitelinks|search_rank_0,Q106313281,commentator,15,manual,"[{""qid"": ""Q1642960"", ""label"": ""pundit"", ""desc"": ""someone who offers their opinion via mass media"", ""score"": 16}, {""qid"": ""Q106313281"", ""label"": ""commentator"", ""desc"": ""person who writes a commentary to a text"", ""score"": 15}, {""qid"": ""Q121036869"", ""label"": ""Commentator"", ""desc"": """", ""score"": 11}, {""qid"": ""Q5152392"", ""label"": ""Commentator"", ""desc"": ""American race horse"", ""score"": 11}, {""qid"": ""Q22343421"", ""label"": ""Off-Sprecher"", ""desc"": ""Person die Filme (Dokumentation/ Reportage/ Magazin-Beitrag/ Industriefilm) sprachlich illustriert"", ""score"": 8}, {""qid"": ""Q100289796"", ""label"": ""The Commentator"", ""desc"": ""newspaper published in Coshocton, Ohio"", ""score"": 4}]"
e0796c1b-7cbb-498e-9aa7-6d3c0ea7e228,Copenhagen,copenhagen,Q1748,Copenhagen,26,name_exact|p31_settlement|coords_eu_il|country_DK|has_sitelinks|search_rank_0,Q504125,Copenhagen Municipality,19,auto,"[{""qid"": ""Q1748"", ""label"": ""Copenhagen"", ""desc"": ""capital and largest city of Denmark"", ""score"": 26}, {""qid"": ""Q504125"", ""label"": ""Copenhagen Municipality"", ""desc"": ""municipality in the Capital Region of Denmark"", ""score"": 19}, {""qid"": ""Q186285"", ""label"": ""University of Copenhagen"", ""desc"": ""public research university in Copenhagen, Denmark"", ""score"": 13}, {""qid"": ""Q36856691"", ""label"": ""Copenhagen"", ""desc"": ""family name"", ""score"": 11}, {""qid"": ""Q1164128"", ""label"": ""Copenhagen"", ""desc"": ""Kriegspferd von Arthur Wellesley, 1. Duke of Wellington"", ""score"": 9}, {""qid"": ""Q671384"", ""label"": ""Statens Museum for Kunst"", ""desc"": ""art museum in Copenhagen, Denmark"", ""score"": 9}, {""qid"": ""Q3459904"", ""label"": ""Copenhagen"", ""desc"": ""village in Lewis County, New York, United States"", ""score"": 7}, {""qid"": ""Q105767011"", ""label"": ""IMO 9396737"", ""desc"": ""tanker for chemicals and oil products"", ""score"": 6}]"
a59a153a-af5a-4f20-bb2b-0706fb30a15a,Damascus,damascus,Q3766,Damascus,26,name_exact|p31_settlement|coords_eu_il|country_SY|has_sitelinks|search_rank_0,Q122385723,Damascus,13,auto,"[{""qid"": ""Q3766"", ""label"": ""Damascus"", ""desc"": ""capital and largest city of Syria"", ""score"": 26}, {""qid"": ""Q122385723"", ""label"": ""Damascus"", ""desc"": ""2020 video game"", ""score"": 13}, {""qid"": ""Q754122"", ""label"": ""Damascus"", ""desc"": ""Census-designated place im US-Bundesstaat Maryland"", ""score"": 13}, {""qid"": ""Q232399"", ""label"": ""Rif Dimashq Governorate"", ""desc"": ""governorate in Syria"", ""score"": 13}, {""qid"": ""Q3934822"", ""label"": ""איילט דמשק"", ""desc"": ""איילט"", ""score"": 11}, {""qid"": ""Q3476539"", ""label"": ""Damascus"", ""desc"": ""Census-Designated Place in Clackamas County, Oregon, USA"", ""score"": 11}, {""qid"": ""Q1351317"", ""label"": ""Damascus University"", ""desc"": ""public university in Damascus, Syria"", ""score"": 9}, {""qid"": ""Q1374077"", ""label"": ""Damascus"", ""desc"": ""Ort im US-Bundesstaat Virginia"", ""score"": 7}, {""qid"": ""Q2199224"", ""label"": ""Damascus"", ""desc"": ""Ort im US-Bundesstaat Georgia"", ""score"": 7}]"
174ca665-9800-418d-987c-0cd274498efc,Danzig,danzig,Q1792,Gdańsk,25,alias_exact|p31_settlement|coords_eu_il|country_PL|has_sitelinks|search_rank_0,Q649175,Danzig,15,auto,"[{""qid"": ""Q1792"", ""label"": ""Gdańsk"", ""desc"": ""city and capital of the Pomeranian Voivodeship on the Baltic coast of northern Poland"", ""score"": 25}, {""qid"": ""Q649175"", ""label"": ""Danzig"", ""desc"": ""American heavy metal band"", ""score"": 15}, {""qid"": ""Q16869410"", ""label"": ""דנציג"", ""desc"": ""שם משפחה (Danzig)"", ""score"": 12}, {""qid"": ""Q1165303"", ""label"": ""Danzig"", ""desc"": ""1988 studio album by Danzig"", ""score"": 11}, {""qid"": ""Q1104509"", ""label"": ""Danzig"", ""desc"": ""race horse"", ""score"": 9}, {""qid"": ""Q15850652"", ""label"": ""Therapia"", ""desc"": ""former German passenger ship"", ""score"": 6}]"
060ddab2-accf-410a-9afb-0153889c257a,Dembitz,dembitz,Q947404,Dębica,21,alias_exact|coords_eu_il|country_PL|has_sitelinks|search_rank_0,Q5255120,Dembitzer,12,auto,"[{""qid"": ""Q947404"", ""label"": ""Dębica"", ""desc"": ""city and urban gmina of Poland"", ""score"": 21}, {""qid"": ""Q5255120"", ""label"": ""Dembitzer"", ""desc"": ""family name"", ""score"": 12}, {""qid"": ""Q103854378"", ""label"": ""Dembitz, Nanette (1912-1989), lawyer and judge"", ""desc"": ""encyclopedia article"", ""score"": 8}, {""qid"": ""Q106067712"", ""label"": ""Dembitzerová"", ""desc"": ""Familienname"", ""score"": 6}, {""qid"": ""Q103854374"", ""label"": ""Dembitz, Lewis Naphtali (1833-1907), attorney and activist in public affairs"", ""desc"": ""encyclopedia article"", ""score"": 4}, {""qid"": ""Q47515714"", ""label"": ""Dębica concentration camp"", ""desc"": """", ""score"": 2}]"
32fdba55-f3f3-4471-bfb4-1b132da18490,Den Haag,den-haag,Q36600,The Hague,25,alias_exact|p31_settlement|coords_eu_il|country_NL|has_sitelinks|search_rank_0,Q200704,Den Haag Centraal railway station,17,auto,"[{""qid"": ""Q36600"", ""label"": ""The Hague"", ""desc"": ""city and municipality in the Netherlands, seat of the Dutch government"", ""score"": 25}, {""qid"": ""Q200704"", ""label"": ""Den Haag Centraal railway station"", ""desc"": ""railway station in The Hague, the Netherlands"", ""score"": 17}, {""qid"": ""Q800657"", ""label"": ""Bahnhof Den Haag HS"", ""desc"": ""Bahnhof in Niederlande"", ""score"": 15}, {""qid"": ""Q134571958"", ""label"": ""Den Haag"", ""desc"": ""electoral district in the Netherlands (1850-1897)"", ""score"": 11}, {""qid"": ""Q1977940"", ""label"": ""Den Haag Staatsspoor"", ""desc"": ""Bahnhof in Niederlande"", ""score"": 11}, {""qid"": ""Q800656"", ""label"": ""Den Haag Laan van NOI railway station"", ""desc"": ""railway station in The Hague, the Netherlands"", ""score"": 9}, {""qid"": ""Q3018599"", ""label"": ""Den Haag Mariahoeve railway station"", ""desc"": ""railway station in The Hague, Netherlands"", ""score"": 9}, {""qid"": ""Q5256461"", ""label"": ""Den Haag"", ""desc"": ""2008 mystery-detective historical fiction novel written by the South Korean author Ho Soo Kim"", ""score"": 5}, {""qid"": ""Q127053134"", ""label"": ""DEN HAAG"", ""desc"": ""hymn tune"", ""score"": 5}]"
15a45558-10ca-4412-bb5c-b85fcff05819,Dessau,dessau,Q487070,Dessau,22,name_exact|coords_eu_il|country_DE|has_sitelinks|search_rank_0,Q3828,Dessau-Roßlau,21,manual,"[{""qid"": ""Q487070"", ""label"": ""Dessau"", ""desc"": ""city in Saxony-Anhalt, Germany; since 2007 district of Dessau-Roßlau"", ""score"": 22}, {""qid"": ""Q3828"", ""label"": ""Dessau-Roßlau"", ""desc"": ""city in Saxony-Anhalt, Germany"", ""score"": 21}, {""qid"": ""Q21450485"", ""label"": ""Dessau"", ""desc"": ""family name"", ""score"": 15}, {""qid"": ""Q1433565"", ""label"": ""Dessau airfield"", ""desc"": ""שדה תעופה בגרמניה"", ""score"": 15}, {""qid"": ""Q266559"", ""label"": ""Dessau Central Station"", ""desc"": ""railway station in Dessau-Roßlau, Germany"", ""score"": 11}, {""qid"": ""Q531894"", ""label"": ""Burggen"", ""desc"": ""Gemeinde und Dorf im Landkreis Weilheim-Schongau"", ""score"": 11}, {""qid"": ""Q1200899"", ""label"": ""Dessau"", ""desc"": ""עיירה בארצות הברית"", ""score"": 11}, {""qid"": ""Q717104"", ""label"": ""Dessau"", ""desc"": ""engineering-construction firm in Canada"", ""score"": 7}, {""qid"": ""Q21493356"", ""label"": ""Dessauer"", ""desc"": ""family name"", ""score"": 4}]"
f2078b51-2c95-4bb1-93a9-c1a8332f29be,Detmold,detmold,Q3922,Detmold,26,name_exact|p31_settlement|coords_eu_il|country_DE|has_sitelinks|search_rank_0,Q31951448,Detmold,16,auto,"[{""qid"": ""Q3922"", ""label"": ""Detmold"", ""desc"": ""city in North Rhine-Westphalia, Germany"", ""score"": 26}, {""qid"": ""Q31951448"", ""label"": ""Detmold"", ""desc"": ""Wikidata-Doublette ?"", ""score"": 16}, {""qid"": ""Q16869537"", ""label"": ""Detmold"", ""desc"": ""family name"", ""score"": 15}, {""qid"": ""Q800661"", ""label"": ""Bahnhof Detmold"", ""desc"": ""Bahnhof in Deutschland"", ""score"": 15}, {""qid"": ""Q7923"", ""label"": ""Detmold Government Region"", ""desc"": ""government region of North Rhine-Westphalia, Germany"", ""score"": 13}, {""qid"": ""Q6073526"", ""label"": ""TCG Kerempe"", ""desc"": """", ""score"": 12}, {""qid"": ""Q3885809"", ""label"": ""Detmold"", ""desc"": ""census-designated place in Allegany County, Maryland"", ""score"": 7}, {""qid"": ""Q106259128"", ""label"": ""Detmold"", ""desc"": ""Vorname"", ""score"": 5}]"
abcf1501-f095-48de-a78c-0a16e082ebf1,Dobromil,dobromil,Q16275545,Dobromil,17,name_exact|has_sitelinks|search_rank_0,Q268656,Dobromyl,17,manual,"[{""qid"": ""Q16275545"", ""label"": ""Dobromil"", ""desc"": ""male given name"", ""score"": 17}, {""qid"": ""Q268656"", ""label"": ""Dobromyl"", ""desc"": ""Stadt in der Ukraine"", ""score"": 17}, {""qid"": ""Q9208297"", ""label"": ""Dobromił"", ""desc"": ""male given name"", ""score"": 15}, {""qid"": ""Q5286800"", ""label"": ""Dobromil, Lower Silesian Voivodeship"", ""desc"": ""village in Lower Silesian, Poland"", ""score"": 13}, {""qid"": ""Q2000128"", ""label"": ""Dobromilice"", ""desc"": ""Gemeinde in Tschechien"", ""score"": 9}, {""qid"": ""Q964064"", ""label"": ""Dobromiła"", ""desc"": ""female given name"", ""score"": 8}, {""qid"": ""Q11812741"", ""label"": ""Dobromila Vávrová"", ""desc"": ""Czech member of Czech National Council, politician and local politician (1932-2015)"", ""score"": 4}, {""qid"": ""Q114417734"", ""label"": ""Dobromila Baranska"", ""desc"": ""researcher"", ""score"": 2}]"
1c58dcc7-3745-478d-8c16-4c1255988aca,Dresden,dresden,Q1731,Dresden,26,name_exact|p31_settlement|coords_eu_il|country_DE|has_sitelinks|search_rank_0,Q704354,Dresden Hauptbahnhof,17,auto,"[{""qid"": ""Q1731"", ""label"": ""Dresden"", ""desc"": ""capital city of the Free State of Saxony in Germany"", ""score"": 26}, {""qid"": ""Q704354"", ""label"": ""Dresden Hauptbahnhof"", ""desc"": ""railway station in Dresden, Germany"", ""score"": 17}, {""qid"": ""Q206353"", ""label"": ""Dresden"", ""desc"": ""town in Tennessee, United States"", ""score"": 15}, {""qid"": ""Q653002"", ""label"": ""Staatliche Kunstsammlungen Dresden"", ""desc"": ""Verbund von 15 weltberühmten Museen in Dresden"", ""score"": 13}, {""qid"": ""Q158158"", ""label"": ""TU Dresden"", ""desc"": ""institute of higher education in the city of Dresden, Saxony, Germany, founded in 1828"", ""score"": 11}, {""qid"": ""Q1258446"", ""label"": ""Dresden"", ""desc"": ""Ort in Ontario, Kanada"", ""score"": 11}, {""qid"": ""Q4890"", ""label"": ""Gemäldegalerie Alte Meister"", ""desc"": ""art gallery in Dresden, Germany"", ""score"": 9}, {""qid"": ""Q37539174"", ""label"": ""Dresden"", ""desc"": ""שם משפחה (Dresden)"", ""score"": 7}, {""qid"": ""Q737444"", ""label"": ""Dresden"", ""desc"": ""עיר בארצות הברית"", ""score"": 7}]"
0805a017-7557-4c48-8420-7b0fbade04e9,Driesen,driesen,Q836961,Drezdenko,25,alias_exact|p31_settlement|coords_eu_il|country_PL|has_sitelinks|search_rank_0,Q37546831,Driesen,15,auto,"[{""qid"": ""Q836961"", ""label"": ""Drezdenko"", ""desc"": ""city of Poland"", ""score"": 25}, {""qid"": ""Q37546831"", ""label"": ""Driesen"", ""desc"": ""family name"", ""score"": 15}, {""qid"": ""Q27570809"", ""label"": ""Driesen, Georg Wilhelm von"", ""desc"": ""entry in the Allgemeine Deutsche Biographie"", ""score"": 10}, {""qid"": ""Q4168183"", ""label"": ""Driesen"", ""desc"": ""Adelsgeschlecht"", ""score"": 9}, {""qid"": ""Q1935465"", ""label"": ""Střížov"", ""desc"": ""Gemeinde in Tschechien"", ""score"": 9}, {""qid"": ""Q1258919"", ""label"": ""Driesen"", ""desc"": ""דף פירושונים"", ""score"": 7}, {""qid"": ""Q37510075"", ""label"": ""Driesenga"", ""desc"": ""שם משפחה (Driesenga)"", ""score"": 6}, {""qid"": ""Q57748925"", ""label"": ""Driesener"", ""desc"": ""family name"", ""score"": 4}]"
d2432566-4e02-4436-baa2-3dd53634e86f,Drohobytsch,drohobytsch,Q158821,Drohobych,25,alias_exact|p31_settlement|coords_eu_il|country_UA|has_sitelinks|search_rank_0,Q2597158,Drohobych Raion,17,auto,"[{""qid"": ""Q158821"", ""label"": ""Drohobych"", ""desc"": ""city in Lviv Oblast in western Ukraine"", ""score"": 25}, {""qid"": ""Q2597158"", ""label"": ""Drohobych Raion"", ""desc"": ""raion in Lviv Oblast, Ukraine"", ""score"": 17}, {""qid"": ""Q11825582"", ""label"": ""Drohobytsch (Powiat)"", ""desc"": ""ehemalige Verwaltungseinheit (Powiat) in Polen"", ""score"": 10}]"
c6519d80-770a-4ae1-b1ba-04064fe08cfb,Dubno,dubno,Q932184,Dubno,22,name_exact|coords_eu_il|country_UA|has_sitelinks|search_rank_0,Q2482767,Dubno,20,manual,"[{""qid"": ""Q932184"", ""label"": ""Dubno"", ""desc"": ""town and administrative center of Dubenskyi District of Rivne Oblast in western Ukraine"", ""score"": 22}, {""qid"": ""Q2482767"", ""label"": ""Dubno"", ""desc"": ""village in Příbram District of Central Bohemian region"", ""score"": 20}, {""qid"": ""Q2992467"", ""label"": ""Dubno Raion"", ""desc"": ""raion in Rivne Oblast, Ukraine"", ""score"": 17}, {""qid"": ""Q541908"", ""label"": ""Dubno"", ""desc"": ""Gemeinde in der Slowakei"", ""score"": 16}, {""qid"": ""Q4169335"", ""label"": ""Dubno"", ""desc"": ""village in Rokytne Raion, Rivne Oblast, Ukraine"", ""score"": 16}, {""qid"": ""Q18407112"", ""label"": ""Dubno"", ""desc"": ""Weiler in Russland"", ""score"": 14}, {""qid"": ""Q20610673"", ""label"": ""Dubno"", ""desc"": ""Weiler in Belarus"", ""score"": 12}]"
7b032fc2-2e4b-4dcf-ae3b-af81e88b0e4c,Dyhernfurth,dyhernfurth,Q995429,Brzeg Dolny,25,alias_exact|p31_settlement|coords_eu_il|country_PL|has_sitelinks|search_rank_0,Q47515246,Dyhernfurth I concentration camp,15,auto,"[{""qid"": ""Q995429"", ""label"": ""Brzeg Dolny"", ""desc"": ""city of Poland"", ""score"": 25}, {""qid"": ""Q47515246"", ""label"": ""Dyhernfurth I concentration camp"", ""desc"": """", ""score"": 15}, {""qid"": ""Q47515626"", ""label"": ""Dyhernfurth II concentration camp"", ""desc"": """", ""score"": 13}, {""qid"": ""Q3716848"", ""label"": ""Dyhernfurth (sottocampo di Gross-Rosen)"", ""desc"": """", ""score"": 13}, {""qid"": ""Q118348294"", ""label"": ""Dyhernfurther Privilegirte Zeitung"", ""desc"": ""jüdische Wochenzeitung in Dyhernfurth in Niederschlesien von 1771 bis 1772"", ""score"": 6}]"
cfa58b84-f6dc-4af2-a77d-7f5e9222d035,Eger,eger,Q193719,Cheb,19,alias_exact|coords_eu_il|country_CZ|has_sitelinks|search_rank_1,Q167109,Eger,18,manual,"[{""qid"": ""Q193719"", ""label"": ""Cheb"", ""desc"": ""Stadt im Bezirk Cheb, Tschechien"", ""score"": 19}, {""qid"": ""Q167109"", ""label"": ""Eger"", ""desc"": ""Stadt in Ungarn"", ""score"": 18}, {""qid"": ""Q30136229"", ""label"": ""Eger"", ""desc"": ""family name"", ""score"": 17}, {""qid"": ""Q155045"", ""label"": ""Ohře"", ""desc"": ""river in Germany and the Czech Republic"", ""score"": 15}, {""qid"": ""Q56413729"", ""label"": ""Eger"", ""desc"": ""Kernbereich der Stadt Cheb/Eger in Tschechien"", ""score"": 12}, {""qid"": ""Q18808411"", ""label"": ""Egerton"", ""desc"": ""family name"", ""score"": 6}, {""qid"": ""Q150874"", ""label"": ""3103 Eger"", ""desc"": ""אסטרואיד"", ""score"": 6}]"
88fb3521-aebe-4262-83f3-eb8beeb9d6a4,Eisenstadt,eisenstadt,Q126321,Eisenstadt,26,name_exact|p31_settlement|coords_eu_il|country_AT|has_sitelinks|search_rank_0,Q215719,חונדוארה,17,auto,"[{""qid"": ""Q126321"", ""label"": ""Eisenstadt"", ""desc"": ""state capital of Burgenland, Austria"", ""score"": 26}, {""qid"": ""Q215719"", ""label"": ""חונדוארה"", ""desc"": ""עיר ברומניה"", ""score"": 17}, {""qid"": ""Q16834811"", ""label"": ""Eisenstadt"", ""desc"": ""family name"", ""score"": 15}, {""qid"": ""Q32019386"", ""label"": ""Eisenstadt"", ""desc"": ""Hauptort der Landeshauptstadt Eisenstadt, Österreich"", ""score"": 12}, {""qid"": ""Q393519"", ""label"": ""Železnice"", ""desc"": ""town in the Czech Republic"", ""score"": 11}, {""qid"": ""Q106069080"", ""label"": ""Eisenstädt"", ""desc"": ""family name"", ""score"": 9}]"
9b248b36-c0d9-493e-a590-00a1cade9baa,Florenz,florenz,Q2044,Florenz,22,name_exact|p31_settlement|coords_eu_il|has_sitelinks|search_rank_1,Q20973254,Florenz,17,auto,"[{""qid"": ""Q2044"", ""label"": ""Florenz"", ""desc"": ""Hauptstadt der Toskana, Italien"", ""score"": 22}, {""qid"": ""Q20973254"", ""label"": ""Florenz"", ""desc"": ""male given name"", ""score"": 17}, {""qid"": ""Q23907762"", ""label"": ""Florenz"", ""desc"": ""family name"", ""score"": 13}, {""qid"": ""Q133235990"", ""label"": ""Florenz"", ""desc"": ""painting by Alfred Heinrich Pellegrini, Museum Ludwig, Cologne (Graphics Collection)"", ""score"": 9}, {""qid"": ""Q115624"", ""label"": ""Florenz"", ""desc"": ""name"", ""score"": 9}, {""qid"": ""Q15921793"", ""label"": ""Charlotte Elliot"", ""desc"": ""British poet (1839-1880)"", ""score"": 6}, {""qid"": ""Q38544900"", ""label"": ""Florenzo Iannone"", ""desc"": ""researcher"", ""score"": 2}]"
23441c1d-0b5e-48cd-b6e6-d34d8fd5af6e,Frankfurt am Main,frankfurt-am-main,Q1794,Frankfurt,23,alias_exact|p31_settlement|coords_eu_il|has_sitelinks|search_rank_0,Q881481,Hauptfriedhof Frankfurt,17,auto,"[{""qid"": ""Q1794"", ""label"": ""Frankfurt"", ""desc"": ""most populated city of Hesse, Germany"", ""score"": 23}, {""qid"": ""Q881481"", ""label"": ""Hauptfriedhof Frankfurt"", ""desc"": ""Friedhof in Frankfurt am Main, Hessen, Deuschland"", ""score"": 17}, {""qid"": ""Q833965"", ""label"": ""Frankfurt am Main"", ""desc"": ""2001 Berlin-class replenishment ship"", ""score"": 15}, {""qid"": ""Q163804"", ""label"": ""Städelsches Kunstinstitut"", ""desc"": ""Kunstmuseum in Frankfurt am Main"", ""score"": 13}, {""qid"": ""Q46033"", ""label"": ""Frankfurt Airport"", ""desc"": ""biggest airport of Germany, located in Frankfurt, Hesse"", ""score"": 9}, {""qid"": ""Q165368"", ""label"": ""Frankfurt (Main) Hauptbahnhof"", ""desc"": ""Bahnhof in Deutschland"", ""score"": 9}, {""qid"": ""Q103920493"", ""label"": ""Frankfurt am Main"", ""desc"": ""encyclopedia article"", ""score"": 7}]"
0df7f49f-6f42-4af0-81d0-930347120024,Frankfurt/Oder,frankfurtoder,Q4024,Frankfurt (Oder),25,alias_exact|p31_settlement|coords_eu_il|country_DE|has_sitelinks|search_rank_0,Q53865661,Frankfurt/Oder concentration camp,15,auto,"[{""qid"": ""Q4024"", ""label"": ""Frankfurt (Oder)"", ""desc"": ""city in Brandenburg, Germany"", ""score"": 25}, {""qid"": ""Q53865661"", ""label"": ""Frankfurt/Oder concentration camp"", ""desc"": """", ""score"": 15}, {""qid"": ""Q133886351"", ""label"": ""Frankfurt/Oder-Red Bull"", ""desc"": """", ""score"": 10}, {""qid"": ""Q133886352"", ""label"": ""Frankfurt/Oder-Red Bull 2002"", ""desc"": """", ""score"": 8}]"
3392b057-fd36-441b-adb0-8829f4e5bc6f,Friedland,friedland,Q183193,Pravdinsk,21,alias_exact|coords_eu_il|country_RU|has_sitelinks|search_rank_0,Q46009,Friedland,20,manual,"[{""qid"": ""Q183193"", ""label"": ""Pravdinsk"", ""desc"": ""town in Kaliningrad Oblast, Russia"", ""score"": 21}, {""qid"": ""Q46009"", ""label"": ""Friedland"", ""desc"": ""municipality in Mecklenburg-Vorpommern, Germany"", ""score"": 20}, {""qid"": ""Q986077"", ""label"": ""Frýdlant v Čechách"", ""desc"": ""Gemeinde in Tschechien"", ""score"": 19}, {""qid"": ""Q640298"", ""label"": ""Friedland"", ""desc"": ""עיר בגרמניה"", ""score"": 16}, {""qid"": ""Q16797105"", ""label"": ""Friedland"", ""desc"": ""family name"", ""score"": 13}, {""qid"": ""Q1022223"", ""label"": ""Břidličná"", ""desc"": ""town in the Czech Republic"", ""score"": 13}, {""qid"": ""Q4492725"", ""label"": ""Friedland"", ""desc"": ""1840 Océan-class ship of the line"", ""score"": 7}]"
d642624e-1d15-48a9-aa45-49dfd0b4d929,Friedrichsfeld,friedrichsfeld,Q563588,Friedrichsfelde,19,alias_partial|coords_eu_il|country_DE|has_sitelinks|search_rank_0,Q813975,Bedřichov,19,manual,"[{""qid"": ""Q563588"", ""label"": ""Friedrichsfelde"", ""desc"": ""locality of Berlin, Germany"", ""score"": 19}, {""qid"": ""Q813975"", ""label"": ""Bedřichov"", ""desc"": ""Gemeinde im Okres Blansko, Tschechien"", ""score"": 19}, {""qid"": ""Q1464220"", ""label"": ""Friedrichsfeld"", ""desc"": ""Bezirk von Mannheim"", ""score"": 18}, {""qid"": ""Q1464224"", ""label"": ""Friedrichsfeld"", ""desc"": ""Stadtteil von Voerde (Niederrhein)"", ""score"": 16}, {""qid"": ""Q1464222"", ""label"": ""Friedrichsfeld"", ""desc"": ""human settlement in Germany"", ""score"": 14}, {""qid"": ""Q16831466"", ""label"": ""Friedrichsfeld"", ""desc"": """", ""score"": 12}, {""qid"": ""Q12809602"", ""label"": ""Neu-Edingen/Mhm-Friedrichsfeld"", ""desc"": ""Bahnhof in Baden-Württemberg"", ""score"": 11}, {""qid"": ""Q190494"", ""label"": ""Zentralfriedhof Friedrichsfelde"", ""desc"": ""cemetery in Berlin, Germany"", ""score"": 9}]"
5de8b60b-d7ce-4362-844c-263aab83c276,Fürth,furth,Q3075,Fürth,26,name_exact|p31_settlement|coords_eu_il|country_DE|has_sitelinks|search_rank_0,Q62934805,Fürth,15,auto,"[{""qid"": ""Q3075"", ""label"": ""Fürth"", ""desc"": ""town in Bavaria, Germany"", ""score"": 26}, {""qid"": ""Q62934805"", ""label"": ""Fürth"", ""desc"": ""family name"", ""score"": 15}, {""qid"": ""Q10455"", ""label"": ""מחוז פירט"", ""desc"": ""מחוז בגרמניה"", ""score"": 15}, {""qid"": ""Q1483706"", ""label"": ""Fürth"", ""desc"": ""hessische Gemeinde im Kreis Bergstraße im Odenwald"", ""score"": 12}, {""qid"": ""Q1008199"", ""label"": ""Fürth"", ""desc"": ""federal electoral district of Germany"", ""score"": 12}, {""qid"": ""Q6760"", ""label"": ""UTC+03:00"", ""desc"": ""identifier for a time offset from UTC of +3"", ""score"": 10}, {""qid"": ""Q37327004"", ""label"": ""Furth"", ""desc"": ""family name"", ""score"": 9}]"
ee9d3cdf-517f-4f5c-960f-934e5bef41fb,Glogau,glogau,Q66013,Głogów,21,alias_exact|coords_eu_il|country_PL|has_sitelinks|search_rank_0,Q106078675,Glogau,15,auto,"[{""qid"": ""Q66013"", ""label"": ""Głogów"", ""desc"": ""city and urban gmina in the Lower Silesian Voivodeship, Poland"", ""score"": 21}, {""qid"": ""Q106078675"", ""label"": ""Glogau"", ""desc"": ""family name"", ""score"": 15}, {""qid"": ""Q80415219"", ""label"": ""Glogauer Straße"", ""desc"": ""street in Berlin-Kreuzberg, Germany"", ""score"": 11}, {""qid"": ""Q106069734"", ""label"": ""Glogauer"", ""desc"": ""family name"", ""score"": 8}, {""qid"": ""Q21514054"", ""label"": ""Arthur Glogau"", ""desc"": ""botanist (1874-1960)"", ""score"": 8}, {""qid"": ""Q28606303"", ""label"": ""Glogau"", ""desc"": ""דף פירושונים"", ""score"": 7}]"
13a06659-2c4c-498a-b544-fb3a7fddd370,Gorizia,gorizia,Q6596,Gorizia,22,name_exact|coords_eu_il|country_IT|has_sitelinks|search_rank_0,Q16184,Province of Gorizia,19,manual,"[{""qid"": ""Q6596"", ""label"": ""Gorizia"", ""desc"": ""Italian comune"", ""score"": 22}, {""qid"": ""Q16184"", ""label"": ""Province of Gorizia"", ""desc"": ""former province of Italy (1927-2017)"", ""score"": 19}, {""qid"": ""Q18495205"", ""label"": ""Gorizia"", ""desc"": ""village in Varese province, Lombardy, Italy"", ""score"": 16}, {""qid"": ""Q2991244"", ""label"": ""Grafschaft Görz"", ""desc"": ""ehemaliger Staat 1127–1747"", ""score"": 15}, {""qid"": ""Q1058827"", ""label"": ""7675 Gorizia"", ""desc"": ""אסטרואיד"", ""score"": 10}, {""qid"": ""Q692946"", ""label"": ""Gorizia and Gradisca"", ""desc"": ""Crown land of the empire of Austria"", ""score"": 9}, {""qid"": ""Q2547836"", ""label"": ""RN Gorizia"", ""desc"": ""1930 Zara-class cruiser"", ""score"": 8}]"
48356dd2-7874-4ea1-9ebf-822ead8082b1,Görz,gorz,Q6596,Gorizia,21,alias_exact|coords_eu_il|country_IT|has_sitelinks|search_rank_0,Q104731,Gorzów Wielkopolski,21,manual,"[{""qid"": ""Q6596"", ""label"": ""Gorizia"", ""desc"": ""Italian comune"", ""score"": 21}, {""qid"": ""Q104731"", ""label"": ""Gorzów Wielkopolski"", ""desc"": ""city with powiat rights in Poland"", ""score"": 21}, {""qid"": ""Q9298252"", ""label"": ""Erzbistum Gorizia"", ""desc"": ""römisch-katholisches Erzbistum in Italien (Friaul), 1751 von Papst Benedikt XIV. errichtet"", ""score"": 14}, {""qid"": ""Q21768"", ""label"": ""Gorze"", ""desc"": ""französische Gemeinde"", ""score"": 11}, {""qid"": ""Q190406"", ""label"": ""Kreis Gorj"", ""desc"": ""county in Romania"", ""score"": 11}, {""qid"": ""Q136935768"", ""label"": ""Görz"", ""desc"": ""family name"", ""score"": 9}, {""qid"": ""Q37026548"", ""label"": ""Gorz"", ""desc"": ""family name"", ""score"": 7}]"
4961727c-b76a-4826-aabe-4067f0be11ee,Göttingen,gottingen,Q3033,Göttingen,26,name_exact|p31_settlement|coords_eu_il|country_DE|has_sitelinks|search_rank_0,Q320098,Göttingen railway station,19,auto,"[{""qid"": ""Q3033"", ""label"": ""Göttingen"", ""desc"": ""large city in Lower Saxony, Germany"", ""score"": 26}, {""qid"": ""Q320098"", ""label"": ""Göttingen railway station"", ""desc"": ""railway station in Göttingen, Germany"", ""score"": 19}, {""qid"": ""Q142752"", ""label"": ""Göttingen"", ""desc"": ""original song written and composed by Barbara"", ""score"": 13}, {""qid"": ""Q1008217"", ""label"": ""Göttingen I"", ""desc"": ""federal electoral district of Germany"", ""score"": 13}, {""qid"": ""Q2709421"", ""label"": ""Göttingen"", ""desc"": ""quarter of Langenau, Baden-Württemberg, Germany"", ""score"": 12}, {""qid"": ""Q6022"", ""label"": ""Göttingen district"", ""desc"": ""district in Lower Saxony, Germany"", ""score"": 11}, {""qid"": ""Q64648808"", ""label"": ""Göttingen"", ""desc"": ""vocal track by Barbara; 1965 studio recording"", ""score"": 9}, {""qid"": ""Q564783"", ""label"": ""Niedersächsische Staats- und Universitätsbibliothek Göttingen"", ""desc"": ""zentrale Universitätsbibliothek der Georg-August-Universität Göttingen"", ""score"": 9}, {""qid"": ""Q414188"", ""label"": ""Niedersächsische Akademie der Wissenschaften zu Göttingen"", ""desc"": ""wissenschaftliche Akademie in Deutschland"", ""score"": 9}]"
1be6e1e5-eaee-40ba-ac80-4b61c813bd82,Greifswald,greifswald,Q4098,Greifswald,24,name_exact|p31_settlement|coords_eu_il|has_sitelinks|search_rank_0,Q800835,Greifswald railway station,19,auto,"[{""qid"": ""Q4098"", ""label"": ""Greifswald"", ""desc"": ""town in Mecklenburg-Vorpommern, Germany"", ""score"": 24}, {""qid"": ""Q800835"", ""label"": ""Greifswald railway station"", ""desc"": ""railway station"", ""score"": 19}, {""qid"": ""Q165528"", ""label"": ""Universität Greifswald"", ""desc"": ""Universität in Deutschland"", ""score"": 15}, {""qid"": ""Q374073"", ""label"": ""10114 Greifswald"", ""desc"": ""asteroid"", ""score"": 12}, {""qid"": ""Q32041909"", ""label"": ""Greifswald"", ""desc"": """", ""score"": 12}, {""qid"": ""Q1545510"", ""label"": ""Greifswalder Straße"", ""desc"": ""Straße in Berlin-Prenzlauer Berg"", ""score"": 9}, {""qid"": ""Q566236"", ""label"": ""Greifswalder SV 04"", ""desc"": ""sports club"", ""score"": 8}, {""qid"": ""Q52329027"", ""label"": ""IMO 8311912"", ""desc"": ""ro-ro/passenger ship built in 1988"", ""score"": 6}]"
24b72aca-dd8f-499a-8674-05335724ba9c,Griechenland,griechenland,Q41,Greece,21,alias_exact|coords_eu_il|country_GR|has_sitelinks|search_rank_0,Q99317489,Greece,12,auto,"[{""qid"": ""Q41"", ""label"": ""Greece"", ""desc"": ""country in Southeast Europe"", ""score"": 21}, {""qid"": ""Q99317489"", ""label"": ""Greece"", ""desc"": ""the country of Greece as depicted in Star Trek"", ""score"": 12}, {""qid"": ""Q320347"", ""label"": ""יוון באירוויזיון"", ""desc"": """", ""score"": 12}, {""qid"": ""Q19209394"", ""label"": ""Griechenland"", ""desc"": ""1793 poem written by Friedrich Hölderlin"", ""score"": 11}, {""qid"": ""Q556569"", ""label"": ""Acropolis Rally"", ""desc"": ""rallying"", ""score"": 8}, {""qid"": ""Q116159942"", ""label"": ""Greece"", ""desc"": ""2023 film directed by Claudia Jüptner-Jonstorff and Eva Spreitzhofer"", ""score"": 6}, {""qid"": ""Q956475"", ""label"": ""משבר החוב של יוון"", ""desc"": ""משבר כלכלי גדול ביוון"", ""score"": 6}, {""qid"": ""Q917971"", ""label"": ""Greece in the Junior Eurovision Song Contest"", ""desc"": """", ""score"": 6}, {""qid"": ""Q122638614"", ""label"": ""Griechenland. Vom Frühmittelalter bis zur Gegenwart"", ""desc"": """", ""score"": 4}, {""qid"": ""Q2422427"", ""label"": ""Griechenland-Runensteine"", ""desc"": ""Kategorie von wikingerzeitlichen Steinritzungen nach inhaltlichem Bezug"", ""score"": 4}]"
4c444cdf-ae9b-4f1a-810e-af4a13eb100d,Grodno,grodno,Q181376,Horadnia,25,alias_exact|p31_settlement|coords_eu_il|country_BY|has_sitelinks|search_rank_0,Q1965697,Grodno District,19,auto,"[{""qid"": ""Q181376"", ""label"": ""Horadnia"", ""desc"": ""city in Belarus, capital of Horadnia Region"", ""score"": 25}, {""qid"": ""Q1965697"", ""label"": ""Grodno District"", ""desc"": ""district in Grodno Oblast, Belarus"", ""score"": 19}, {""qid"": ""Q4150052"", ""label"": ""Grodno"", ""desc"": ""village in Gmina Baruchowo, Poland"", ""score"": 16}, {""qid"": ""Q191061"", ""label"": ""Woblast Hrodna"", ""desc"": ""Verwaltungsbezirk (Woblast) in Belarus"", ""score"": 15}, {""qid"": ""Q4150055"", ""label"": ""Grodno"", ""desc"": ""Dorf in Kujawien-Pommern, Polen"", ""score"": 14}, {""qid"": ""Q2986673"", ""label"": ""Yanka Kupala State University of Grodno"", ""desc"": ""university in Hrodna, Belarus"", ""score"": 9}, {""qid"": ""Q2067552"", ""label"": ""Grodno State Medical University"", ""desc"": ""university in Belarus"", ""score"": 9}, {""qid"": ""Q123946862"", ""label"": ""Grodno"", ""desc"": ""street in Mladost dist. Sofia (Bulgaria)"", ""score"": 7}, {""qid"": ""Q84727802"", ""label"": ""Grodno"", ""desc"": ""general cargo ship built in 1912"", ""score"": 5}]"
2033b5dd-acd3-4359-b193-5697915008a6,Hagenau,hagenau,Q82501154,Hagenau,22,name_exact|p31_settlement|coords_eu_il|country_AT|search_rank_1,Q22730,Haguenau,21,manual,"[{""qid"": ""Q82501154"", ""label"": ""Hagenau"", ""desc"": ""human settlement in Melk District"", ""score"": 22}, {""qid"": ""Q22730"", ""label"": ""Haguenau"", ""desc"": ""commune in Bas-Rhin, France"", ""score"": 21}, {""qid"": ""Q83802956"", ""label"": ""Hagenau"", ""desc"": ""human settlement in St. Pölten District"", ""score"": 20}, {""qid"": ""Q54217413"", ""label"": ""Hagenau"", ""desc"": ""Ortschaft im Bezirk St. Pölten"", ""score"": 16}, {""qid"": ""Q17484558"", ""label"": ""Hagenau"", ""desc"": ""Ortsteil von Treuchtlingen"", ""score"": 12}, {""qid"": ""Q46978555"", ""label"": ""Hagenau"", ""desc"": ""Ortsteil von Kalbe (Milde)"", ""score"": 12}, {""qid"": ""Q135333744"", ""label"": ""Hagenau"", ""desc"": ""hamlet in the municipality of Kranzberg, Germany"", ""score"": 10}, {""qid"": ""Q133282531"", ""label"": ""Hagenau"", ""desc"": """", ""score"": 10}, {""qid"": ""Q21507298"", ""label"": ""Hagenauer"", ""desc"": ""family name"", ""score"": 6}]"
6f7587be-35f9-448c-af22-5df5fc50e747,Halberstadt,halberstadt,Q7072,Halberstadt,26,name_exact|p31_settlement|coords_eu_il|country_DE|has_sitelinks|search_rank_0,Q25089213,Halberstadt central station,19,auto,"[{""qid"": ""Q7072"", ""label"": ""Halberstadt"", ""desc"": ""town in Harz District, Saxony-Anhalt, Germany"", ""score"": 26}, {""qid"": ""Q25089213"", ""label"": ""Halberstadt central station"", ""desc"": ""railway station in Halberstadt, Germany"", ""score"": 19}, {""qid"": ""Q114247"", ""label"": ""Halberstadt"", ""desc"": ""מחוז בסקסוניה-אנהלט, גרמניה"", ""score"": 14}, {""qid"": ""Q33869821"", ""label"": ""Halberstadt"", ""desc"": ""Familienname"", ""score"": 13}, {""qid"": ""Q324533"", ""label"": ""Halberstädter Flugzeugwerke"", ""desc"": ""Deutscher Flugzeughersteller, 1912 bis 1932"", ""score"": 12}]"
09a762f9-cccc-4679-8b31-b9363963508f,Halle,halle,Q2814,Halle (Saale),23,alias_exact|p31_settlement|coords_eu_il|country_DE|has_sitelinks|search_rank_1,Q210003,Halle,22,manual,"[{""qid"": ""Q2814"", ""label"": ""Halle (Saale)"", ""desc"": ""Großstadt in Sachsen-Anhalt, Deutschland"", ""score"": 23}, {""qid"": ""Q210003"", ""label"": ""Halle"", ""desc"": ""city and municipality in Flemish Brabant, Belgium"", ""score"": 22}, {""qid"": ""Q225774"", ""label"": ""Halle (Westf.)"", ""desc"": ""Stadt in Nordrhein-Westfalen"", ""score"": 17}, {""qid"": ""Q16276204"", ""label"": ""Halle"", ""desc"": ""family name"", ""score"": 13}, {""qid"": ""Q649782"", ""label"": ""Halle"", ""desc"": ""municipality in Holzminden, Lower Saxony, Germany"", ""score"": 12}, {""qid"": ""Q21993666"", ""label"": ""Halle"", ""desc"": ""given name"", ""score"": 11}, {""qid"": ""Q255684"", ""label"": ""Hallein"", ""desc"": ""town in Salzburg state, Austria"", ""score"": 9}]"
ceb4df95-109d-4c32-8122-8223b184bb5e,Hamburg,hamburg,Q1055,Hamburg,22,name_exact|p31_settlement|coords_eu_il|has_sitelinks|search_rank_1,Q51974,Hamburger SV,18,auto,"[{""qid"": ""Q1055"", ""label"": ""Hamburg"", ""desc"": ""Stadt und Land der Bundesrepublik Deutschland"", ""score"": 22}, {""qid"": ""Q51974"", ""label"": ""Hamburger SV"", ""desc"": ""German sports club based in Hamburg, with its largest branch being its football department"", ""score"": 18}, {""qid"": ""Q16870461"", ""label"": ""Hamburg"", ""desc"": ""family name"", ""score"": 13}, {""qid"": ""Q1626"", ""label"": ""Hamburg-Mitte"", ""desc"": ""Bezirk in Hamburg"", ""score"": 13}, {""qid"": ""Q156725"", ""label"": ""Universität Hamburg"", ""desc"": ""Hochschule in der Freien und Hansestadt Hamburg"", ""score"": 9}, {""qid"": ""Q1632"", ""label"": ""Eimsbüttel"", ""desc"": ""Bezirk in Hamburg"", ""score"": 9}, {""qid"": ""Q79657"", ""label"": ""המבורג"", ""desc"": ""עיר בארצות הברית"", ""score"": 8}, {""qid"": ""Q1572860"", ""label"": ""Hamburg"", ""desc"": ""1960 Hamburg-class destroyer"", ""score"": 7}, {""qid"": ""Q742785"", ""label"": ""המבורג"", ""desc"": ""town in Erie County, New York, United States"", ""score"": 6}, {""qid"": ""Q16983167"", ""label"": ""סטייק המבורג"", ""desc"": ""dish consisting of a patty of ground beef"", ""score"": 6}]"
b7e4d18b-7cbc-4d60-8e58-1cbe659fdaa1,Hamm,hamm,Q2880,Hamm,24,name_exact|p31_settlement|coords_eu_il|country_DE|has_sitelinks|search_rank_1,Q1569,Hamm,18,auto,"[{""qid"": ""Q2880"", ""label"": ""Hamm"", ""desc"": ""kreisfreie Großstadt in Nordrhein-Westfalen, Deutschland"", ""score"": 24}, {""qid"": ""Q1569"", ""label"": ""Hamm"", ""desc"": ""Stadtteil von Hamburg im Bezirk Hamburg-Mitte"", ""score"": 18}, {""qid"": ""Q16870468"", ""label"": ""Hamm"", ""desc"": ""family name"", ""score"": 17}, {""qid"": ""Q107351"", ""label"": ""Hammerfest"", ""desc"": ""municipality in Finnmark, Norway"", ""score"": 13}, {""qid"": ""Q656322"", ""label"": ""Hamm"", ""desc"": ""municipality of Germany"", ""score"": 12}, {""qid"": ""Q205731"", ""label"": ""Hamm"", ""desc"": ""Stadtteil von Luxemburg (Stadt)"", ""score"": 12}, {""qid"": ""Q679389"", ""label"": ""Hamm"", ""desc"": ""municipality in the district of Bitburg-Prüm, in Rhineland-Palatinate, Germany"", ""score"": 12}, {""qid"": ""Q2711174"", ""label"": ""Hammond"", ""desc"": ""family name"", ""score"": 6}, {""qid"": ""Q28077"", ""label"": ""hammam"", ""desc"": ""public steambath common in the Islamic world"", ""score"": 4}]"
f626d286-135a-4b4b-88b9-e04e6e2d088e,Hanau,hanau,Q3802,Hanau,26,name_exact|p31_settlement|coords_eu_il|country_DE|has_sitelinks|search_rank_0,Q37286105,Hanau,15,auto,"[{""qid"": ""Q3802"", ""label"": ""Hanau"", ""desc"": ""city in Main-Kinzig-Kreis in Hesse, Germany"", ""score"": 26}, {""qid"": ""Q37286105"", ""label"": ""Hanau"", ""desc"": ""family name"", ""score"": 15}, {""qid"": ""Q4197921"", ""label"": ""Hanau"", ""desc"": ""district in Seruyan Regency, Central Kalimantan Province, Indonesia"", ""score"": 13}, {""qid"": ""Q82566734"", ""label"": ""Hanau"", ""desc"": ""family from Germany"", ""score"": 13}, {""qid"": ""Q1008253"", ""label"": ""Hanau"", ""desc"": ""federal electoral district of Germany"", ""score"": 12}, {""qid"": ""Q103163303"", ""label"": ""Hanau"", ""desc"": ""Terra-Sigillata-Fundstätte"", ""score"": 10}, {""qid"": ""Q57287770"", ""label"": ""Hanau"", ""desc"": ""article in Otto's encyclopedia"", ""score"": 9}, {""qid"": ""Q3599769"", ""label"": ""75058 Hanau"", ""desc"": ""אסטרואיד"", ""score"": 6}]"
2aacbe57-37e9-4990-9456-21d189303eac,Hannover,hannover,Q1715,Hanover,25,alias_exact|p31_settlement|coords_eu_il|country_DE|has_sitelinks|search_rank_0,Q49699202,Hannover,15,auto,"[{""qid"": ""Q1715"", ""label"": ""Hanover"", ""desc"": ""capital city of the German federated state of Lower Saxony"", ""score"": 25}, {""qid"": ""Q49699202"", ""label"": ""Hannover"", ""desc"": ""family name"", ""score"": 15}, {""qid"": ""Q32052205"", ""label"": ""Hannover"", ""desc"": ""Wikimedia-Dublette von Hannover"", ""score"": 14}, {""qid"": ""Q164079"", ""label"": ""Königreich Hannover"", ""desc"": ""deutsches Königreich (1814-1866)"", ""score"": 12}, {""qid"": ""Q5963"", ""label"": ""Hannover Region"", ""desc"": ""district in Lower Saxony, Germany"", ""score"": 11}, {""qid"": ""Q33748"", ""label"": ""Hannover 96"", ""desc"": ""German sports club"", ""score"": 10}, {""qid"": ""Q1826001"", ""label"": ""Linden-Limmer"", ""desc"": ""Stadtbezirk in Hannover"", ""score"": 9}, {""qid"": ""Q57287899"", ""label"": ""Hannover"", ""desc"": ""article in Otto's encyclopedia"", ""score"": 7}]"
e29a1342-8a93-4598-8e59-9bc41b952c20,Hasenpoth,hasenpoth,Q411723,Aizpute,25,alias_exact|p31_settlement|coords_eu_il|country_LV|has_sitelinks|search_rank_0,Q2335934,Aizpute County,12,auto,"[{""qid"": ""Q411723"", ""label"": ""Aizpute"", ""desc"": ""city in South Kurzeme Municipality, Latvia"", ""score"": 25}, {""qid"": ""Q2335934"", ""label"": ""Aizpute County"", ""desc"": ""former county of Latvia and Russian Empire"", ""score"": 12}, {""qid"": ""Q111305121"", ""label"": ""Aizpute railway station"", ""desc"": ""railway station in Latvia"", ""score"": 11}, {""qid"": ""Q18129177"", ""label"": ""Hasenpoth Parish"", ""desc"": """", ""score"": 10}]"
1b05a403-73ec-4eff-8d12-56cb306a1064,Hechingen,hechingen,Q494529,Hechingen,24,name_exact|p31_settlement|coords_eu_il|country_DE|has_sitelinks|search_rank_1,Q32054927,Hechingen,22,manual,"[{""qid"": ""Q494529"", ""label"": ""Hechingen"", ""desc"": ""Stadt in Baden-Württemberg, Deutschland"", ""score"": 24}, {""qid"": ""Q32054927"", ""label"": ""Hechingen"", ""desc"": ""Siedlung"", ""score"": 22}, {""qid"": ""Q113451533"", ""label"": ""Hechingen"", ""desc"": ""family name"", ""score"": 17}, {""qid"": ""Q62615924"", ""label"": ""Hechingen"", ""desc"": ""German article in Die Gartenlaube, 1886, no. 12"", ""score"": 11}, {""qid"": ""Q121096132"", ""label"": ""Bahnhof Hechingen"", ""desc"": ""Bahnhof der DB an der Bahnstrecke Tübingen–Sigmaringen"", ""score"": 11}, {""qid"": ""Q105978604"", ""label"": ""Hechingen–Gammertingen railway line"", ""desc"": ""railway line in Germany"", ""score"": 8}, {""qid"": ""Q1592904"", ""label"": ""Hechingen"", ""desc"": ""דף פירושונים"", ""score"": 7}]"
a1df09a6-770c-40f2-b652-381be73572c6,Hildesheim,hildesheim,Q3185,Hildesheim,26,name_exact|p31_settlement|coords_eu_il|country_DE|has_sitelinks|search_rank_0,Q5978,מחוז הילדסהיים,17,auto,"[{""qid"": ""Q3185"", ""label"": ""Hildesheim"", ""desc"": ""city in Lower Saxony, Germany"", ""score"": 26}, {""qid"": ""Q5978"", ""label"": ""מחוז הילדסהיים"", ""desc"": ""מחוז בסקסוניה התחתונה, גרמניה"", ""score"": 17}, {""qid"": ""Q28082959"", ""label"": ""Hildesheim"", ""desc"": ""family name"", ""score"": 15}, {""qid"": ""Q324775"", ""label"": ""Hildesheim Central Station"", ""desc"": ""railway station in Hildesheim, Germany"", ""score"": 15}, {""qid"": ""Q32058340"", ""label"": ""Hildesheim"", ""desc"": ""Wikidata-Doublette"", ""score"": 12}, {""qid"": ""Q1008283"", ""label"": ""Hildesheim"", ""desc"": ""federal electoral district of Germany"", ""score"": 12}, {""qid"": ""Q1618455"", ""label"": ""Hildesheimer Straße"", ""desc"": ""street in Hannover, Germany"", ""score"": 11}]"
310df71a-b23b-416c-875a-2ede37ffeb4d,Hirschberg,hirschberg,Q630383,Hirschberg,26,name_exact|p31_settlement|coords_eu_il|country_DE|has_sitelinks|search_rank_0,Q147934,ילניה גורה,21,auto,"[{""qid"": ""Q630383"", ""label"": ""Hirschberg"", ""desc"": ""town in Thuringia, Germany"", ""score"": 26}, {""qid"": ""Q147934"", ""label"": ""ילניה גורה"", ""desc"": ""city with powiat rights of Poland"", ""score"": 21}, {""qid"": ""Q993602"", ""label"": ""Hirschberg"", ""desc"": ""subpeak of Wertacher Hörnle in the Allgäu Alps in Bavaria, Germany"", ""score"": 16}, {""qid"": ""Q37241038"", ""label"": ""Hirschberg"", ""desc"": ""Familienname"", ""score"": 15}, {""qid"": ""Q562961"", ""label"": ""Hirschberg"", ""desc"": ""municipality of Germany"", ""score"": 14}, {""qid"": ""Q8553205"", ""label"": ""Hirschberg"", ""desc"": ""massif of the Bregenz Forest Mountains in Vorarlberg, Austria"", ""score"": 12}, {""qid"": ""Q1620365"", ""label"": ""Hirschberg"", ""desc"": ""church village in Upper Bavaria"", ""score"": 12}]"
6132a667-0a00-405f-9d6f-7eec24395a2e,Hohenems,hohenems,Q698591,Hohenems,22,name_exact|coords_eu_il|country_AT|has_sitelinks|search_rank_0,Q21881821,Hohenems,16,auto,"[{""qid"": ""Q698591"", ""label"": ""Hohenems"", ""desc"": ""municipality in Dornbirn District, Vorarlberg, Austria"", ""score"": 22}, {""qid"": ""Q21881821"", ""label"": ""Hohenems"", ""desc"": ""second-level administrative country subdivision of Austria"", ""score"": 16}, {""qid"": ""Q95131355"", ""label"": ""Hohenems"", ""desc"": ""Familienname"", ""score"": 13}, {""qid"": ""Q125788784"", ""label"": ""Hohenems"", ""desc"": ""Katastralgemeinde in Hohenems, Vorarlberg"", ""score"": 12}, {""qid"": ""Q106117869"", ""label"": ""Hohenemser"", ""desc"": ""family name"", ""score"": 10}, {""qid"": ""Q1623699"", ""label"": ""Hohenems-Münchener Handschrift A"", ""desc"": ""collection of manuscripts that contain, among others, the Nibelungenlied"", ""score"": 6}]"
d1474318-6cff-438b-99db-f1dbfb93f8e3,Hungary,hungary,Q28,Hungary,22,name_exact|coords_eu_il|country_HU|has_sitelinks|search_rank_0,Q171150,Kingdom of Hungary,17,auto,"[{""qid"": ""Q28"", ""label"": ""Hungary"", ""desc"": ""country in Central Europe"", ""score"": 22}, {""qid"": ""Q171150"", ""label"": ""Kingdom of Hungary"", ""desc"": ""Central European monarchy (1000–1946)"", ""score"": 17}, {""qid"": ""Q16410"", ""label"": ""Hungarian People's Republic"", ""desc"": ""1949–1989 socialist republic in Central Europe"", ""score"": 15}, {""qid"": ""Q5943060"", ""label"": ""Hungary"", ""desc"": ""constituency of the European Parliament"", ""score"": 13}, {""qid"": ""Q170561"", ""label"": ""Hungary men's national football team"", ""desc"": ""men's national association football team representing Hungary"", ""score"": 8}, {""qid"": ""Q60940659"", ""label"": ""Hungary"", ""desc"": ""Familienname"", ""score"": 7}, {""qid"": ""Q16056854"", ""label"": ""ממלכת הונגריה"", ""desc"": ""former Central European monarchy (1301–1526)"", ""score"": 6}]"
4c9ece89-e1fa-4732-97e8-9c8083e08285,Jaroslaw,jaroslaw,Q16257268,Jarosław,17,name_exact|has_sitelinks|search_rank_0,Q721928,ירוסלב,17,manual,"[{""qid"": ""Q16257268"", ""label"": ""Jarosław"", ""desc"": ""male given name"", ""score"": 17}, {""qid"": ""Q721928"", ""label"": ""ירוסלב"", ""desc"": ""עיר בפולין"", ""score"": 17}, {""qid"": ""Q105778290"", ""label"": ""Jaroslaw"", ""desc"": ""männlicher Vorname"", ""score"": 15}, {""qid"": ""Q2423"", ""label"": ""Jaroslawl"", ""desc"": ""Stadt in Russland"", ""score"": 15}, {""qid"": ""Q741"", ""label"": ""Jaroslaw"", ""desc"": ""männlicher Vorname (Ярослав)"", ""score"": 9}, {""qid"": ""Q55917"", ""label"": ""Jarosław Kaczyński"", ""desc"": ""13th Prime Minister of the Republic of Poland"", ""score"": 8}, {""qid"": ""Q96742953"", ""label"": ""Jaroslav"", ""desc"": ""poem from the Manuscript of Dvůr Králové"", ""score"": 6}, {""qid"": ""Q104834537"", ""label"": ""Jaroslav"", ""desc"": ""squire of Albrecht Kostka z Postupic"", ""score"": 6}, {""qid"": ""Q56256524"", ""label"": ""Jarosław Dziadek"", ""desc"": ""Polish molecular biologist and microbiologist"", ""score"": 4}]"
ff57fde0-0c11-42b3-ad4a-50f83351d181,Jena,jena,Q3150,Jena,26,name_exact|p31_settlement|coords_eu_il|country_DE|has_sitelinks|search_rank_0,Q16864313,Jena,15,auto,"[{""qid"": ""Q3150"", ""label"": ""Jena"", ""desc"": ""city in Thuringia, Germany"", ""score"": 26}, {""qid"": ""Q16864313"", ""label"": ""Jena"", ""desc"": ""family name (ଜେନା)"", ""score"": 15}, {""qid"": ""Q1017042"", ""label"": ""Jena"", ""desc"": ""parish seat of La Salle Parish, Louisiana, United States"", ""score"": 13}, {""qid"": ""Q154561"", ""label"": ""Friedrich Schiller University Jena"", ""desc"": ""university located in Jena, Thuringia, Germany"", ""score"": 13}, {""qid"": ""Q32063050"", ""label"": ""Jena"", ""desc"": ""Wikimedia-Doublette"", ""score"": 12}, {""qid"": ""Q16290330"", ""label"": ""Jena"", ""desc"": ""weiblicher Vorname"", ""score"": 9}, {""qid"": ""Q127264576"", ""label"": ""Jena"", ""desc"": ""family name"", ""score"": 7}, {""qid"": ""Q155184"", ""label"": ""526 Jena"", ""desc"": ""אסטרואיד"", ""score"": 6}, {""qid"": ""Q233368"", ""label"": ""Jena Malone"", ""desc"": ""American actress"", ""score"": 4}]"
a766a6d0-8bec-4901-b9d4-d020dbf27a05,Jersualem,jersualem,Q18191594,The Jerusalem Biennale,16,alias_partial|country_IL|has_sitelinks|search_rank_0,,,0,auto,"[{""qid"": ""Q18191594"", ""label"": ""The Jerusalem Biennale"", ""desc"": ""Art biennial in Israel"", ""score"": 16}]"
999a3a8b-a624-4766-96b8-902153dd51fb,Jerusalem,jerusalem,Q1218,Jerusalem,24,name_exact|p31_settlement|coords_eu_il|has_sitelinks|search_rank_0,Q10540001,Jerusalem,15,auto,"[{""qid"": ""Q1218"", ""label"": ""Jerusalem"", ""desc"": ""city in the Middle East, holy to the three Abrahamic religions"", ""score"": 24}, {""qid"": ""Q10540001"", ""label"": ""Jerusalem"", ""desc"": ""family name"", ""score"": 15}, {""qid"": ""Q55502"", ""label"": ""ממלכת ירושלים"", ""desc"": ""ממלכה צלבנית בארץ ישראל"", ""score"": 14}, {""qid"": ""Q478463"", ""label"": ""Jerusalem"", ""desc"": ""novel by Selma Lagerlöf"", ""score"": 11}, {""qid"": ""Q192232"", ""label"": ""Bezirk Jerusalem"", ""desc"": ""one of the six districts of Israel"", ""score"": 11}, {""qid"": ""Q77425249"", ""label"": ""And did those feet in ancient time"", ""desc"": ""1804 poem by William Blake"", ""score"": 8}, {""qid"": ""Q25909258"", ""label"": ""Jerusalem"", ""desc"": ""village in Puncak Regency, Central Papua, Indonesia"", ""score"": 7}, {""qid"": ""Q1687939"", ""label"": ""Jerusalem"", ""desc"": ""schwedische Band"", ""score"": 7}, {""qid"": ""Q914332"", ""label"": ""ירושלים"", ""desc"": ""גרנד אופרה בארבע מערכות מאת המלחין ג'וזפה ורדי"", ""score"": 6}]"
cf73d482-6c90-4060-9d88-24f51d675eee,Jeßnitz,jessnitz,Q18021174,Jessnitz,22,name_exact|coords_eu_il|country_AT|has_sitelinks|search_rank_0,Q160977,Jeßnitz,22,manual,"[{""qid"": ""Q18021174"", ""label"": ""Jessnitz"", ""desc"": ""river in the Türnitz Alps in Lower Austria, tributary of Erlauf"", ""score"": 22}, {""qid"": ""Q160977"", ""label"": ""Jeßnitz"", ""desc"": ""Ortsteil von Puschwitz"", ""score"": 22}, {""qid"": ""Q701018"", ""label"": ""Jeßnitz"", ""desc"": ""Ortsteil von Raguhn-Jeßnitz"", ""score"": 20}, {""qid"": ""Q1688805"", ""label"": ""Jeßnitz"", ""desc"": ""Ortsteil von Kubschütz"", ""score"": 20}, {""qid"": ""Q21039782"", ""label"": ""Jeßnitz"", ""desc"": ""human settlement in Großweitzschen, Germany"", ""score"": 18}]"
6acfff59-5693-48e5-b442-0adb13801c11,Jewpatorija,jewpatorija,Q33345,Yevpatoriia,23,alias_exact|p31_settlement|coords_eu_il|has_sitelinks|search_rank_0,Q2629701,Yevpatoria city council,17,auto,"[{""qid"": ""Q33345"", ""label"": ""Yevpatoriia"", ""desc"": ""city in Crimea, Ukraine"", ""score"": 23}, {""qid"": ""Q2629701"", ""label"": ""Yevpatoria city council"", ""desc"": ""city in Crimea"", ""score"": 17}]"
724e4317-9ece-4552-acfc-2aeda405a9cd,Józefów,jozefow,Q1025336,Józefów,26,name_exact|p31_settlement|coords_eu_il|country_PL|has_sitelinks|search_rank_0,Q985534,יוזפוב,19,auto,"[{""qid"": ""Q1025336"", ""label"": ""Józefów"", ""desc"": ""city of Poland"", ""score"": 26}, {""qid"": ""Q985534"", ""label"": ""יוזפוב"", ""desc"": ""עיר בפולין"", ""score"": 19}, {""qid"": ""Q4534209"", ""label"": ""Józefów nad Wisłą"", ""desc"": ""Stadt in Polen"", ""score"": 17}, {""qid"": ""Q2244160"", ""label"": ""Gmina Józefów"", ""desc"": ""urban-rural gmina of Poland"", ""score"": 15}, {""qid"": ""Q6320993"", ""label"": ""Józefów"", ""desc"": ""village in Gmina Minsk Mazowiecki, Poland"", ""score"": 12}, {""qid"": ""Q159942"", ""label"": ""Józefów"", ""desc"": ""village in the administrative district of Gmina Kodrąb, within Radomsko County, Łódź Voivodeship, in central Poland"", ""score"": 12}, {""qid"": ""Q118082858"", ""label"": ""Józefów"", ""desc"": ""family name"", ""score"": 11}, {""qid"": ""Q27941113"", ""label"": ""Józefowicz"", ""desc"": ""Familienname"", ""score"": 4}]"
723cc713-cc18-4355-80a5-7e0120d31d18,Kanischa,kanischa,Q14424,Nagykanizsa,21,alias_exact|coords_eu_il|country_HU|has_sitelinks|search_rank_0,Q578327,Cănicea,21,manual,"[{""qid"": ""Q14424"", ""label"": ""Nagykanizsa"", ""desc"": ""city in Zala county, Hungary"", ""score"": 21}, {""qid"": ""Q578327"", ""label"": ""Cănicea"", ""desc"": ""Dorf in Rumänien"", ""score"": 21}, {""qid"": ""Q1855713"", ""label"": ""Kanižarica"", ""desc"": ""place in White Carniola, Slovenia"", ""score"": 17}, {""qid"": ""Q85017844"", ""label"": ""Kanischaberg"", ""desc"": ""human settlement in Güssing District"", ""score"": 16}]"
37baeded-1dbe-4403-a88d-0cbc70fe933b,Karlsruhe,karlsruhe,Q1040,Karlsruhe,26,name_exact|p31_settlement|coords_eu_il|country_DE|has_sitelinks|search_rank_0,Q663558,German cruiser Karlsruhe,19,auto,"[{""qid"": ""Q1040"", ""label"": ""Karlsruhe"", ""desc"": ""city in Baden-Württemberg, Germany"", ""score"": 26}, {""qid"": ""Q663558"", ""label"": ""German cruiser Karlsruhe"", ""desc"": ""1927 Königsberg-class cruiser"", ""score"": 19}, {""qid"": ""Q309988"", ""label"": ""Karlsruhe Institute of Technology"", ""desc"": ""technical university and research center in Karlsruhe, Germany"", ""score"": 15}, {""qid"": ""Q1026577"", ""label"": ""Karlsruhe"", ""desc"": ""עיר בארצות הברית"", ""score"": 11}, {""qid"": ""Q8178"", ""label"": ""Landkreis Karlsruhe"", ""desc"": ""Landkreis in Baden-Württemberg"", ""score"": 11}, {""qid"": ""Q1381656"", ""label"": ""Karlsruhe"", ""desc"": ""1982 Bremen-class frigate"", ""score"": 9}, {""qid"": ""Q831916"", ""label"": ""Karlsruhe"", ""desc"": ""frigate"", ""score"": 7}, {""qid"": ""Q104880023"", ""label"": ""German corvette Karlsruhe"", ""desc"": ""German Braunschweig-class corvette"", ""score"": 6}]"
69669fee-ecb7-499e-a0c5-544c688a9e15,Kassel,kassel,Q2865,Kassel,26,name_exact|p31_settlement|coords_eu_il|country_DE|has_sitelinks|search_rank_0,Q11160,Cassel,17,auto,"[{""qid"": ""Q2865"", ""label"": ""Kassel"", ""desc"": ""city in Hesse, Germany"", ""score"": 26}, {""qid"": ""Q11160"", ""label"": ""Cassel"", ""desc"": ""Gemeinde in Nordfrankreich"", ""score"": 17}, {""qid"": ""Q37053452"", ""label"": ""Kassel"", ""desc"": ""family name"", ""score"": 15}, {""qid"": ""Q463906"", ""label"": ""Kassel Central Station"", ""desc"": ""German railway station"", ""score"": 15}, {""qid"": ""Q7890"", ""label"": ""Landkreis Kassel"", ""desc"": ""nördlichster Landkreis in Hessen"", ""score"": 13}, {""qid"": ""Q833822"", ""label"": ""Universität Kassel"", ""desc"": ""Universität in Kassel, Deutschland"", ""score"": 9}, {""qid"": ""Q515553"", ""label"": ""Jan van Kessel the Elder"", ""desc"": ""Flemish painter (1626–1679)"", ""score"": 6}]"
b72c7ab3-3973-4203-aee8-baaf506010b3,Kempen,kempen,Q14929,Kempen,24,name_exact|p31_settlement|coords_eu_il|country_DE|has_sitelinks|search_rank_1,Q640493,קמפנו,21,manual,"[{""qid"": ""Q14929"", ""label"": ""Kempen"", ""desc"": ""Mittelstadt im Kreis Viersen, Nordrhein-Westfalen"", ""score"": 24}, {""qid"": ""Q640493"", ""label"": ""קמפנו"", ""desc"": ""עיר בפולין"", ""score"": 21}, {""qid"": ""Q37514164"", ""label"": ""Kempen"", ""desc"": ""family name"", ""score"": 17}, {""qid"": ""Q1078270"", ""label"": ""Campine"", ""desc"": ""region in Belgium and the Netherlands"", ""score"": 15}, {""qid"": ""Q563845"", ""label"": ""Kempenich"", ""desc"": ""municipality of Germany"", ""score"": 11}, {""qid"": ""Q19293478"", ""label"": ""Kempen"", ""desc"": ""Straße in Haarlem in den Niederlanden"", ""score"": 10}, {""qid"": ""Q23855760"", ""label"": ""Kempen"", ""desc"": ""article in Otto's encyclopedia"", ""score"": 7}]"
adefc308-f9ea-4306-af0b-f3517e196c99,Kolin,kolin,Q470369,Kolín,22,name_exact|coords_eu_il|country_CZ|has_sitelinks|search_rank_0,Q847318,Kolín District,19,manual,"[{""qid"": ""Q470369"", ""label"": ""Kolín"", ""desc"": ""town in the Czech Republic"", ""score"": 22}, {""qid"": ""Q847318"", ""label"": ""Kolín District"", ""desc"": ""district of the Czech Republic"", ""score"": 19}, {""qid"": ""Q365"", ""label"": ""Köln"", ""desc"": ""Millionenmetropole am Rhein und bevölkerungsreichste Stadt Nordrhein-Westfalens"", ""score"": 15}, {""qid"": ""Q11122976"", ""label"": ""Kolin"", ""desc"": ""Taiwanese record label"", ""score"": 13}, {""qid"": ""Q6427264"", ""label"": ""Kolin"", ""desc"": ""Dorf in Polen"", ""score"": 12}, {""qid"": ""Q36937742"", ""label"": ""Kolin"", ""desc"": ""שם משפחה (Kolin)"", ""score"": 9}, {""qid"": ""Q123819966"", ""label"": ""Kolin"", ""desc"": """", ""score"": 7}, {""qid"": ""Q56900381"", ""label"": ""Kolín"", ""desc"": ""family name"", ""score"": 5}]"
c7aa1af5-678c-4bf5-9148-c7ae6b002c47,Kolmar,kolmar,Q130994,Colmar,21,alias_exact|coords_eu_il|country_FR|has_sitelinks|search_rank_0,Q51434,Chodzież,17,auto,"[{""qid"": ""Q130994"", ""label"": ""Colmar"", ""desc"": ""commune in Haut-Rhin, France"", ""score"": 21}, {""qid"": ""Q51434"", ""label"": ""Chodzież"", ""desc"": ""polnische Kleinstadt in der Woiwodschaft Großpolen"", ""score"": 17}, {""qid"": ""Q106118892"", ""label"": ""Kolmar"", ""desc"": ""family name"", ""score"": 15}, {""qid"": ""Q16430607"", ""label"": ""Kolmar"", ""desc"": ""male given name"", ""score"": 13}, {""qid"": ""Q125080496"", ""label"": ""Kolmar"", ""desc"": ""business"", ""score"": 9}, {""qid"": ""Q1938567"", ""label"": ""Kolmården Wildlife Park"", ""desc"": ""zoo in Norrköping, Sweden"", ""score"": 9}, {""qid"": ""Q1779560"", ""label"": ""Kolmården"", ""desc"": ""Wald in Schweden"", ""score"": 9}, {""qid"": ""Q136755484"", ""label"": ""Kolmar Charitable Trust"", ""desc"": ""charity from New Zealand"", ""score"": 4}]"
a2d89371-262f-4939-8356-dcdedf944bdc,Komarno,komarno,Q210796,Komárno,26,name_exact|p31_settlement|coords_eu_il|country_SK|has_sitelinks|search_rank_0,Q1004265,קומארנו,19,auto,"[{""qid"": ""Q210796"", ""label"": ""Komárno"", ""desc"": ""town in Slovakia"", ""score"": 26}, {""qid"": ""Q1004265"", ""label"": ""קומארנו"", ""desc"": ""עיירה באוקראינה"", ""score"": 19}, {""qid"": ""Q45285392"", ""label"": ""Komárno"", ""desc"": ""street in Nymburk, Czech Republic"", ""score"": 16}, {""qid"": ""Q1021151"", ""label"": ""Komárno"", ""desc"": ""village in Kroměříž District of Zlín region"", ""score"": 16}, {""qid"": ""Q6428153"", ""label"": ""Komarno"", ""desc"": ""Siedlung in Polen"", ""score"": 14}, {""qid"": ""Q3383568"", ""label"": ""Komarno"", ""desc"": ""village in Lublin Voivodeship, Poland"", ""score"": 12}, {""qid"": ""Q586056"", ""label"": ""Komárno District"", ""desc"": ""district of Slovakia"", ""score"": 11}, {""qid"": ""Q6428157"", ""label"": ""Komarno"", ""desc"": ""Organisation"", ""score"": 7}]"
4904192d-1d51-44d8-9c4c-7d6e0003fa60,Königsberg,konigsberg,Q1829,Kaliningrad,23,alias_exact|p31_settlement|coords_eu_il|has_sitelinks|search_rank_0,Q4120832,Königsberg,22,manual,"[{""qid"": ""Q1829"", ""label"": ""Kaliningrad"", ""desc"": ""Russian Baltic city between Poland and Lithuania"", ""score"": 23}, {""qid"": ""Q4120832"", ""label"": ""Königsberg"", ""desc"": ""historische Hauptstadt Ostpreußens, seit 1945 russisches Territorium"", ""score"": 22}, {""qid"": ""Q517260"", ""label"": ""Königsberg in Bayern"", ""desc"": ""Stadt im Landkreis Haßberge in Deutschland"", ""score"": 19}, {""qid"": ""Q426204"", ""label"": ""Crihalma"", ""desc"": ""village in Brașov County, Romania"", ""score"": 15}, {""qid"": ""Q105991678"", ""label"": ""Königsberg"", ""desc"": ""family name"", ""score"": 13}, {""qid"": ""Q176289"", ""label"": ""Klimkovice"", ""desc"": ""town in the Czech Republic"", ""score"": 13}, {""qid"": ""Q1796271"", ""label"": ""Königsberg"", ""desc"": ""mountain in the Harz range, Germany"", ""score"": 12}]"
5970b1a5-84a7-4104-9382-fe39b80c921e,Kopys,kopys,Q981755,Kopyś,22,name_exact|coords_eu_il|country_BY|has_sitelinks|search_rank_0,Q21579991,Kopyš,18,auto,"[{""qid"": ""Q981755"", ""label"": ""Kopyś"", ""desc"": ""urban-type settlement in Belarus"", ""score"": 22}, {""qid"": ""Q21579991"", ""label"": ""Kopyš"", ""desc"": ""nature reserve in Belarus"", ""score"": 18}, {""qid"": ""Q27972476"", ""label"": ""Kopyś"", ""desc"": ""שם משפחה (Kopyś)"", ""score"": 13}, {""qid"": ""Q4232535"", ""label"": ""Kopystyryn"", ""desc"": ""Dorf in der Verbandsgemeinde Scharhorod, Rajon Schmerynka, Oblast Winnyzja, Ukraine"", ""score"": 11}, {""qid"": ""Q28380558"", ""label"": ""Kopys′"", ""desc"": ""railway station in Belarus"", ""score"": 11}, {""qid"": ""Q4232338"", ""label"": ""Kopyschtsche"", ""desc"": ""Ort im Rajon Olewsk, Ukraine"", ""score"": 9}, {""qid"": ""Q17449919"", ""label"": ""Kopyski district"", ""desc"": ""district of Belarus"", ""score"": 8}, {""qid"": ""Q111028911"", ""label"": ""Kopyski sieĺsaviet"", ""desc"": ""sieĺsaviet of Belarus"", ""score"": 4}, {""qid"": ""Q112270114"", ""label"": ""Kopystyński"", ""desc"": ""Familienname"", ""score"": 4}, {""qid"": ""Q111762627"", ""label"": ""Kopyszko"", ""desc"": ""שם משפחה"", ""score"": 2}]"
75477a8b-732d-48a5-9b28-ebc4e70e470b,Köslin,koslin,Q62868,Koszalin,25,alias_exact|p31_settlement|coords_eu_il|country_PL|has_sitelinks|search_rank_0,Q321549,Köslin Government Region,17,auto,"[{""qid"": ""Q62868"", ""label"": ""Koszalin"", ""desc"": ""city with powiat rights of Poland"", ""score"": 25}, {""qid"": ""Q321549"", ""label"": ""Köslin Government Region"", ""desc"": ""Regierungsbezirk in the Prussian Province of Pomerania"", ""score"": 17}, {""qid"": ""Q6435450"", ""label"": ""Kozłówki"", ""desc"": ""Siedlung in Polen"", ""score"": 15}, {""qid"": ""Q130560303"", ""label"": ""Kösliner Straße"", ""desc"": ""street in Grevenbroich, North Rhine-Westphalia, Germany"", ""score"": 9}, {""qid"": ""Q100235188"", ""label"": ""Kösliner Weg"", ""desc"": ""Straße in Hannover im Stadtteil Misburg-Nord"", ""score"": 9}, {""qid"": ""Q1796717"", ""label"": ""Köslin-Belgarder Bahnen"", ""desc"": ""transport company in Poland"", ""score"": 9}, {""qid"": ""Q2442720"", ""label"": ""Koślinka, Pomeranian Voivodeship"", ""desc"": ""village in Pomeranian, Poland"", ""score"": 9}, {""qid"": ""Q23034920"", ""label"": ""Kösliner Straße"", ""desc"": ""Nebenstraße im Berliner Ortsteil Gesundbrunnen, Zentrum des „Roten Weddings“ in der Weimarer Republik"", ""score"": 9}, {""qid"": ""Q130563304"", ""label"": ""Kösliner Weg"", ""desc"": ""street in Meerbusch, North Rhine-Westphalia, Germany"", ""score"": 7}, {""qid"": ""Q125117933"", ""label"": ""Kośliński"", ""desc"": ""שם משפחה (Kośliński)"", ""score"": 6}, {""qid"": ""Q117152696"", ""label"": ""Koślińska"", ""desc"": ""family name"", ""score"": 2}]"
613eb469-56d6-47a2-9fe0-b542758850ce,Krakow,krakow,Q31487,Kraków,26,name_exact|p31_settlement|coords_eu_il|country_PL|has_sitelinks|search_rank_0,Q1164890,Kraków County,17,auto,"[{""qid"": ""Q31487"", ""label"": ""Kraków"", ""desc"": ""capital city of Lesser Poland Voivodeship in southern Poland"", ""score"": 26}, {""qid"": ""Q1164890"", ""label"": ""Kraków County"", ""desc"": ""powiat of Poland"", ""score"": 17}, {""qid"": ""Q536858"", ""label"": ""Krakow am See"", ""desc"": ""Stadt im Landkreis Rostock in Deutschland"", ""score"": 17}, {""qid"": ""Q37441068"", ""label"": ""Krakow"", ""desc"": ""family name"", ""score"": 13}, {""qid"": ""Q6435960"", ""label"": ""Sejm Constituency no. 13"", ""desc"": ""Polish parliamentary constituency"", ""score"": 11}, {""qid"": ""Q1353993"", ""label"": ""poulaine"", ""desc"": ""style of shoe with extremely elongated pointed toes, most popular in 14th and 15th century Europe"", ""score"": 8}, {""qid"": ""Q6435946"", ""label"": ""Krakow"", ""desc"": ""human settlement in Shawano County, Wisconsin, United States of America"", ""score"": 7}, {""qid"": ""Q2615575"", ""label"": ""46977 Krakow"", ""desc"": ""אסטרואיד"", ""score"": 6}, {""qid"": ""Q21492550"", ""label"": ""Krakowski"", ""desc"": ""family name"", ""score"": 2}]"
fe870ffa-4548-43dc-a37c-ab7531e89c99,Kreisch,kreisch,Q6787,Kreischa,21,alias_partial|p31_settlement|coords_eu_il|country_DE|has_sitelinks|search_rank_1,Q830587,Kreisch,18,manual,"[{""qid"": ""Q6787"", ""label"": ""Kreischa"", ""desc"": ""municipality in the Sächsische Schweiz-Osterzgebirge district, Saxony, Germany"", ""score"": 21}, {""qid"": ""Q830587"", ""label"": ""Kreisch"", ""desc"": ""Dorf in Rumänien"", ""score"": 18}, {""qid"": ""Q126198097"", ""label"": ""Kreisch"", ""desc"": ""family name"", ""score"": 15}, {""qid"": ""Q21039842"", ""label"": ""Kreischau"", ""desc"": ""human settlement in Germany"", ""score"": 13}, {""qid"": ""Q37248652"", ""label"": ""Kreischer"", ""desc"": ""שם משפחה (Kreischer)"", ""score"": 8}, {""qid"": ""Q1787624"", ""label"": ""Kreisch"", ""desc"": ""דף פירושונים"", ""score"": 7}, {""qid"": ""Q1932016"", ""label"": ""Schreien"", ""desc"": ""kommunikative Lautäußerung in hoher Lautstärke"", ""score"": 4}, {""qid"": ""Q22691"", ""label"": ""דומדמניתיים"", ""desc"": ""סוג של צמח"", ""score"": 4}, {""qid"": ""Q3199651"", ""label"": ""Kreischeriidae"", ""desc"": ""family of arachnids"", ""score"": 4}, {""qid"": ""Q945274"", ""label"": ""Kreischeulen"", ""desc"": ""Gattung der Familie Eigentliche Eulen (Strigidae)"", ""score"": 4}]"
823c994c-b2b7-4c8a-8d1e-5e0d7965743b,Krossen an der Oder,krossen-an-der-oder,,,0,,,,0,manual,[]
2efd21f7-a055-4632-93c5-9cb2a0722367,Kurland,kurland,Q3470137,Kurland,20,name_exact|p31_settlement|coords_eu_il|country_SE|has_sitelinks|search_rank_3,Q185072,Kurland,18,manual,"[{""qid"": ""Q3470137"", ""label"": ""Kurland"", ""desc"": ""urban area in Trelleborg Municipality, Sweden"", ""score"": 20}, {""qid"": ""Q185072"", ""label"": ""Kurland"", ""desc"": ""historische Landschaft Lettlands"", ""score"": 18}, {""qid"": ""Q37206962"", ""label"": ""Kurland"", ""desc"": ""family name"", ""score"": 17}, {""qid"": ""Q6446150"", ""label"": ""Kurland"", ""desc"": ""village in Østlandet, Norway"", ""score"": 16}, {""qid"": ""Q386371"", ""label"": ""Gouvernement Kurland"", ""desc"": ""Ostseegouvernement des Russischen Kaiserreichs"", ""score"": 15}, {""qid"": ""Q1043013"", ""label"": ""24794 Kurland"", ""desc"": ""asteroid"", ""score"": 14}, {""qid"": ""Q19369075"", ""label"": ""Kurland"", ""desc"": ""protected area in Norway"", ""score"": 12}]"
94557386-a996-4730-9c6a-3941481d3247,Kuttenplan,kuttenplan,Q1075695,Chodová Planá,19,alias_exact|coords_eu_il|country_CZ|has_sitelinks|search_rank_1,Q107288261,Kuttenplan,15,auto,"[{""qid"": ""Q1075695"", ""label"": ""Chodová Planá"", ""desc"": ""Gemeinde in Tschechien"", ""score"": 19}, {""qid"": ""Q107288261"", ""label"": ""Kuttenplan"", ""desc"": ""family name"", ""score"": 15}, {""qid"": ""Q860996"", ""label"": ""Chodovská Huť"", ""desc"": ""village in Cheb District of Karlovy Vary region"", ""score"": 15}, {""qid"": ""Q122138074"", ""label"": ""Kuttenplan in Geschichte und Gegenwart: Erinnerungsschrift anläßlich des 200jährigen Gedächtnisses des großen Brandes vom Jahre 1733. II. Teil"", ""desc"": ""book edition published in 1933–1934"", ""score"": 6}]"
e018e49c-7e20-4df5-882f-a5e909481802,Landau,landau,Q7052,לנדאו,23,alias_exact|p31_settlement|coords_eu_il|country_DE|has_sitelinks|search_rank_1,Q509536,Landau an der Isar,21,manual,"[{""qid"": ""Q7052"", ""label"": ""לנדאו"", ""desc"": ""עיר בגרמניה"", ""score"": 23}, {""qid"": ""Q509536"", ""label"": ""Landau an der Isar"", ""desc"": ""city in Bavaria, Germany"", ""score"": 21}, {""qid"": ""Q1127822"", ""label"": ""Landau"", ""desc"": ""family name"", ""score"": 17}, {""qid"": ""Q1801952"", ""label"": ""Landau"", ""desc"": ""Stadtteil von Bad Arolsen, Hessen, Deutschland"", ""score"": 12}, {""qid"": ""Q137178975"", ""label"": ""Landau"", ""desc"": ""מוזיקאי, מפיק ודיג'יי בין לאומי ישראלי (יליד 1993)"", ""score"": 11}, {""qid"": ""Q71048"", ""label"": ""Landaul"", ""desc"": ""commune in Morbihan, France"", ""score"": 9}, {""qid"": ""Q21286163"", ""label"": ""Landau"", ""desc"": ""Familienname (‏לנדאו)"", ""score"": 7}, {""qid"": ""Q2144333"", ""label"": ""landau"", ""desc"": ""four-wheeled open boat-shaped carriage with two doors, two facing benches for four to six persons, with convertible hood on both sides and seperate raised bench. Primarily for passenger transport"", ""score"": 7}, {""qid"": ""Q21504885"", ""label"": ""Landauer"", ""desc"": ""family name"", ""score"": 6}, {""qid"": ""Q147754"", ""label"": ""2142 Landau"", ""desc"": ""אסטרואיד"", ""score"": 6}]"
21ddd11e-c63c-4249-85ae-b426efa41459,Landsberg/Warthe,landsbergwarthe,,,0,,,,0,manual,[]
8e82a859-b068-4273-b5e1-a4ed7ddbbf67,Leiden,leiden,Q43631,Leiden,26,name_exact|p31_settlement|coords_eu_il|country_NL|has_sitelinks|search_rank_0,Q37206240,Leiden,15,auto,"[{""qid"": ""Q43631"", ""label"": ""Leiden"", ""desc"": ""city and municipality in South Holland, the Netherlands"", ""score"": 26}, {""qid"": ""Q37206240"", ""label"": ""Leiden"", ""desc"": ""family name"", ""score"": 15}, {""qid"": ""Q156598"", ""label"": ""Leiden University"", ""desc"": ""public university in the Netherlands"", ""score"": 13}, {""qid"": ""Q320980"", ""label"": ""לוקאס ואן ליידן"", ""desc"": ""צייר וחרט הולנדי"", ""score"": 12}, {""qid"": ""Q114437080"", ""label"": ""Leiden"", ""desc"": ""hermitage in the municipality of Gestratz, Bavaria, Germany"", ""score"": 12}, {""qid"": ""Q1084136"", ""label"": ""12490 Leiden"", ""desc"": ""אסטרואיד"", ""score"": 8}, {""qid"": ""Q24853511"", ""label"": ""Pulau Pepaya"", ""desc"": ""island in Nabire Regency, Central Papua Province, Indonesia"", ""score"": 6}]"
5e813a59-2d7d-4783-b4a2-4e2ae895e199,Leipnik,leipnik,Q1021080,Lipník nad Bečvou,21,alias_exact|coords_eu_il|country_CZ|has_sitelinks|search_rank_0,Q106403938,Leipnik,13,auto,"[{""qid"": ""Q1021080"", ""label"": ""Lipník nad Bečvou"", ""desc"": ""town in the Czech Republic"", ""score"": 21}, {""qid"": ""Q106403938"", ""label"": ""Leipnik"", ""desc"": ""Familienname"", ""score"": 13}, {""qid"": ""Q1815432"", ""label"": ""Leipnik-Lundenburger"", ""desc"": ""Austrian holding company"", ""score"": 12}, {""qid"": ""Q123146039"", ""label"": ""Joseph ben David of Leipnik"", ""desc"": ""1731-1740 active scribe, artist, illuminator, publisher and writer from the Jewish cultural circle"", ""score"": 8}, {""qid"": ""Q94883358"", ""label"": ""Felix Leipnik"", ""desc"": """", ""score"": 4}]"
96866796-3fe0-4fcb-9abe-31f883c94c57,Leipzig,leipzig,Q2079,Leipzig,24,name_exact|p31_settlement|coords_eu_il|has_sitelinks|search_rank_0,Q703916,Leipzig Central Station,19,auto,"[{""qid"": ""Q2079"", ""label"": ""Leipzig"", ""desc"": ""largest city in Saxony, Germany"", ""score"": 24}, {""qid"": ""Q703916"", ""label"": ""Leipzig Central Station"", ""desc"": ""central railway terminus of Leipzig, Germany"", ""score"": 19}, {""qid"": ""Q37193857"", ""label"": ""Leipzig"", ""desc"": ""Familienname"", ""score"": 13}, {""qid"": ""Q698468"", ""label"": ""Leipzig"", ""desc"": ""1929 Leipzig-class cruiser"", ""score"": 12}, {""qid"": ""Q183845"", ""label"": ""Leipzig"", ""desc"": ""former mine in Witten, Germany"", ""score"": 12}, {""qid"": ""Q6308"", ""label"": ""Landkreis Leipzig"", ""desc"": ""district in the federal state of Saxony, Germany"", ""score"": 11}, {""qid"": ""Q882826"", ""label"": ""Schönefeld"", ""desc"": ""Stadtteil von Leipzig"", ""score"": 11}, {""qid"": ""Q154804"", ""label"": ""Universität Leipzig"", ""desc"": ""Universität in Sachsen"", ""score"": 10}]"
155b0b5a-6a8b-424b-885a-ac2245ef21cb,Lemberg,lemberg,Q36036,Lviv,21,alias_exact|coords_eu_il|country_UA|has_sitelinks|search_rank_0,Q22394,Lemberg,20,manual,"[{""qid"": ""Q36036"", ""label"": ""Lviv"", ""desc"": ""capital city of Lviv Oblast in western Ukraine"", ""score"": 21}, {""qid"": ""Q22394"", ""label"": ""Lemberg"", ""desc"": ""commune in Moselle, France"", ""score"": 20}, {""qid"": ""Q186527"", ""label"": ""Lemberg"", ""desc"": ""höchster Berg der Schwäbischen Alb in Baden-Württemberg"", ""score"": 18}, {""qid"": ""Q23030"", ""label"": ""Lemberg"", ""desc"": ""municipality in Rhineland-Palatinate, Germany"", ""score"": 14}, {""qid"": ""Q29533686"", ""label"": ""Lemberg"", ""desc"": ""שם משפחה (Lemberg)"", ""score"": 11}, {""qid"": ""Q112620076"", ""label"": ""Lemberg"", ""desc"": ""Katastralgemeinde im Bezirk Hartberg-Fürstenfeld"", ""score"": 10}]"
66f24f98-3a5c-437d-8922-80bafdf0a20a,Leslau,leslau,Q106681,Włocławek,25,alias_exact|p31_settlement|coords_eu_il|country_PL|has_sitelinks|search_rank_0,Q106403998,Leslau,15,auto,"[{""qid"": ""Q106681"", ""label"": ""Włocławek"", ""desc"": ""city with powiat rights of Poland"", ""score"": 25}, {""qid"": ""Q106403998"", ""label"": ""Leslau"", ""desc"": ""family name"", ""score"": 15}, {""qid"": ""Q120362223"", ""label"": ""Leslauer Bote"", ""desc"": """", ""score"": 10}, {""qid"": ""Q215775"", ""label"": ""Wolf Leslau"", ""desc"": ""polnisch-US-amerikanischer Sprachwissenschaftler"", ""score"": 10}, {""qid"": ""Q1276548"", ""label"": ""לסלאו"", ""desc"": ""דף פירושונים"", ""score"": 8}]"
c1e84b20-a603-411a-bfcd-ef1b82ea250d,Lissa,lissa,Q52892,Leszno,23,alias_exact|p31_settlement|coords_eu_il|country_PL|has_sitelinks|search_rank_1,Q203767,Vis,21,manual,"[{""qid"": ""Q52892"", ""label"": ""Leszno"", ""desc"": ""kreisfreie Stadt in Polen"", ""score"": 23}, {""qid"": ""Q203767"", ""label"": ""Vis"", ""desc"": ""island of Croatia"", ""score"": 21}, {""qid"": ""Q107061653"", ""label"": ""Lissa"", ""desc"": ""female given name"", ""score"": 13}, {""qid"": ""Q11845048"", ""label"": ""Lissa"", ""desc"": ""genus of crustaceans"", ""score"": 11}, {""qid"": ""Q109484570"", ""label"": ""Lissa"", ""desc"": """", ""score"": 7}, {""qid"": ""Q597"", ""label"": ""Lissabon"", ""desc"": ""Hauptstadt von Portugal"", ""score"": 7}]"
e4d02791-0613-4ff2-afe8-c9bb5ea2ce89,Livorno,livorno,Q6761,Livorno,26,name_exact|p31_settlement|coords_eu_il|country_IT|has_sitelinks|search_rank_0,Q136671401,Livorno,18,auto,"[{""qid"": ""Q6761"", ""label"": ""Livorno"", ""desc"": ""city in Italy, Central Italy"", ""score"": 26}, {""qid"": ""Q136671401"", ""label"": ""Livorno"", ""desc"": """", ""score"": 18}, {""qid"": ""Q2549349"", ""label"": ""Livorno"", ""desc"": ""Ortschaft in Suriname"", ""score"": 13}, {""qid"": ""Q16200"", ""label"": ""Province of Livorno"", ""desc"": ""province of Italy"", ""score"": 13}, {""qid"": ""Q23861353"", ""label"": ""Livorno"", ""desc"": ""article in Otto's encyclopedia"", ""score"": 11}, {""qid"": ""Q25136"", ""label"": ""Livorno Ferraris"", ""desc"": ""italienische Gemeinde"", ""score"": 9}, {""qid"": ""Q18759569"", ""label"": ""236784 Livorno"", ""desc"": ""אסטרואיד"", ""score"": 6}, {""qid"": ""Q64558778"", ""label"": ""Livorno"", ""desc"": ""painting by Edward Laning"", ""score"": 5}]"
66ab7d83-9733-4531-a0d3-2b7c5c9ec5b7,London,london,Q84,London,24,name_exact|p31_settlement|coords_eu_il|has_sitelinks|search_rank_0,Q92561,London,19,auto,"[{""qid"": ""Q84"", ""label"": ""London"", ""desc"": ""capital and largest city of England and the United Kingdom"", ""score"": 24}, {""qid"": ""Q92561"", ""label"": ""London"", ""desc"": ""city in Southwestern Ontario, Canada"", ""score"": 19}, {""qid"": ""Q1137581"", ""label"": ""The London Gazette"", ""desc"": ""journal of record of the British government"", ""score"": 12}, {""qid"": ""Q1281978"", ""label"": ""לונדון"", ""desc"": ""שם משפחה (London)"", ""score"": 10}, {""qid"": ""Q935090"", ""label"": ""London Records"", ""desc"": ""UK multi-national record label"", ""score"": 10}, {""qid"": ""Q23939248"", ""label"": ""London"", ""desc"": ""region of England containing the City of London and the rest of Greater London"", ""score"": 10}, {""qid"": ""Q1001456"", ""label"": ""London"", ""desc"": ""Stadt im US-Bundesstaat Ohio"", ""score"": 7}]"
1a8c891a-f318-4aa6-8481-683d2a3c3703,Luneville,luneville,Q208794,Lunéville,22,name_exact|coords_eu_il|country_FR|has_sitelinks|search_rank_0,Q701572,arrondissement of Lunéville,19,manual,"[{""qid"": ""Q208794"", ""label"": ""Lunéville"", ""desc"": ""commune in Meurthe-et-Moselle, France"", ""score"": 22}, {""qid"": ""Q701572"", ""label"": ""arrondissement of Lunéville"", ""desc"": ""arrondissement of France"", ""score"": 19}, {""qid"": ""Q103953014"", ""label"": ""Lunéville"", ""desc"": ""encyclopedia article"", ""score"": 11}, {""qid"": ""Q305185"", ""label"": ""Lunéville-Croismare Airport"", ""desc"": ""French airport"", ""score"": 11}, {""qid"": ""Q2186882"", ""label"": ""Gare de Lunéville"", ""desc"": ""Bahnhof in Frankreich"", ""score"": 11}, {""qid"": ""Q156447"", ""label"": ""Friede von Lunéville"", ""desc"": ""Ende des Zweiten Koalitionskrieges"", ""score"": 8}, {""qid"": ""Q15637967"", ""label"": ""Luneville Faience"", ""desc"": ""French pottery manufacturer"", ""score"": 4}, {""qid"": ""Q138923748"", ""label"": ""Lunéville Boscher"", ""desc"": """", ""score"": 2}]"
4cfd2409-0321-4ce1-bde5-0eb8ca48e9fd,Lviv,lviv,Q36036,Lviv,22,name_exact|coords_eu_il|country_UA|has_sitelinks|search_rank_0,Q164193,Lviv Oblast,19,manual,"[{""qid"": ""Q36036"", ""label"": ""Lviv"", ""desc"": ""capital city of Lviv Oblast in western Ukraine"", ""score"": 22}, {""qid"": ""Q164193"", ""label"": ""Lviv Oblast"", ""desc"": ""administrative division (oblast) in western Ukraine"", ""score"": 19}, {""qid"": ""Q55075131"", ""label"": ""Lviv"", ""desc"": ""Ukrainian cycling team (2017-)"", ""score"": 15}, {""qid"": ""Q4270987"", ""label"": ""Lviv"", ""desc"": ""village in Pervomaisk Raion (district), Mykolaiv Oblast (province), Ukraine"", ""score"": 14}, {""qid"": ""Q80207"", ""label"": ""Lviv University"", ""desc"": ""public university in Lviv, Ukraine"", ""score"": 13}, {""qid"": ""Q4270985"", ""label"": ""Lviv"", ""desc"": ""village in Kryvyi Rih Raion, Dnipropetrovsk Oblast, Ukraine"", ""score"": 12}, {""qid"": ""Q1817355"", ""label"": ""Lviv Polytechnic"", ""desc"": ""technical university in Lviv"", ""score"": 9}, {""qid"": ""Q108375875"", ""label"": ""Lviv"", ""desc"": ""tugboat built in 2002"", ""score"": 7}]"
87cb0c23-53c9-47a4-a097-0229c8e0d4fd,Magdeburg,magdeburg,Q1733,Magdeburg,26,name_exact|p31_settlement|coords_eu_il|country_DE|has_sitelinks|search_rank_0,Q455960,Magdeburg Central Station,19,auto,"[{""qid"": ""Q1733"", ""label"": ""Magdeburg"", ""desc"": ""capital city of the German state of Saxony-Anhalt"", ""score"": 26}, {""qid"": ""Q455960"", ""label"": ""Magdeburg Central Station"", ""desc"": ""railway station in Magdeburg, Germany"", ""score"": 19}, {""qid"": ""Q1883869"", ""label"": ""Magdeburg"", ""desc"": ""2006 Braunschweig-class corvette"", ""score"": 13}, {""qid"": ""Q445520"", ""label"": ""Magdeburg-Altstadt"", ""desc"": ""Stadtteil von Magdeburg, Sachsen-Anhalt"", ""score"": 13}, {""qid"": ""Q183871"", ""label"": ""Magdeburg"", ""desc"": ""mine"", ""score"": 12}, {""qid"": ""Q133855063"", ""label"": ""Magdeburg"", ""desc"": ""family name"", ""score"": 7}, {""qid"": ""Q155546"", ""label"": ""55735 Magdeburg"", ""desc"": ""אסטרואיד"", ""score"": 6}, {""qid"": ""Q212585"", ""label"": ""Magdeburg – Leipzig Messe Süd railway line"", ""desc"": ""railway line in Germany"", ""score"": 6}, {""qid"": ""Q1680521"", ""label"": ""Magdeburger Biographisches Lexikon"", ""desc"": ""Biographisches Nachschlagewerk für Magdeburg"", ""score"": 4}]"
e9fcfda5-6104-4a7c-ac03-55110781a9b8,Mainz,mainz,Q1720,Mainz,26,name_exact|p31_settlement|coords_eu_il|country_DE|has_sitelinks|search_rank_0,Q105254,1. FSV Mainz 05,16,auto,"[{""qid"": ""Q1720"", ""label"": ""Mainz"", ""desc"": ""capital of the federal state Rhineland-Palatinate, Germany"", ""score"": 26}, {""qid"": ""Q105254"", ""label"": ""1. FSV Mainz 05"", ""desc"": ""Bundesliga football club in Germany"", ""score"": 16}, {""qid"": ""Q8569"", ""label"": ""Mainz-Bingen district"", ""desc"": ""district of Rhineland-Palatinate, Germany"", ""score"": 15}, {""qid"": ""Q161982"", ""label"": ""Johannes Gutenberg-Universität Mainz"", ""desc"": ""Universität in Deutschland"", ""score"": 13}, {""qid"": ""Q32067943"", ""label"": ""Mainz"", ""desc"": ""human settlement in Germany"", ""score"": 12}, {""qid"": ""Q284667"", ""label"": ""Electorate of Mainz"", ""desc"": ""territory in the Holy Roman Empire"", ""score"": 9}, {""qid"": ""Q567545"", ""label"": ""Mainz-Kastel"", ""desc"": ""municipal district of the city of Wiesbaden in Hesse, Germany"", ""score"": 9}, {""qid"": ""Q6736845"", ""label"": ""Mainz"", ""desc"": ""deutschsprachige Fachzeitschrift"", ""score"": 7}, {""qid"": ""Q37514101"", ""label"": ""Mainz (family name)"", ""desc"": ""שם משפחה (Mainz)"", ""score"": 6}, {""qid"": ""Q137993053"", ""label"": ""Mainz"", ""desc"": """", ""score"": 5}]"
b5731210-5ebc-4da1-b5b6-01aa8dc86090,Mannheim,mannheim,Q2119,Mannheim,26,name_exact|p31_settlement|coords_eu_il|country_DE|has_sitelinks|search_rank_0,Q27869969,Mannheim,15,auto,"[{""qid"": ""Q2119"", ""label"": ""Mannheim"", ""desc"": ""city in Baden-Württemberg, Germany"", ""score"": 26}, {""qid"": ""Q27869969"", ""label"": ""Mannheim"", ""desc"": ""family name"", ""score"": 15}, {""qid"": ""Q48753607"", ""label"": ""Stadtverwaltung Mannheim"", ""desc"": ""kommunale Selbstverwaltung der Stadt Mannheim"", ""score"": 12}, {""qid"": ""Q4210910"", ""label"": ""Kamianka"", ""desc"": ""village in Vyhoda rural hromada (municipality), Odesa Raion (district), Odesa Oblast, Ukraine"", ""score"": 11}, {""qid"": ""Q111205834"", ""label"": ""Mannheim"", ""desc"": ""locality in Wllmot,Ontario"", ""score"": 11}, {""qid"": ""Q21491929"", ""label"": ""Mannheimer"", ""desc"": ""family name"", ""score"": 10}, {""qid"": ""Q97992583"", ""label"": ""Mannheim"", ""desc"": ""דף קטגוריה"", ""score"": 9}, {""qid"": ""Q5682857"", ""label"": ""243536 Mannheim"", ""desc"": ""אסטרואיד"", ""score"": 6}]"
373fb090-322d-44fe-8fac-54ffc09c4d3f,Marienwerder,marienwerder,Q326582,Kwidzyn,21,alias_exact|coords_eu_il|country_PL|has_sitelinks|search_rank_0,Q543918,Marienwerder,20,manual,"[{""qid"": ""Q326582"", ""label"": ""Kwidzyn"", ""desc"": ""city in northern Poland on the Liwa River"", ""score"": 21}, {""qid"": ""Q543918"", ""label"": ""Marienwerder"", ""desc"": ""municipality in Barnim district, Brandenburg state, Germany"", ""score"": 20}, {""qid"": ""Q1667345"", ""label"": ""Marienwerder"", ""desc"": ""Stadtteil von Hannover im Stadtbezirk Herrenhausen-Stöcken"", ""score"": 18}, {""qid"": ""Q32122543"", ""label"": ""Marienwerder"", ""desc"": """", ""score"": 16}, {""qid"": ""Q98603277"", ""label"": ""Marienwerderstraße"", ""desc"": ""Straße in Hannover im Stadtteil Linden-Mitte"", ""score"": 11}, {""qid"": ""Q404226"", ""label"": ""Marienwerder"", ""desc"": ""דף פירושונים"", ""score"": 7}, {""qid"": ""Q479818"", ""label"": ""Marienwerder Government Region"", ""desc"": ""governmental district of Prussia from 1815 to 1920"", ""score"": 4}, {""qid"": ""Q27586940"", ""label"": ""Marienwerder, Johannes"", ""desc"": ""Artikel in der Allgemeinen Deutschen Biographie"", ""score"": 4}]"
903b4c99-8ce4-49c7-b6f3-58a8db94729c,Mattersdorf,mattersdorf,Q133447645,Mattersdorf,20,name_exact|coords_eu_il|country_AT|has_sitelinks|search_rank_1,Q250832,Mattersburg,17,manual,"[{""qid"": ""Q133447645"", ""label"": ""Mattersdorf"", ""desc"": ""locality in Feldkirchen District, Austria"", ""score"": 20}, {""qid"": ""Q250832"", ""label"": ""Mattersburg"", ""desc"": ""Bezirkshauptstadt im Burgenland"", ""score"": 17}, {""qid"": ""Q106079604"", ""label"": ""Mattersdorf"", ""desc"": ""family name"", ""score"": 15}, {""qid"": ""Q135242897"", ""label"": ""Mattersdorfer Frères"", ""desc"": """", ""score"": 8}, {""qid"": ""Q6789765"", ""label"": ""Mattersdorf"", ""desc"": ""דף פירושונים"", ""score"": 7}, {""qid"": ""Q1527041"", ""label"": ""Mattersdorf-Forchtenstein"", ""desc"": ""Adelsgeschlecht"", ""score"": 6}, {""qid"": ""Q96604137"", ""label"": ""Mattersdorfer Israelitischer Feuerwehrverein"", ""desc"": ""jüdische freiwillige Feuerwehr in Mattersdorf/Mattersburg"", ""score"": 2}]"
fea8b84c-cad6-4041-b93e-89c054a58826,Mesritsch,mesritsch,,,0,,,,0,manual,[]
66cd0b40-d226-4642-96ac-385d8226fa7d,Metz,metz,Q22690,Metz,26,name_exact|p31_settlement|coords_eu_il|country_FR|has_sitelinks|search_rank_0,Q372289,Metz-le-Comte,19,auto,"[{""qid"": ""Q22690"", ""label"": ""Metz"", ""desc"": ""city in Grand Est, France"", ""score"": 26}, {""qid"": ""Q372289"", ""label"": ""Metz-le-Comte"", ""desc"": ""commune in Nièvre, France"", ""score"": 19}, {""qid"": ""Q16876893"", ""label"": ""Metz"", ""desc"": ""Familienname"", ""score"": 13}, {""qid"": ""Q318206"", ""label"": ""Metz"", ""desc"": ""German electronic manufacturer"", ""score"": 13}, {""qid"": ""Q1146113"", ""label"": ""Metz-Robert"", ""desc"": ""commune in Aube, France"", ""score"": 13}, {""qid"": ""Q367093"", ""label"": ""Meteorologische Zeitschrift"", ""desc"": ""Wissenschaftliche Fachzeitschrift"", ""score"": 8}, {""qid"": ""Q55224588"", ""label"": ""Metz"", ""desc"": ""State suburb in New South Wales, Australia"", ""score"": 5}]"
0d019cc7-72fa-4e77-b9d9-9e401780db3b,Minkowce,minkowce,Q5288827,Minkowce,22,name_exact|coords_eu_il|country_PL|has_sitelinks|search_rank_0,Q2089710,"Mynkivtsi, Dunaivtsi Raion",19,manual,"[{""qid"": ""Q5288827"", ""label"": ""Minkowce"", ""desc"": ""village in Podlaskie, Poland"", ""score"": 22}, {""qid"": ""Q2089710"", ""label"": ""Mynkivtsi, Dunaivtsi Raion"", ""desc"": ""village in Dunaivtsi Raion, Khmelnytsky Oblast, Ukraine"", ""score"": 19}, {""qid"": ""Q13033328"", ""label"": ""Minkaŭcy"", ""desc"": ""hamlet in Belarus"", ""score"": 17}, {""qid"": ""Q4295358"", ""label"": ""Minkivtsi"", ""desc"": ""village in Dubno Raion, Rivne Oblast, Ukraine"", ""score"": 13}, {""qid"": ""Q30007980"", ""label"": ""Minkovtsy Ghetto"", ""desc"": """", ""score"": 9}]"
99a8d4cc-11d5-4a23-955a-fd8e2bbf0372,Mohilev,mohilev,Q154835,Mahilyow,25,alias_exact|p31_settlement|coords_eu_il|country_BY|has_sitelinks|search_rank_0,Q2995139,Metropolitan Archdiocese of Mohilev,12,auto,"[{""qid"": ""Q154835"", ""label"": ""Mahilyow"", ""desc"": ""city in Belarus, capital of Mahilyow region, on Dniapro River"", ""score"": 25}, {""qid"": ""Q2995139"", ""label"": ""Metropolitan Archdiocese of Mohilev"", ""desc"": ""Catholic ecclesiastical territory"", ""score"": 12}, {""qid"": ""Q48771"", ""label"": ""Samuel Mohilever"", ""desc"": ""polnischer Rabbiner, Mitbegründer des religiösen Zionismus"", ""score"": 10}, {""qid"": ""Q4299096"", ""label"": ""Mogilever"", ""desc"": ""Wikimedia disambiguation page"", ""score"": 8}]"
3b3c554f-2cbf-4280-a7f6-38648faf154e,Münden,munden,Q165380,Hann. Münden,23,alias_exact|p31_settlement|coords_eu_il|country_DE|has_sitelinks|search_rank_1,Q1305418,Münden,16,auto,"[{""qid"": ""Q165380"", ""label"": ""Hann. Münden"", ""desc"": ""am Zusammenfluss von Fulda und Werra zur Weser gelegene südlichste Stadt Niedersachsens im Kreis Göttingen"", ""score"": 23}, {""qid"": ""Q1305418"", ""label"": ""Münden"", ""desc"": ""former district of Germany"", ""score"": 16}, {""qid"": ""Q106120170"", ""label"": ""Münden"", ""desc"": ""family name"", ""score"": 15}, {""qid"": ""Q1843504"", ""label"": ""Munden"", ""desc"": ""human settlement in Republic County, Kansas, United States of America"", ""score"": 13}, {""qid"": ""Q527309"", ""label"": ""Naturpark Münden"", ""desc"": ""Naturpark in Niedersachsen, Deutschland"", ""score"": 13}, {""qid"": ""Q330346"", ""label"": ""Ústí nad Bečvou"", ""desc"": ""Gemeinde in Tschechien"", ""score"": 11}, {""qid"": ""Q37082760"", ""label"": ""Munden"", ""desc"": ""family name"", ""score"": 7}]"
db2c57f8-00a3-4adc-ab93-91221d3e923c,Munich,munich,Q1726,Munich,26,name_exact|p31_settlement|coords_eu_il|country_DE|has_sitelinks|search_rank_0,Q15789,FC Bayern Munich,16,auto,"[{""qid"": ""Q1726"", ""label"": ""Munich"", ""desc"": ""capital and most populous city of Bavaria, Germany"", ""score"": 26}, {""qid"": ""Q15789"", ""label"": ""FC Bayern Munich"", ""desc"": ""association football club in Munich, Germany"", ""score"": 16}, {""qid"": ""Q1053735"", ""label"": ""Munich Central Collecting Point"", ""desc"": ""in Nachkriegszeit von US-Militärregierung in München eingerichtete zentrale Sammelstelle für aufgefundene Kunstwerke des nationalsozialistischen Kunstraubs für süddeutschen Raum"", ""score"": 10}, {""qid"": ""Q8438"", ""label"": ""1972 Summer Olympics"", ""desc"": ""Games of the XX Olympiad, in Munich, West Germany"", ""score"": 10}, {""qid"": ""Q154568"", ""label"": ""Alte Pinakothek"", ""desc"": ""art museum in Munich, Germany"", ""score"": 9}, {""qid"": ""Q37536622"", ""label"": ""Munich"", ""desc"": ""שם משפחה (Munich)"", ""score"": 7}, {""qid"": ""Q152456"", ""label"": ""Munich"", ""desc"": ""Film von Steven Spielberg (2005)"", ""score"": 7}, {""qid"": ""Q1152602"", ""label"": ""Munich"", ""desc"": ""Single von Editors"", ""score"": 7}, {""qid"": ""Q1300313"", ""label"": ""Munich"", ""desc"": ""עיר בארצות הברית"", ""score"": 7}]"
cc52cf50-4e00-46b5-9e7d-a550c04fcda7,Nancy,nancy,Q40898,Nancy,24,name_exact|p31_settlement|coords_eu_il|has_sitelinks|search_rank_0,Q2102316,Nancy,15,auto,"[{""qid"": ""Q40898"", ""label"": ""Nancy"", ""desc"": ""city and commune in Meurthe-et-Moselle, Grand Est, France"", ""score"": 24}, {""qid"": ""Q2102316"", ""label"": ""Nancy"", ""desc"": ""weiblicher Vorname"", ""score"": 15}, {""qid"": ""Q21506899"", ""label"": ""Nancy"", ""desc"": ""family name"", ""score"": 13}, {""qid"": ""Q96759397"", ""label"": ""Nancy"", ""desc"": ""vocal track by Frank Sinatra; 1963 studio re-recording"", ""score"": 9}, {""qid"": ""Q582392"", ""label"": ""2056 Nancy"", ""desc"": ""אסטרואיד"", ""score"": 8}, {""qid"": ""Q18116606"", ""label"": ""Nancy"", ""desc"": ""זמרת דרום קוריאנית"", ""score"": 7}, {""qid"": ""Q229211"", ""label"": ""Nancy Cartwright"", ""desc"": ""American actress"", ""score"": 4}]"
27dd9a7b-da8e-4cdf-bb58-6b879219ba20,Netivot,netivot,Q167649,Netivot,26,name_exact|p31_settlement|coords_eu_il|country_IL|has_sitelinks|search_rank_0,Q6586557,Netivot Railway Station,19,auto,"[{""qid"": ""Q167649"", ""label"": ""Netivot"", ""desc"": ""city in Israel"", ""score"": 26}, {""qid"": ""Q6586557"", ""label"": ""Netivot Railway Station"", ""desc"": ""railway station in Israel"", ""score"": 19}, {""qid"": ""Q6580108"", ""label"": ""Netivot Municipal Stadium"", ""desc"": ""football stadium in Netivot"", ""score"": 11}, {""qid"": ""Q93576848"", ""label"": ""Nesivos HaMishpat"", ""desc"": """", ""score"": 10}, {""qid"": ""Q123746728"", ""label"": ""Netivot Hashalom"", ""desc"": ""book by Moses Mendelssohn"", ""score"": 8}]"
b22f4cad-b3ae-4913-a6b2-b1eba9340dd6,Neuhaus,neuhaus,Q368929,Jindřichův Hradec,19,alias_exact|coords_eu_il|country_CZ|has_sitelinks|search_rank_1,Q1427820,Neuhaus,18,manual,"[{""qid"": ""Q368929"", ""label"": ""Jindřichův Hradec"", ""desc"": ""town in the Czech Republic"", ""score"": 19}, {""qid"": ""Q1427820"", ""label"": ""Neuhaus"", ""desc"": ""Ortschaft im Bezirk Baden"", ""score"": 18}, {""qid"": ""Q1980586"", ""label"": ""Neuhaus"", ""desc"": ""family name"", ""score"": 17}, {""qid"": ""Q698544"", ""label"": ""Neuhaus"", ""desc"": ""municipality in Völkermarkt District, Carinthia, Austria"", ""score"": 14}, {""qid"": ""Q114341990"", ""label"": ""Neuhaus"", ""desc"": ""human settlement in Scheibbs District"", ""score"": 14}, {""qid"": ""Q1813801"", ""label"": ""Neuhaus"", ""desc"": ""Belgian chocolaterie"", ""score"": 13}, {""qid"": ""Q509293"", ""label"": ""Neuhaus"", ""desc"": ""municipality of Germany"", ""score"": 12}]"
7c10f0aa-fa9a-467a-85e1-7c4069a1d2ff,Neustrelitz,neustrelitz,Q20352,Neustrelitz,26,name_exact|p31_settlement|coords_eu_il|country_DE|has_sitelinks|search_rank_0,Q678650,Neustrelitz Central Station,19,auto,"[{""qid"": ""Q20352"", ""label"": ""Neustrelitz"", ""desc"": ""town in Mecklenburg-Vorpommern, Germany"", ""score"": 26}, {""qid"": ""Q678650"", ""label"": ""Neustrelitz Central Station"", ""desc"": ""railway station in Germany"", ""score"": 19}, {""qid"": ""Q1469425"", ""label"": ""Neustrelitz"", ""desc"": ""דף פירושונים"", ""score"": 13}, {""qid"": ""Q20331"", ""label"": ""Neustrelitz-Land"", ""desc"": ""Amt in Mecklenburg-Vorpommern, Germany"", ""score"": 11}, {""qid"": ""Q802870"", ""label"": ""Neustrelitz–Warnemünde railway line"", ""desc"": ""railway line in Germany"", ""score"": 10}, {""qid"": ""Q121322987"", ""label"": ""Neustrelitz Süd train station"", ""desc"": ""railway station in Mecklenburg-Vorpommern"", ""score"": 9}, {""qid"": ""Q61452473"", ""label"": ""Neustrelitzer Kleinseenplatte"", ""desc"": ""Landschaftsschutzgebiet in Mecklenburg-Vorpommern"", ""score"": 9}, {""qid"": ""Q1981741"", ""label"": ""Neustrelitzer Kleinseenland"", ""desc"": ""Landschaft in Mecklenburg-Vorpommern"", ""score"": 6}]"
5f383918-1ef1-4a2d-829d-ba5072dd70d9,Neuwied,neuwied,Q3967,Neuwied,26,name_exact|p31_settlement|coords_eu_il|country_DE|has_sitelinks|search_rank_0,Q8606,Neuwied,20,auto,"[{""qid"": ""Q3967"", ""label"": ""Neuwied"", ""desc"": ""town in Rhineland-Palatinate, Germany"", ""score"": 26}, {""qid"": ""Q8606"", ""label"": ""Neuwied"", ""desc"": ""district of Rhineland-Palatinate, Germany"", ""score"": 20}, {""qid"": ""Q32185007"", ""label"": ""Neuwied"", ""desc"": ""Siedlungskern von Neuwied in Rheinland-Pfalz, Deutschland"", ""score"": 20}, {""qid"": ""Q25423186"", ""label"": ""Neuwied"", ""desc"": """", ""score"": 13}, {""qid"": ""Q801248"", ""label"": ""Bahnhof Neuwied"", ""desc"": ""Bahnhof in Deutschland an der rechten Rheinstrecke"", ""score"": 11}, {""qid"": ""Q134031"", ""label"": ""Neuwiedia"", ""desc"": ""genus of plants"", ""score"": 10}, {""qid"": ""Q127430830"", ""label"": ""Neuwied"", ""desc"": ""The mint(s) at the City of Neuwied, National State of Rhineland-Palatinate, Germany"", ""score"": 10}, {""qid"": ""Q289279"", ""label"": ""Neuwiedia zollingeri"", ""desc"": ""species of plant"", ""score"": 6}]"
0280fe90-45af-4247-a0a8-b7440f0db132,Neuzedlisch,neuzedlisch,,,0,,,,0,manual,[]
afa590a4-f85c-4979-b90c-15e7d407be53,New York,new-york,Q60,ניו יורק,18,"alias_exact|p31_settlement|coords_outside(40.7,-74.0)|has_sitelinks|search_rank_1",Q1384,New York,17,manual,"[{""qid"": ""Q60"", ""label"": ""ניו יורק"", ""desc"": ""עיר בארצות הברית"", ""score"": 18}, {""qid"": ""Q1384"", ""label"": ""New York"", ""desc"": ""state of the United States of America"", ""score"": 17}, {""qid"": ""Q1507987"", ""label"": ""New York"", ""desc"": ""American magazine on life, culture, politics, and style, focusing on New York City"", ""score"": 13}, {""qid"": ""Q49210"", ""label"": ""New York University"", ""desc"": ""Universität in den Vereinigten Staaten"", ""score"": 8}, {""qid"": ""Q2720168"", ""label"": ""New York"", ""desc"": ""אלבום מאת לו ריד"", ""score"": 7}, {""qid"": ""Q13677"", ""label"": ""New York Stock Exchange"", ""desc"": ""American stock exchange"", ""score"": 6}, {""qid"": ""Q769668"", ""label"": ""פרובינציית ניו יורק"", ""desc"": ""former colony in North America, part of Great Britain"", ""score"": 6}, {""qid"": ""Q188984"", ""label"": ""New York Rangers"", ""desc"": ""hockey team of the National Hockey League"", ""score"": 4}, {""qid"": ""Q27712362"", ""label"": ""New York State Journal of Medicine"", ""desc"": ""wissenschaftliche Fachzeitschrift"", ""score"": 2}]"
80508a1f-1548-492d-b99a-b5da73cd1d15,Nikolsburg,nikolsburg,Q682544,Mikulov,21,alias_exact|coords_eu_il|country_CZ|has_sitelinks|search_rank_0,Q7036437,Nikolsburg,15,auto,"[{""qid"": ""Q682544"", ""label"": ""Mikulov"", ""desc"": ""town in the Czech Republic"", ""score"": 21}, {""qid"": ""Q7036437"", ""label"": ""Nikolsburg"", ""desc"": ""Hasidic dynasties"", ""score"": 15}, {""qid"": ""Q1991930"", ""label"": ""Nikolsburger Platz"", ""desc"": ""square in Berlin-Wilmersdorf"", ""score"": 15}, {""qid"": ""Q21777233"", ""label"": ""Nikolsburger Straße"", ""desc"": ""street in Berlin-Wilmersdorf, Germany"", ""score"": 13}, {""qid"": ""Q1572275"", ""label"": ""Mikulovská vrchovina"", ""desc"": ""Gebirgszug"", ""score"": 9}, {""qid"": ""Q106630699"", ""label"": ""Nikolsburg-Monsey"", ""desc"": ""American Hasidic dynasty"", ""score"": 6}]"
a3332362-420c-46fd-8bf2-cfbff57fb5e5,Nimwegen,nimwegen,Q13188714,Nimwegen,22,name_exact|p31_settlement|coords_eu_il|country_NL|has_sitelinks|search_rank_2,Q47887,Nijmegen,19,manual,"[{""qid"": ""Q13188714"", ""label"": ""Nimwegen"", ""desc"": ""Stadt in den Niederlanden"", ""score"": 22}, {""qid"": ""Q47887"", ""label"": ""Nijmegen"", ""desc"": ""Gemeinde in der niederländischen Provinz Gelderland"", ""score"": 19}, {""qid"": ""Q137870484"", ""label"": ""Nimwegen"", ""desc"": ""family name"", ""score"": 15}, {""qid"": ""Q130562216"", ""label"": ""Nimwegener Straße"", ""desc"": ""street in Neuss, North Rhine-Westphalia, Germany"", ""score"": 11}, {""qid"": ""Q1472255"", ""label"": ""Nijmegenmarsch"", ""desc"": ""viertägige Marschveranstaltung, die jährlich am 3. Dienstag im Juli in Nijmegen beginnt"", ""score"": 8}, {""qid"": ""Q109732107"", ""label"": ""Nimwegenstraße"", ""desc"": ""street in Neustadt in Holstein, Schleswig-Holstein, Germany"", ""score"": 4}]"
3d2309e7-1c5e-4715-8b7c-c6abb4a6880d,Nowy Dwor Mazowiecki,nowy-dwor-mazowiecki,Q690039,Nowy Dwór Mazowiecki,22,name_exact|coords_eu_il|country_PL|has_sitelinks|search_rank_0,Q587229,Nowy Dwór Mazowiecki railway station,19,manual,"[{""qid"": ""Q690039"", ""label"": ""Nowy Dwór Mazowiecki"", ""desc"": ""city and urban gmina of Poland"", ""score"": 22}, {""qid"": ""Q587229"", ""label"": ""Nowy Dwór Mazowiecki railway station"", ""desc"": ""railway station in Nowy Dwór Mazowiecki, Poland"", ""score"": 19}, {""qid"": ""Q1135390"", ""label"": ""Powiat Nowodworski"", ""desc"": ""Powiat in der polnischen Woiwodschaft Masowien"", ""score"": 17}, {""qid"": ""Q33698347"", ""label"": ""Nowy Dwór Mazowiecki"", ""desc"": """", ""score"": 16}, {""qid"": ""Q11785890"", ""label"": ""Nowy Dwór Mazowiecki Bridge"", ""desc"": ""Straßenbrücke in Nowy Dwór Mazowiecki, Polen"", ""score"": 11}]"
30aa3b00-e796-428c-ab17-8573b230f398,Nuremberg,nuremberg,Q2090,Nuremberg,26,name_exact|p31_settlement|coords_eu_il|country_DE|has_sitelinks|search_rank_0,Q160721,Nuremberg Medical Trial,13,auto,"[{""qid"": ""Q2090"", ""label"": ""Nuremberg"", ""desc"": ""city in the German state of Bavaria"", ""score"": 26}, {""qid"": ""Q160721"", ""label"": ""Nuremberg Medical Trial"", ""desc"": ""first of 12 U.S. war crimes trials in Nuremberg"", ""score"": 13}, {""qid"": ""Q124393313"", ""label"": ""נירנברג (סרט, 2025)"", ""desc"": ""2025 film directed by James Vanderbilt"", ""score"": 12}, {""qid"": ""Q1803365"", ""label"": ""Nuremberg"", ""desc"": ""former district of Germany"", ""score"": 12}, {""qid"": ""Q78909371"", ""label"": ""Nuremberg Trials Project"", ""desc"": ""Harvard Law School Library website on the Nuremberg Trials"", ""score"": 10}, {""qid"": ""Q15786"", ""label"": ""1. FC Nürnberg"", ""desc"": ""Sportverein aus Nürnberg, Bayern"", ""score"": 10}, {""qid"": ""Q1181674"", ""label"": ""Nuremberg"", ""desc"": ""CDP in Luzerene and Schuylkill Counties, Pennsylvania"", ""score"": 7}, {""qid"": ""Q248392"", ""label"": ""Nuremberg"", ""desc"": ""2000 miniseries directed by Yves Simoneau"", ""score"": 7}, {""qid"": ""Q110140881"", ""label"": ""נירנברג"", ""desc"": ""סרט דרמה רוסי"", ""score"": 6}]"
9329af8c-6d1d-4937-aeec-0edfaff03f93,Ofen,ofen,Q193478,Buda,23,alias_exact|p31_settlement|coords_eu_il|country_HU|has_sitelinks|search_rank_1,Q1781,Budapest,21,manual,"[{""qid"": ""Q193478"", ""label"": ""Buda"", ""desc"": ""western part of Budapest, Hungary, former independent city"", ""score"": 23}, {""qid"": ""Q1781"", ""label"": ""Budapest"", ""desc"": ""capital and largest city of Hungary"", ""score"": 21}, {""qid"": ""Q1374003"", ""label"": ""Ofen"", ""desc"": ""mountain in Glarner Alps, Switzerland"", ""score"": 18}, {""qid"": ""Q3309"", ""label"": ""Peč"", ""desc"": ""mountain in the Karawanken"", ""score"": 13}, {""qid"": ""Q2015381"", ""label"": ""Ofen"", ""desc"": ""human settlement in Germany"", ""score"": 12}, {""qid"": ""Q203789"", ""label"": ""Ofen"", ""desc"": ""Wärmegerät"", ""score"": 11}, {""qid"": ""Q36539"", ""label"": ""Ofen"", ""desc"": ""Backtechnik"", ""score"": 7}, {""qid"": ""Q29380907"", ""label"": ""Ofenbach"", ""desc"": ""French house music duo"", ""score"": 6}]"
e62fa0a0-b9df-4d62-b83b-b593ec428899,Offenbach,offenbach,Q3042,Offenbach am Main,25,alias_exact|p31_settlement|coords_eu_il|country_DE|has_sitelinks|search_rank_0,Q7912,מחוז אופנבאך,17,auto,"[{""qid"": ""Q3042"", ""label"": ""Offenbach am Main"", ""desc"": ""city in Hesse, Germany"", ""score"": 25}, {""qid"": ""Q7912"", ""label"": ""מחוז אופנבאך"", ""desc"": ""מחוז בהסן, גרמניה"", ""score"": 17}, {""qid"": ""Q2015489"", ""label"": ""Offenbach"", ""desc"": ""Ortsteil der Gemeinde Mittenaar"", ""score"": 16}, {""qid"": ""Q32205427"", ""label"": ""Offenbach"", ""desc"": ""Siedlungskern von Offenbach am Main"", ""score"": 16}, {""qid"": ""Q2015487"", ""label"": ""Offenbach"", ""desc"": ""Quebec rock band"", ""score"": 15}, {""qid"": ""Q128984530"", ""label"": ""Offenbach"", ""desc"": ""Creek and tributary stream of the Rohrbach near Plankenwarth in Styria"", ""score"": 10}, {""qid"": ""Q37522780"", ""label"": ""Offenbach"", ""desc"": ""שם משפחה (Offenbach)"", ""score"": 9}, {""qid"": ""Q3349511"", ""label"": ""Offenbach"", ""desc"": ""1977 album by Offenbach"", ""score"": 7}, {""qid"": ""Q1090082"", ""label"": ""10820 Offenbach"", ""desc"": ""אסטרואיד"", ""score"": 6}]"
b0b854c6-988e-4073-9332-107d84914c9a,Paris,paris,Q90,Paris,26,name_exact|p31_settlement|coords_eu_il|country_FR|has_sitelinks|search_rank_0,Q483020,Paris Saint-Germain FC,16,auto,"[{""qid"": ""Q90"", ""label"": ""Paris"", ""desc"": ""capital and most populous city in France"", ""score"": 26}, {""qid"": ""Q483020"", ""label"": ""Paris Saint-Germain FC"", ""desc"": ""association football club in Paris, France having two UCL"", ""score"": 16}, {""qid"": ""Q18331346"", ""label"": ""Paris"", ""desc"": ""Familienname"", ""score"": 13}, {""qid"": ""Q830149"", ""label"": ""Paris"", ""desc"": ""city in and county seat of Lamar County, Texas, United States"", ""score"": 11}, {""qid"": ""Q1158980"", ""label"": ""Paris"", ""desc"": ""geschlechtsneutraler Vorname"", ""score"": 9}, {""qid"": ""Q162121"", ""label"": ""Paris"", ""desc"": ""genus of plants"", ""score"": 7}]"
4f0c267d-b7b3-4dce-8963-eb3566d42224,Pest,pest,Q210205,Pest,26,name_exact|p31_settlement|coords_eu_il|country_HU|has_sitelinks|search_rank_0,Q1781,Budapest,19,auto,"[{""qid"": ""Q210205"", ""label"": ""Pest"", ""desc"": ""eastern part of Budapest, Hungary, former independent city (–1873)"", ""score"": 26}, {""qid"": ""Q1781"", ""label"": ""Budapest"", ""desc"": ""capital and largest city of Hungary"", ""score"": 19}, {""qid"": ""Q18123741"", ""label"": ""infectious disease"", ""desc"": ""disease caused by infection of pathogenic biological agents in a host organism"", ""score"": 10}, {""qid"": ""Q131656"", ""label"": ""Pestizid"", ""desc"": ""chemisches Schädlingsbekämpfungsmittel"", ""score"": 8}, {""qid"": ""Q219174"", ""label"": ""מזיקים"", ""desc"": ""living organism detrimental to humans or human concerns"", ""score"": 8}, {""qid"": ""Q133780"", ""label"": ""Pest"", ""desc"": ""hochgradig ansteckende Infektionskrankheit"", ""score"": 7}, {""qid"": ""Q987269"", ""label"": ""שרצים"", ""desc"": ""מזיקים שהפיצו מחלות או השמידו יבולים או בעלי חיים"", ""score"": 6}, {""qid"": ""Q112041125"", ""label"": ""Pest"", ""desc"": ""שם משפחה (Pest)"", ""score"": 5}, {""qid"": ""Q3005872"", ""label"": ""Pestalotiopsis"", ""desc"": ""genus of fungi"", ""score"": 4}, {""qid"": ""Q1828807"", ""label"": ""Pest Management Science"", ""desc"": ""wissenschaftliche Fachzeitschrift"", ""score"": 4}]"
c751a6bb-4809-47d3-b0a5-271d8acf597e,Pfalz,pfalz,Q22880,Electoral Palatinate,19,alias_exact|coords_eu_il|has_sitelinks|search_rank_0,Q326359,פפאלץ,19,manual,"[{""qid"": ""Q22880"", ""label"": ""Electoral Palatinate"", ""desc"": ""state of the Holy Roman Empire (1085–1803)"", ""score"": 19}, {""qid"": ""Q326359"", ""label"": ""פפאלץ"", ""desc"": ""אזור היסטורי בדרום-מערב גרמניה"", ""score"": 19}, {""qid"": ""Q32222683"", ""label"": ""Pfalz"", ""desc"": """", ""score"": 18}, {""qid"": ""Q696951"", ""label"": ""Pfalzgrafenstein Castle"", ""desc"": ""טירה בגרמניה"", ""score"": 13}, {""qid"": ""Q1796442"", ""label"": ""kaiserpfalz"", ""desc"": ""also known as königspfalz, a castle which was a temporary seat of power for the Holy Roman Emperor in the Early and High Middle Ages"", ""score"": 10}, {""qid"": ""Q123483196"", ""label"": ""Pfalz"", ""desc"": ""family name"", ""score"": 7}, {""qid"": ""Q23864970"", ""label"": ""Pfalz"", ""desc"": ""article in Otto's encyclopedia"", ""score"": 7}, {""qid"": ""Q2991489"", ""label"": ""Pfalzgrafschaft"", ""desc"": ""Territorium eines Pfalzgrafen"", ""score"": 6}]"
a76730cd-4ba5-4d45-9637-1c0ea67bdbd0,Pinczow,pinczow,Q275592,Pińczów,26,name_exact|p31_settlement|coords_eu_il|country_PL|has_sitelinks|search_rank_0,Q119729,Pińczów County,19,auto,"[{""qid"": ""Q275592"", ""label"": ""Pińczów"", ""desc"": ""town in Poland"", ""score"": 26}, {""qid"": ""Q119729"", ""label"": ""Pińczów County"", ""desc"": ""powiat of Poland"", ""score"": 19}, {""qid"": ""Q553744"", ""label"": ""Gmina Pińczów"", ""desc"": ""urban-rural gmina of Poland"", ""score"": 11}, {""qid"": ""Q106069967"", ""label"": ""Pinczower"", ""desc"": ""שם משפחה (Pinczower)"", ""score"": 8}, {""qid"": ""Q106120590"", ""label"": ""Pinczowský"", ""desc"": ""שם משפחה (Pinczowský)"", ""score"": 6}, {""qid"": ""Q106529161"", ""label"": ""Pinczowski"", ""desc"": ""שם משפחה"", ""score"": 4}, {""qid"": ""Q106454298"", ""label"": ""Pinczowská"", ""desc"": ""שם משפחה"", ""score"": 2}]"
72bc0dfb-d207-4b92-abef-6c361e8ff858,Pirnitz,pirnitz,Q950352,Brtnice,21,alias_exact|coords_eu_il|country_CZ|has_sitelinks|search_rank_0,Q23865847,Pirnitz,15,auto,"[{""qid"": ""Q950352"", ""label"": ""Brtnice"", ""desc"": ""town in the Czech Republic"", ""score"": 21}, {""qid"": ""Q23865847"", ""label"": ""Pirnitz"", ""desc"": ""article in Otto's encyclopedia"", ""score"": 15}, {""qid"": ""Q17444452"", ""label"": ""Pirnitzer Hügelland"", ""desc"": ""geomorphologische Substruktur"", ""score"": 15}, {""qid"": ""Q1236591"", ""label"": ""Pirnitzer áruház"", ""desc"": """", ""score"": 10}]"
45eaaa97-a334-4546-9c2c-cd1cd232a855,Polen,polen,Q36,Polen,18,name_exact|coords_eu_il|country_PL|has_sitelinks|search_rank_2,Q12505991,Polen,17,manual,"[{""qid"": ""Q36"", ""label"": ""Polen"", ""desc"": ""Staat in Mitteleuropa"", ""score"": 18}, {""qid"": ""Q12505991"", ""label"": ""Polen"", ""desc"": ""district in South Central Timor Regency, East Nusa Tenggara Province, Indonesia"", ""score"": 17}, {""qid"": ""Q2101265"", ""label"": ""Poleň"", ""desc"": ""village in Klatovy District of Plzeň region"", ""score"": 14}, {""qid"": ""Q82704692"", ""label"": ""Polen"", ""desc"": ""שם פרטי של אישה (Polen)"", ""score"": 13}, {""qid"": ""Q2735906"", ""label"": ""Polen"", ""desc"": ""hamlet in Eemsdelta and Het Hogeland, Netherlands"", ""score"": 12}, {""qid"": ""Q37435164"", ""label"": ""Polen"", ""desc"": ""שם משפחה (Polen)"", ""score"": 11}, {""qid"": ""Q1026"", ""label"": ""Polen"", ""desc"": ""westslawische Ethnie in Europa"", ""score"": 9}, {""qid"": ""Q172107"", ""label"": ""Polen-Litauen"", ""desc"": ""Adelsrepublik, historischer feudaler Ständestaat und Wahlkönigtum (1569–1795)"", ""score"": 7}, {""qid"": ""Q6081592"", ""label"": ""Polen"", ""desc"": ""2001 studio album by Lynda"", ""score"": 7}]"
a3f7b989-5965-4d52-8498-29632061b3e9,Porizk,porizk,Q56561880,Pořízka,14,alias_partial|has_sitelinks|search_rank_0,Q236154,Paulina Porizkova,12,manual,"[{""qid"": ""Q56561880"", ""label"": ""Pořízka"", ""desc"": ""family name"", ""score"": 14}, {""qid"": ""Q236154"", ""label"": ""Paulina Porizkova"", ""desc"": ""tschechische und US-Amerikanische Fotomodell und Schauspielerin"", ""score"": 12}, {""qid"": ""Q105070526"", ""label"": ""Pořízka of Jestřebí"", ""desc"": ""noble family in Moravia"", ""score"": 10}, {""qid"": ""Q65962014"", ""label"": ""Pořízek"", ""desc"": ""family name"", ""score"": 6}]"
fc68ece9-1993-4389-848c-c9f979885540,Posen,posen,Q268,Poznań,25,alias_exact|p31_settlement|coords_eu_il|country_PL|has_sitelinks|search_rank_0,Q37454791,Posen,15,auto,"[{""qid"": ""Q268"", ""label"": ""Poznań"", ""desc"": ""capital of the Greater Poland Voivodeship in west-central Poland"", ""score"": 25}, {""qid"": ""Q37454791"", ""label"": ""Posen"", ""desc"": ""family name"", ""score"": 15}, {""qid"": ""Q635253"", ""label"": ""Province of Posen"", ""desc"": ""province of Prussia (1848–1920)"", ""score"": 15}, {""qid"": ""Q2105612"", ""label"": ""Posen"", ""desc"": ""Ortsteil von Knau"", ""score"": 12}, {""qid"": ""Q2552416"", ""label"": ""Posen"", ""desc"": ""Ort im US-Bundesstaat Illinois"", ""score"": 11}, {""qid"": ""Q78847621"", ""label"": ""Posen"", ""desc"": ""Artikel in: Die Gartenlaube, 1889, Heft 40"", ""score"": 7}, {""qid"": ""Q2454590"", ""label"": ""Posen"", ""desc"": ""human settlement in Presque Isle County, Michigan, United States of America"", ""score"": 7}, {""qid"": ""Q59829346"", ""label"": ""Posener"", ""desc"": ""family name"", ""score"": 6}]"
b46c2856-7928-4781-b5f7-a5876d932599,Potsdam,potsdam,Q1711,Potsdam,26,name_exact|p31_settlement|coords_eu_il|country_DE|has_sitelinks|search_rank_0,Q647973,Potsdam central station,19,auto,"[{""qid"": ""Q1711"", ""label"": ""Potsdam"", ""desc"": ""capital city of the German state of Brandenburg"", ""score"": 26}, {""qid"": ""Q647973"", ""label"": ""Potsdam central station"", ""desc"": ""central railway station in Potsdam, Germany"", ""score"": 19}, {""qid"": ""Q1022943"", ""label"": ""Potsdam"", ""desc"": ""Ort im US-Bundesstaat New York"", ""score"": 13}, {""qid"": ""Q6142"", ""label"": ""Potsdam-Mittelmark District"", ""desc"": ""district in Brandenburg state, Germany"", ""score"": 13}, {""qid"": ""Q2029716"", ""label"": ""Potsdam"", ""desc"": ""village in Miami County, Ohio"", ""score"": 9}, {""qid"": ""Q113290497"", ""label"": ""Potsdam"", ""desc"": ""warship (GDR)"", ""score"": 7}, {""qid"": ""Q3477816"", ""label"": ""Potsdam"", ""desc"": ""village in New York, United States"", ""score"": 7}]"
6d8abc02-c423-4972-8802-f9a4af90d733,Prag,prag,Q1085,Prague,25,alias_exact|p31_settlement|coords_eu_il|country_CZ|has_sitelinks|search_rank_0,Q992285,Prag,22,manual,"[{""qid"": ""Q1085"", ""label"": ""Prague"", ""desc"": ""capital city of the Czech Republic"", ""score"": 25}, {""qid"": ""Q992285"", ""label"": ""Prag"", ""desc"": """", ""score"": 22}, {""qid"": ""Q36933611"", ""label"": ""Prag"", ""desc"": ""שם משפחה (Prag)"", ""score"": 15}, {""qid"": ""Q31519"", ""label"": ""Karls-Universität Prag"", ""desc"": ""älteste und größte Universität Tschechiens (gegründet 1348)"", ""score"": 13}, {""qid"": ""Q28162456"", ""label"": ""Prag"", ""desc"": ""human settlement in Germany"", ""score"": 12}, {""qid"": ""Q973974"", ""label"": ""Prag 1"", ""desc"": ""Verwaltungseinheit in Prag"", ""score"": 11}, {""qid"": ""Q1089625"", ""label"": ""Pragian"", ""desc"": ""second stage and age of the Lower Devonian Series / Early Devonian Epoch"", ""score"": 9}, {""qid"": ""Q5391163"", ""label"": ""Prag"", ""desc"": ""German pop rock band"", ""score"": 7}, {""qid"": ""Q12046813"", ""label"": ""Prag XI"", ""desc"": """", ""score"": 6}, {""qid"": ""Q138603876"", ""label"": ""Prag"", ""desc"": ""painting by Hanns Ludwig Katz"", ""score"": 5}]"
b4ee50ad-ffb9-4fbb-b46f-caf5c393b0d9,Prague,prague,Q1085,Prague,26,name_exact|p31_settlement|coords_eu_il|country_CZ|has_sitelinks|search_rank_0,Q31519,Charles University,17,auto,"[{""qid"": ""Q1085"", ""label"": ""Prague"", ""desc"": ""capital city of the Czech Republic"", ""score"": 26}, {""qid"": ""Q31519"", ""label"": ""Charles University"", ""desc"": ""oldest and largest university in the Czech Republic"", ""score"": 17}, {""qid"": ""Q1953283"", ""label"": ""Prague"", ""desc"": ""Stadt im US-Bundesstaat Oklahoma"", ""score"": 13}, {""qid"": ""Q121755980"", ""label"": ""Prague"", ""desc"": ""family name"", ""score"": 9}, {""qid"": ""Q5969542"", ""label"": ""Prague"", ""desc"": ""Japanese three-piece rock band"", ""score"": 9}, {""qid"": ""Q973974"", ""label"": ""Prague 1"", ""desc"": ""administrative district, municipal district and municipal part of Prague"", ""score"": 9}, {""qid"": ""Q2084234"", ""label"": ""Prague"", ""desc"": ""village in Saunders County, Nebraska, United States"", ""score"": 7}]"
4fd103f7-fd70-42e5-b4a1-edacf45d2db0,Prenzlau,prenzlau,Q537214,Prenzlau,26,name_exact|p31_settlement|coords_eu_il|country_DE|has_sitelinks|search_rank_0,Q313186,Prenzlauer Berg,15,auto,"[{""qid"": ""Q537214"", ""label"": ""Prenzlau"", ""desc"": ""town and administrative seat of Uckermark district, Brandenburg state, Germany"", ""score"": 26}, {""qid"": ""Q313186"", ""label"": ""Prenzlauer Berg"", ""desc"": ""locality of Berlin"", ""score"": 15}, {""qid"": ""Q870260"", ""label"": ""Prenzlau"", ""desc"": ""עיירה באוסטרליה"", ""score"": 15}, {""qid"": ""Q106120755"", ""label"": ""Prenzlau"", ""desc"": ""family name"", ""score"": 13}, {""qid"": ""Q32235665"", ""label"": ""Prenzlau"", ""desc"": """", ""score"": 12}, {""qid"": ""Q323587"", ""label"": ""Bahnhof Prenzlau"", ""desc"": ""Bahnhof in Brandenburg im Landkreis Uckermark"", ""score"": 11}, {""qid"": ""Q127431067"", ""label"": ""Prenzlau"", ""desc"": ""The mint(s) at the city of Prenzlau, National State of Brandenburg, Germany"", ""score"": 10}, {""qid"": ""Q15220997"", ""label"": ""Prenzlauer Berg"", ""desc"": ""former borough of Berlin, now part of Pankow"", ""score"": 9}]"
f5f16f82-69c9-4779-9692-758ca6648d86,Pressburg/Bratislava,pressburgbratislava,,,0,,,,0,manual,[]
61e76c85-7dff-4d47-b4bb-1fa227dd024a,Ragendorf,ragendorf,Q1009081,Rajka,19,alias_exact|coords_eu_il|country_HU|has_sitelinks|search_rank_1,Q107327784,Ragendorfer,12,auto,"[{""qid"": ""Q1009081"", ""label"": ""Rajka"", ""desc"": ""Gemeinde in Ungarn"", ""score"": 19}, {""qid"": ""Q107327784"", ""label"": ""Ragendorfer"", ""desc"": ""family name"", ""score"": 12}]"
1f3d9782-f44e-4069-9d9f-2b5631612963,Rakonitz,rakonitz,Q985465,Rakovník,21,alias_exact|coords_eu_il|country_CZ|has_sitelinks|search_rank_0,Q5307953,Rakovnický potok,17,auto,"[{""qid"": ""Q985465"", ""label"": ""Rakovník"", ""desc"": ""town in the Czech Republic"", ""score"": 21}, {""qid"": ""Q5307953"", ""label"": ""Rakovnický potok"", ""desc"": ""stream in Rakovník District, Czech Republic"", ""score"": 17}, {""qid"": ""Q1758499"", ""label"": ""Rakovnik Roller"", ""desc"": ""pigeon breed"", ""score"": 10}, {""qid"": ""Q2129087"", ""label"": ""Rakonitz–Protivíner Bahn"", ""desc"": ""transport company in Austria"", ""score"": 10}, {""qid"": ""Q116209581"", ""label"": ""Jenő Rakonitz"", ""desc"": ""Hungarian physician"", ""score"": 6}]"
1fe8d7d7-ac09-440c-b368-178d0c1fba73,Ratibor,ratibor,Q25302,Racibórz,21,alias_exact|coords_eu_il|country_PL|has_sitelinks|search_rank_0,Q1021411,Ratiboř,18,manual,"[{""qid"": ""Q25302"", ""label"": ""Racibórz"", ""desc"": ""district town in southern Poland"", ""score"": 21}, {""qid"": ""Q1021411"", ""label"": ""Ratiboř"", ""desc"": ""village in Vsetín District of Zlín region"", ""score"": 18}, {""qid"": ""Q18978419"", ""label"": ""Ratibor"", ""desc"": ""male given name"", ""score"": 15}, {""qid"": ""Q1818215"", ""label"": ""Ratiboř"", ""desc"": ""village in Jindřichův Hradec District of South Bohemian region"", ""score"": 14}, {""qid"": ""Q320164"", ""label"": ""Ratibor"", ""desc"": ""Fürst des abodritischen Teilstammes der Polaben"", ""score"": 11}, {""qid"": ""Q54871508"", ""label"": ""Ratibor"", ""desc"": ""human settlement in Bell County, Texas, United States of America"", ""score"": 7}, {""qid"": ""Q119497005"", ""label"": ""Ratibor"", ""desc"": ""שם משפחה"", ""score"": 7}]"
fd8688b4-7114-4763-8a68-20a3b44a50d0,Rawa,rawa,Q10952602,Rawa,17,"name_exact|coords_outside(-7.2,108.3)|has_sitelinks|search_rank_0",Q2133817,Rawicz,16,manual,"[{""qid"": ""Q10952602"", ""label"": ""Rawa"", ""desc"": ""village in Ciamis Regency, West Java, Indonesia"", ""score"": 17}, {""qid"": ""Q2133817"", ""label"": ""Rawicz"", ""desc"": ""Polish coat of arms"", ""score"": 16}, {""qid"": ""Q2354244"", ""label"": ""Rawa"", ""desc"": ""town in Iraq"", ""score"": 16}, {""qid"": ""Q25907451"", ""label"": ""Rawa"", ""desc"": ""village in Puncak Regency, Central Papua, Indonesia"", ""score"": 13}, {""qid"": ""Q11019118"", ""label"": ""Rawa"", ""desc"": ""Ort in Cingambul, Indonesien"", ""score"": 11}, {""qid"": ""Q93230"", ""label"": ""Rawalpindi"", ""desc"": ""city in Punjab, Pakistan"", ""score"": 8}, {""qid"": ""Q12508196"", ""label"": ""Rawa"", ""desc"": ""Ort in Tanah Luas, Aceh Utara, Indonesien"", ""score"": 7}, {""qid"": ""Q12177454"", ""label"": ""Rawa"", ""desc"": ""village in Lhoksukon District, North Aceh Regency, Aceh, Indonesia"", ""score"": 7}, {""qid"": ""Q13546408"", ""label"": ""Rawa"", ""desc"": ""Ort in Pidie, Indonesien"", ""score"": 7}, {""qid"": ""Q166735"", ""label"": ""Bruch"", ""desc"": ""Feuchtgebiet an Seeufern und in Flussniederungen"", ""score"": 6}, {""qid"": ""Q18710047"", ""label"": ""Rawa Tungkop"", ""desc"": ""village in Pidie Regency, Aceh, Indonesia"", ""score"": 6}]"
fe8d67f6-4bf3-4178-bc47-1b171abeaadc,Regensburg,regensburg,Q2978,Regensburg,26,name_exact|p31_settlement|coords_eu_il|country_DE|has_sitelinks|search_rank_0,Q10429,מחוז רגנסבורג,17,auto,"[{""qid"": ""Q2978"", ""label"": ""Regensburg"", ""desc"": ""city in Bavaria, Germany"", ""score"": 26}, {""qid"": ""Q10429"", ""label"": ""מחוז רגנסבורג"", ""desc"": ""מחוז בגרמניה"", ""score"": 17}, {""qid"": ""Q37298914"", ""label"": ""Regensburg"", ""desc"": ""family name"", ""score"": 15}, {""qid"": ""Q62616792"", ""label"": ""Regensburg"", ""desc"": ""German article in Die Gartenlaube, 1896, no. 5"", ""score"": 11}, {""qid"": ""Q131449391"", ""label"": ""Regensburg"", ""desc"": ""German article in Meyer’s Universum, 1841"", ""score"": 9}]"
39ef8a62-7e1e-4ef5-ab7f-067285145d30,Reggio,reggio,Q8471,Reggio Calabria,25,alias_exact|p31_settlement|coords_eu_il|country_IT|has_sitelinks|search_rank_0,Q13360,Reggio Emilia,21,auto,"[{""qid"": ""Q8471"", ""label"": ""Reggio Calabria"", ""desc"": ""commune of Italy"", ""score"": 25}, {""qid"": ""Q13360"", ""label"": ""Reggio Emilia"", ""desc"": ""Italian commune (comune) in Emilia-Romagna"", ""score"": 21}, {""qid"": ""Q18440327"", ""label"": ""Reggio"", ""desc"": ""human settlement in Italy"", ""score"": 16}, {""qid"": ""Q37515493"", ""label"": ""Reggio"", ""desc"": ""שם משפחה (Reggio)"", ""score"": 13}, {""qid"": ""Q1673513"", ""label"": ""יצחק שמואל רג'יו"", ""desc"": ""רב איטלקי"", ""score"": 10}, {""qid"": ""Q952"", ""label"": ""Reggiolo"", ""desc"": ""Italienische Gemeinde in der Provinz Reggio Emilia"", ""score"": 9}, {""qid"": ""Q289707"", ""label"": ""A.C. Reggiana 1919"", ""desc"": ""association football club in Italy"", ""score"": 8}, {""qid"": ""Q132131259"", ""label"": ""Reggio"", ""desc"": ""sonnet by Vincenzo Baffi"", ""score"": 7}, {""qid"": ""Q7308339"", ""label"": ""Reggio"", ""desc"": ""human settlement in St. Bernard Parish, Louisiana, United States"", ""score"": 7}]"
6aa2af49-ac7e-4771-a424-aefb6d607642,Reichenberg,reichenberg,Q146351,Liberec,23,alias_exact|p31_settlement|coords_eu_il|has_sitelinks|search_rank_0,Q818905,Reichenberg,20,manual,"[{""qid"": ""Q146351"", ""label"": ""Liberec"", ""desc"": ""statutory city in the Czech Republic"", ""score"": 23}, {""qid"": ""Q818905"", ""label"": ""Reichenberg"", ""desc"": ""municipality of Germany"", ""score"": 20}, {""qid"": ""Q264790"", ""label"": ""Reichenberg"", ""desc"": ""market municipality of Germany in Bavaria"", ""score"": 18}, {""qid"": ""Q110656085"", ""label"": ""Reichenberg"", ""desc"": ""German article in Album der Schlösser und Rittergüter im Königreiche Sachsen IV. Section"", ""score"": 11}, {""qid"": ""Q12800041"", ""label"": ""Reichenberg"", ""desc"": ""שם משפחה (Reichenberg)"", ""score"": 9}]"
5f660e6d-0464-43e5-979d-cb3f7e816b32,Reschow,reschow,,,0,,,,0,manual,[]
53bd9be5-d167-403f-8831-27c9d41728f6,Riga,riga,Q1773,Riga,26,name_exact|p31_settlement|coords_eu_il|country_LV|has_sitelinks|search_rank_0,Q20727049,Riga,15,auto,"[{""qid"": ""Q1773"", ""label"": ""Riga"", ""desc"": ""capital and largest city of Latvia"", ""score"": 26}, {""qid"": ""Q20727049"", ""label"": ""Riga"", ""desc"": ""family name"", ""score"": 15}, {""qid"": ""Q3494576"", ""label"": ""Square François Riga - François Rigasquare"", ""desc"": ""square in Schaerbeek, Brussels, Belgium"", ""score"": 13}, {""qid"": ""Q274924"", ""label"": ""Admiral Kuznetsov"", ""desc"": ""1985 Kuznetsov-class aircraft carrier"", ""score"": 12}, {""qid"": ""Q33013095"", ""label"": ""Riga"", ""desc"": ""Gattung der Familie Mythicomyiidae"", ""score"": 9}, {""qid"": ""Q178382"", ""label"": ""Jūrmala"", ""desc"": ""Stadt in Lettland"", ""score"": 9}, {""qid"": ""Q4124689"", ""label"": ""Riga Freie stadt"", ""desc"": ""historischer Staat"", ""score"": 9}, {""qid"": ""Q143883"", ""label"": ""1796 Riga"", ""desc"": ""אסטרואיד"", ""score"": 6}]"
f613aa02-2252-4d03-bc2e-4c8b19f08b72,Rödelheim,rodelheim,Q314187,Frankfurt-Rödelheim,19,alias_exact|coords_eu_il|country_DE|has_sitelinks|search_rank_1,Q105181030,Rödelheim,15,auto,"[{""qid"": ""Q314187"", ""label"": ""Frankfurt-Rödelheim"", ""desc"": ""Stadtteil von Frankfurt am Main"", ""score"": 19}, {""qid"": ""Q105181030"", ""label"": ""Rödelheim"", ""desc"": ""family name"", ""score"": 15}, {""qid"": ""Q970740"", ""label"": ""Rödelheim Hartreim Projekt"", ""desc"": ""German rap group"", ""score"": 10}, {""qid"": ""Q104709584"", ""label"": ""Rödelheim Bahnhof"", ""desc"": ""Bus stop \""Rödelheim Bahnhof\"" in Frankfurt am Main"", ""score"": 9}, {""qid"": ""Q106120994"", ""label"": ""Rödelheimer"", ""desc"": ""שם משפחה (Rödelheimer)"", ""score"": 8}, {""qid"": ""Q131999390"", ""label"": ""Rödelheim-Ost"", ""desc"": ""urban district of Frankfurt"", ""score"": 4}]"
cb9c7bf3-8df3-4906-982c-a8fc911f7555,Rotterdam,rotterdam,Q34370,Rotterdam,26,name_exact|p31_settlement|coords_eu_il|country_NL|has_sitelinks|search_rank_0,Q2680952,Rotterdam,20,auto,"[{""qid"": ""Q34370"", ""label"": ""Rotterdam"", ""desc"": ""city in South Holland, the Netherlands"", ""score"": 26}, {""qid"": ""Q2680952"", ""label"": ""Rotterdam"", ""desc"": ""municipality in the Netherlands"", ""score"": 20}, {""qid"": ""Q105619817"", ""label"": ""RotterdaM"", ""desc"": ""Dutch StarCraft II player and caster"", ""score"": 13}, {""qid"": ""Q105539079"", ""label"": ""Rotterdam"", ""desc"": ""שם משפחה (Rotterdam)"", ""score"": 11}, {""qid"": ""Q2166239"", ""label"": ""רוטרדם"", ""desc"": ""town in Schenectady County, New York, United States"", ""score"": 8}, {""qid"": ""Q18705467"", ""label"": ""Rotterdam"", ""desc"": ""painting by Wassily Kandinsky"", ""score"": 7}]"
04e7fced-4751-436c-b2f2-52a3353af7a1,Samocz,samocz,Q1753784,Samoczynne hamowanie pociągu,14,alias_partial|has_sitelinks|search_rank_0,Q1779202,automatic block signaling,14,manual,"[{""qid"": ""Q1753784"", ""label"": ""Samoczynne hamowanie pociągu"", ""desc"": ""Polish train protection system"", ""score"": 14}, {""qid"": ""Q1779202"", ""label"": ""automatic block signaling"", ""desc"": ""railroad communications system"", ""score"": 14}, {""qid"": ""Q478293"", ""label"": ""cooking off"", ""desc"": ""premature explosion of ammunition due to ambient heat"", ""score"": 10}, {""qid"": ""Q25400525"", ""label"": ""Samoczynne częstotliwościowe odciążenie"", ""desc"": """", ""score"": 8}, {""qid"": ""Q9333164"", ""label"": ""automatic level crossing system"", ""desc"": """", ""score"": 6}]"
a9544bb3-d0c1-44c5-b6f4-8bd9fd9ae72c,Sandersleben,sandersleben,Q37692153,Sandersleben (Anh) railway station,21,alias_exact|coords_eu_il|country_DE|has_sitelinks|search_rank_0,Q696853,Sandersleben,20,manual,"[{""qid"": ""Q37692153"", ""label"": ""Sandersleben (Anh) railway station"", ""desc"": ""railway station in Arnstein, Saxony-Anhalt, Germany"", ""score"": 21}, {""qid"": ""Q696853"", ""label"": ""Sandersleben"", ""desc"": ""Ortsteil von Arnstein"", ""score"": 20}, {""qid"": ""Q2220622"", ""label"": ""Sandersleben"", ""desc"": ""דף פירושונים"", ""score"": 13}, {""qid"": ""Q15843948"", ""label"": ""Sandersleben"", ""desc"": ""Adelsgeschlecht"", ""score"": 11}, {""qid"": ""Q101990468"", ""label"": ""Sanderslebener Straße"", ""desc"": ""street in Hettstedt, Saxony-Anhalt, Germany"", ""score"": 8}, {""qid"": ""Q101086948"", ""label"": ""Sanderslebener Straße"", ""desc"": ""street in Aschersleben, Saxony-Anhalt, Germany"", ""score"": 4}, {""qid"": ""Q102108253"", ""label"": ""Sanderslebener Straße"", ""desc"": ""street in Alsleben, Saxony-Anhalt, Germany"", ""score"": 4}]"
e344ade2-6571-428b-9871-1597f322b9c2,Satanow,satanow,Q2629630,Sataniw,19,alias_exact|coords_eu_il|country_UA|has_sitelinks|search_rank_1,Q106079680,Satanowski,14,auto,"[{""qid"": ""Q2629630"", ""label"": ""Sataniw"", ""desc"": ""Siedlung städtischen Typs in der Ukraine"", ""score"": 19}, {""qid"": ""Q106079680"", ""label"": ""Satanowski"", ""desc"": ""family name"", ""score"": 14}, {""qid"": ""Q27556735"", ""label"": ""Satanów"", ""desc"": """", ""score"": 14}, {""qid"": ""Q504682"", ""label"": ""Isaak Satanow"", ""desc"": ""hebräischer Dichter"", ""score"": 12}, {""qid"": ""Q20759731"", ""label"": ""Satanov"", ""desc"": ""דף פירושונים"", ""score"": 10}]"
3f1a6bc0-b8fa-417e-ad1f-17e44fb4f274,Schklov,schklov,,,0,,,,0,manual,[]
8b726297-9cb5-40ec-9341-dab3d264e1c3,Schottland,schottland,Q22,Schottland,20,name_exact|coords_eu_il|country_GB|has_sitelinks|search_rank_1,Q2809446,Schottland,18,manual,"[{""qid"": ""Q22"", ""label"": ""Schottland"", ""desc"": ""Land im Nordwesten Europas, Teil des Vereinigten Königreichs"", ""score"": 20}, {""qid"": ""Q2809446"", ""label"": ""Schottland"", ""desc"": ""mine in Germany"", ""score"": 18}, {""qid"": ""Q37033309"", ""label"": ""Schottland"", ""desc"": ""family name"", ""score"": 15}, {""qid"": ""Q104153080"", ""label"": ""Schottland"", ""desc"": ""street in Steinach, Thuringia, Germany"", ""score"": 9}, {""qid"": ""Q60522199"", ""label"": ""Schottländer"", ""desc"": ""family name"", ""score"": 8}, {""qid"": ""Q3589864"", ""label"": ""schottische U-17 Fußballnationalmannschaft"", ""desc"": ""Auswahlmannschaft schottischer U-17 Fußballspieler"", ""score"": 6}, {""qid"": ""Q7435678"", ""label"": ""Schottland im Mittelalter"", ""desc"": ""Geschichte Schottlands vom verschwinden der Römer bis zum 16. Jahrhundert"", ""score"": 4}, {""qid"": ""Q15846700"", ""label"": ""Schottländer family"", ""desc"": ""Jewish German family"", ""score"": 4}, {""qid"": ""Q60579226"", ""label"": ""Schottlander"", ""desc"": ""שם משפחה (Schottlander)"", ""score"": 4}]"
32c112b5-19fc-4c75-9c7e-241139707e9a,Schwedt,schwedt,Q16008,Schwedt/Oder,23,alias_exact|p31_settlement|coords_eu_il|country_DE|has_sitelinks|search_rank_1,Q32292546,Schwedt,18,auto,"[{""qid"": ""Q16008"", ""label"": ""Schwedt/Oder"", ""desc"": ""Stadt in Brandenburg"", ""score"": 23}, {""qid"": ""Q32292546"", ""label"": ""Schwedt"", ""desc"": """", ""score"": 18}, {""qid"": ""Q65028010"", ""label"": ""Schwedt"", ""desc"": ""family name"", ""score"": 17}, {""qid"": ""Q7433219"", ""label"": ""Schwedt (Oder) railway station"", ""desc"": ""railway station in Brandenburg state, Germany"", ""score"": 13}, {""qid"": ""Q83631606"", ""label"": ""Schwedt"", ""desc"": ""ship built in 1962"", ""score"": 9}, {""qid"": ""Q7433217"", ""label"": ""Schwedt (Oder) Mitte railway stop"", ""desc"": ""railway stop in Schwedt/Oder, Germany"", ""score"": 9}, {""qid"": ""Q828320"", ""label"": ""Schwedter Straße"", ""desc"": ""Straße in Berlin"", ""score"": 9}, {""qid"": ""Q2255330"", ""label"": ""Schwedt"", ""desc"": ""דף פירושונים"", ""score"": 7}]"
1c280214-8344-4a86-8098-ae77d821f0f6,Schwerin,schwerin,Q1709,Schwerin,26,name_exact|p31_settlement|coords_eu_il|country_DE|has_sitelinks|search_rank_0,Q37225673,Schwerin,15,auto,"[{""qid"": ""Q1709"", ""label"": ""Schwerin"", ""desc"": ""capital city of Mecklenburg-Vorpommern, Germany"", ""score"": 26}, {""qid"": ""Q37225673"", ""label"": ""Schwerin"", ""desc"": ""family name"", ""score"": 15}, {""qid"": ""Q564340"", ""label"": ""שוורין"", ""desc"": ""municipality of Germany"", ""score"": 15}, {""qid"": ""Q872966"", ""label"": ""Schwerin"", ""desc"": ""noble family"", ""score"": 13}, {""qid"": ""Q994585"", ""label"": ""Skwierzyna"", ""desc"": ""city of Poland"", ""score"": 13}, {""qid"": ""Q2257098"", ""label"": ""Schwerin"", ""desc"": ""German train ferry"", ""score"": 9}]"
426d0c2e-20cd-42bc-92a5-df10d5251dcf,Seesen,seesen,Q540934,Seesen,26,name_exact|p31_settlement|coords_eu_il|country_DE|has_sitelinks|search_rank_0,Q32297790,Seesen,24,manual,"[{""qid"": ""Q540934"", ""label"": ""Seesen"", ""desc"": ""municipality of Germany"", ""score"": 26}, {""qid"": ""Q32297790"", ""label"": ""Seesen"", ""desc"": """", ""score"": 24}, {""qid"": ""Q15785201"", ""label"": ""Seesen railway station"", ""desc"": ""railway station in Seesen, Germany"", ""score"": 17}, {""qid"": ""Q24210523"", ""label"": ""Seesen"", ""desc"": ""דף פירושונים"", ""score"": 11}, {""qid"": ""Q79229737"", ""label"": ""Seesener Straße"", ""desc"": ""street in Berlin-Halensee, Germany"", ""score"": 11}, {""qid"": ""Q1435239"", ""label"": ""Canton of Seesen"", ""desc"": ""former canton of the Kingdom of Westphalia"", ""score"": 7}, {""qid"": ""Q3416955"", ""label"": ""Seesender"", ""desc"": ""radio broadcasting from ships or fixed maritime structures,usually unlicenced but transmissions are legal in international waters (in contrast to broadcast without a licence on land or within a nation's territorial waters, which is usually unlawful)"", ""score"": 4}]"
e4410f34-609b-4ffd-85f8-2018e01dbe98,Senftenberg,senftenberg,Q491754,Senftenberg,26,name_exact|p31_settlement|coords_eu_il|country_DE|has_sitelinks|search_rank_0,Q158272,ז'מברק,19,auto,"[{""qid"": ""Q491754"", ""label"": ""Senftenberg"", ""desc"": ""town in Brandenburg, Germany"", ""score"": 26}, {""qid"": ""Q158272"", ""label"": ""ז'מברק"", ""desc"": ""town in the Czech Republic"", ""score"": 19}, {""qid"": ""Q801427"", ""label"": ""Senftenberg railway station"", ""desc"": ""railway station in Senftenberg, Germany"", ""score"": 17}, {""qid"": ""Q700286"", ""label"": ""Senftenberg"", ""desc"": ""Marktgemeinde im Bezirk Krems, Niederösterreich"", ""score"": 16}, {""qid"": ""Q136934008"", ""label"": ""Senftenberg"", ""desc"": ""cadastral community in Krems District"", ""score"": 12}, {""qid"": ""Q112898355"", ""label"": ""Senftenberg"", ""desc"": ""Ortschaft im Bezirk Krems"", ""score"": 10}]"
783157d9-ae04-4274-8bc6-429a8eb338eb,Shkloŭ,shklou,Q730175,Škłow,21,alias_exact|coords_eu_il|country_BY|has_sitelinks|search_rank_0,Q99284121,Shklou penal colony #17,15,auto,"[{""qid"": ""Q730175"", ""label"": ""Škłow"", ""desc"": ""city in Belarus"", ""score"": 21}, {""qid"": ""Q99284121"", ""label"": ""Shklou penal colony #17"", ""desc"": """", ""score"": 15}]"
1cad62ed-34c2-42b2-a6a3-a8080a4916ce,Slawkowiec,slawkowiec,,,0,,,,0,manual,[]
521b4d74-66d3-48c2-a8a1-49b3e7cdc02f,Slonim,slonim,Q863576,Slonim,22,name_exact|coords_eu_il|country_BY|has_sitelinks|search_rank_0,Q1953359,Slonim district,17,auto,"[{""qid"": ""Q863576"", ""label"": ""Slonim"", ""desc"": ""city in Belarus"", ""score"": 22}, {""qid"": ""Q1953359"", ""label"": ""Slonim district"", ""desc"": ""district of Belarus"", ""score"": 17}, {""qid"": ""Q28380770"", ""label"": ""Slonim"", ""desc"": ""railway station in Slonim, Belarus"", ""score"": 14}, {""qid"": ""Q37508087"", ""label"": ""Slonim"", ""desc"": ""family name"", ""score"": 13}, {""qid"": ""Q4995025"", ""label"": ""חסידות סלונים"", ""desc"": ""חצר חסידית שנוסדה בעיר סלונים, במערב בלארוס"", ""score"": 10}, {""qid"": ""Q109730904"", ""label"": ""Słonimski"", ""desc"": ""Familienname"", ""score"": 4}]"
ff014364-187a-4b28-938f-5aa8a2cf56ee,Stampfen,stampfen,Q133446568,Stampfen,22,name_exact|coords_eu_il|country_AT|has_sitelinks|search_rank_0,Q782928,Stupava,21,manual,"[{""qid"": ""Q133446568"", ""label"": ""Stampfen"", ""desc"": ""locality in Spittal an der Drau District, Austria"", ""score"": 22}, {""qid"": ""Q782928"", ""label"": ""Stupava"", ""desc"": ""Gemeinde in der Slowakei"", ""score"": 21}, {""qid"": ""Q63436601"", ""label"": ""Stampfen"", ""desc"": ""article in Otto's encyclopedia"", ""score"": 15}, {""qid"": ""Q2050624"", ""label"": ""Querachse"", ""desc"": ""rotation of a vehicle or stiff body about the side-to-side axis"", ""score"": 10}, {""qid"": ""Q56297210"", ""label"": ""Stampfen"", ""desc"": ""wiederholtes Stoßen eines stumpfen Objekts in einer Abwärtsbewegung auf einen Stampfgut, zur Verdichtung oder Zerkleinerung"", ""score"": 9}, {""qid"": ""Q56405973"", ""label"": ""Stampfendorf"", ""desc"": ""locality in Freistadt District"", ""score"": 9}, {""qid"": ""Q2329979"", ""label"": ""Stampfen"", ""desc"": ""דף פירושונים"", ""score"": 7}, {""qid"": ""Q104787204"", ""label"": ""Stampfen"", ""desc"": ""hart und schnell einen Fuß auf den Boden stellen, wobei ein lautes Geräusch entsteht"", ""score"": 5}]"
ee8569c4-a3a4-4841-8ea2-fe04bda84c71,Stargard,stargard,Q106268,Stargard,26,name_exact|p31_settlement|coords_eu_il|country_PL|has_sitelinks|search_rank_0,Q1340630,Stargard County,17,auto,"[{""qid"": ""Q106268"", ""label"": ""Stargard"", ""desc"": ""city and urban gmina of Poland"", ""score"": 26}, {""qid"": ""Q1340630"", ""label"": ""Stargard County"", ""desc"": ""powiat of Poland"", ""score"": 17}, {""qid"": ""Q9344135"", ""label"": ""Stargard"", ""desc"": ""railway station in Stargard, Poland"", ""score"": 14}, {""qid"": ""Q106070072"", ""label"": ""Stargard"", ""desc"": ""family name"", ""score"": 13}, {""qid"": ""Q7601861"", ""label"": ""Stargard"", ""desc"": ""Girlgroup"", ""score"": 11}, {""qid"": ""Q557772"", ""label"": ""Gmina Stargard"", ""desc"": ""rural gmina of Poland"", ""score"": 11}, {""qid"": ""Q1317319"", ""label"": ""Morbus Stargardt"", ""desc"": ""Krankheit"", ""score"": 4}, {""qid"": ""Q37564882"", ""label"": ""Stargardt"", ""desc"": ""Familienname"", ""score"": 2}]"
55a79f0f-d2ea-4a9d-9469-01e357a9941f,Stettin,stettin,Q393,Szczecin,23,alias_exact|p31_settlement|coords_eu_il|has_sitelinks|search_rank_0,Q870107,Region of Stettin,13,auto,"[{""qid"": ""Q393"", ""label"": ""Szczecin"", ""desc"": ""capital city of the West Pomeranian Voivodeship, Poland"", ""score"": 23}, {""qid"": ""Q870107"", ""label"": ""Region of Stettin"", ""desc"": ""territorial unit in the Prussian province of Pomerania"", ""score"": 13}, {""qid"": ""Q392532"", ""label"": ""Štítina"", ""desc"": ""Gemeinde in Tschechien"", ""score"": 13}, {""qid"": ""Q51469073"", ""label"": ""Entomologische Zeitung"", ""desc"": ""scientific journal (1840–1911)"", ""score"": 12}, {""qid"": ""Q36907443"", ""label"": ""Stettin"", ""desc"": ""שם משפחה (Stettin)"", ""score"": 11}, {""qid"": ""Q2224871"", ""label"": ""Stettin"", ""desc"": ""township in Marathon County, Wisconsin"", ""score"": 7}, {""qid"": ""Q7611671"", ""label"": ""Stettin"", ""desc"": ""human settlement in Marathon County, Wisconsin, United States of America"", ""score"": 7}, {""qid"": ""Q9345782"", ""label"": ""Stettiner Entomologische Zeitung"", ""desc"": ""scientific journal (1912–1944)"", ""score"": 6}, {""qid"": ""Q292745"", ""label"": ""AG Vulcan Stettin"", ""desc"": ""German shipbuilding and locomotive building company"", ""score"": 4}]"
e7a81662-9a49-436b-9221-0b8538bd6e6e,Stralsund,stralsund,Q4065,Stralsund,26,name_exact|p31_settlement|coords_eu_il|country_DE|has_sitelinks|search_rank_0,Q320175,Stralsund Hauptbahnhof,19,auto,"[{""qid"": ""Q4065"", ""label"": ""Stralsund"", ""desc"": ""town in Mecklenburg-Vorpommern, Germany"", ""score"": 26}, {""qid"": ""Q320175"", ""label"": ""Stralsund Hauptbahnhof"", ""desc"": ""German railway station"", ""score"": 19}, {""qid"": ""Q32749642"", ""label"": ""Stralsund"", ""desc"": ""Wikimedia-Duplikat"", ""score"": 18}, {""qid"": ""Q15855548"", ""label"": ""Stralsund"", ""desc"": ""mine in Germany"", ""score"": 14}, {""qid"": ""Q15849382"", ""label"": ""Stralsund"", ""desc"": ""German television series"", ""score"": 11}, {""qid"": ""Q105725118"", ""label"": ""IMO 8779516"", ""desc"": ""deutscher Tonnenleger des WSA Ostsee"", ""score"": 6}, {""qid"": ""Q112240112"", ""label"": ""Stralsund"", ""desc"": ""painting by Dettmann 1939"", ""score"": 5}]"
8b43871d-bb9e-40d2-8321-011c48238962,Strasbourg,strasbourg,Q6602,Strasbourg,26,name_exact|p31_settlement|coords_eu_il|country_FR|has_sitelinks|search_rank_0,Q126334,RC Strasbourg Alsace,16,auto,"[{""qid"": ""Q6602"", ""label"": ""Strasbourg"", ""desc"": ""capital and largest city of Grand Est, located in the historical region of Alsace"", ""score"": 26}, {""qid"": ""Q126334"", ""label"": ""RC Strasbourg Alsace"", ""desc"": ""association football club in France"", ""score"": 16}, {""qid"": ""Q110609440"", ""label"": ""Strasbourg"", ""desc"": """", ""score"": 14}, {""qid"": ""Q2298889"", ""label"": ""Strasbourg"", ""desc"": ""1936 Dunkerque-class battleship"", ""score"": 13}, {""qid"": ""Q1917272"", ""label"": ""Strasbourg"", ""desc"": ""עיירה בקנדה"", ""score"": 11}, {""qid"": ""Q110573404"", ""label"": ""Strasbourg"", ""desc"": """", ""score"": 10}, {""qid"": ""Q845468"", ""label"": ""Strasbourg Museum of Modern and Contemporary Art"", ""desc"": ""art museum in Strasbourg, France"", ""score"": 9}, {""qid"": ""Q27713522"", ""label"": ""Strasbourg medical"", ""desc"": ""journal"", ""score"": 6}, {""qid"": ""Q155973"", ""label"": ""4690 Strasbourg"", ""desc"": ""אסטרואיד"", ""score"": 6}]"
86ce0679-c4d0-4335-9cd0-a6b4432c7ab5,Strelitz,strelitz,Q37444310,Strelitz,17,name_exact|has_sitelinks|search_rank_0,Q2305455,Střelice,17,manual,"[{""qid"": ""Q37444310"", ""label"": ""Strelitz"", ""desc"": ""family name"", ""score"": 17}, {""qid"": ""Q2305455"", ""label"": ""Střelice"", ""desc"": ""Gemeinde in Tschechien"", ""score"": 17}, {""qid"": ""Q1237784"", ""label"": ""Strelitz-Alt"", ""desc"": ""Stadtteil von Neustrelitz (Mecklenburg-Vorpommern)"", ""score"": 13}, {""qid"": ""Q148904"", ""label"": ""Strelitzia reginae"", ""desc"": ""species of plant"", ""score"": 12}, {""qid"": ""Q147888"", ""label"": ""Strelitzia"", ""desc"": ""genus of plants"", ""score"": 8}, {""qid"": ""Q860413"", ""label"": ""סטרלצים"", ""desc"": ""יחידות חי\""ר קבועות בצבא רוסיה הצארית שהוקמו ב-1550"", ""score"": 6}, {""qid"": ""Q147867"", ""label"": ""Strelitziaceae"", ""desc"": ""family of plants"", ""score"": 4}, {""qid"": ""Q149601"", ""label"": ""Strelitzia nicolai"", ""desc"": ""species of plant"", ""score"": 4}]"
f666facf-8f3f-4ad5-8f5b-a2d9d42df112,Stuttgart,stuttgart,Q1022,Stuttgart,26,name_exact|p31_settlement|coords_eu_il|country_DE|has_sitelinks|search_rank_0,Q79844,Stuttgart,15,auto,"[{""qid"": ""Q1022"", ""label"": ""Stuttgart"", ""desc"": ""city on the Neckar river and capital of the federal state Baden-Württemberg, Germany"", ""score"": 26}, {""qid"": ""Q79844"", ""label"": ""Stuttgart"", ""desc"": ""city in Arkansas, United States"", ""score"": 15}, {""qid"": ""Q727750"", ""label"": ""Stuttgart-Mitte"", ""desc"": ""human settlement in Germany"", ""score"": 13}, {""qid"": ""Q14912379"", ""label"": ""Stuttgart"", ""desc"": ""ship"", ""score"": 12}, {""qid"": ""Q21417186"", ""label"": ""Stuttgart Database of Scientific Illustrators 1450–1950"", ""desc"": ""Datenbank der wissenschaftlichen Illustratoren"", ""score"": 10}, {""qid"": ""Q152349"", ""label"": ""MHPArena"", ""desc"": ""Fußballstadion in Stuttgart, Baden-Württemberg"", ""score"": 9}, {""qid"": ""Q1398505"", ""label"": ""Stuttgart-Nord"", ""desc"": ""human settlement in Germany"", ""score"": 9}, {""qid"": ""Q122453"", ""label"": ""Universität Stuttgart"", ""desc"": ""vom Bundesland Baden-Württemberg getragene Universität in Stuttgart"", ""score"": 9}, {""qid"": ""Q108315630"", ""label"": ""Stuttgart City Council"", ""desc"": ""Municipal self-government of the state capital Stuttgart"", ""score"": 8}, {""qid"": ""Q1631121"", ""label"": ""Stuttgart"", ""desc"": ""עיירה בארצות הברית"", ""score"": 7}]"
56f59686-69f7-42f0-bf97-56d87ee9f645,Sudilkov,sudilkov,Q4445436,Sudylkiv,21,alias_exact|coords_eu_il|country_UA|has_sitelinks|search_rank_0,,,0,auto,"[{""qid"": ""Q4445436"", ""label"": ""Sudylkiv"", ""desc"": ""village in Shepetivka Raion, Khmelnytsky Oblast, Ukraine"", ""score"": 21}]"
f4248f32-f421-458e-8324-8f933fdc04dd,Sulzbach,sulzbach,Q616258,Sulzbach/Saar,23,alias_exact|p31_settlement|coords_eu_il|country_DE|has_sitelinks|search_rank_1,Q33499358,Sulzbach,22,manual,"[{""qid"": ""Q616258"", ""label"": ""Sulzbach/Saar"", ""desc"": ""saarländische Stadt im Regionalverband Saarbrücken"", ""score"": 23}, {""qid"": ""Q33499358"", ""label"": ""Sulzbach"", ""desc"": ""former town and since 1934 quarter of Sulzbach-Rosenberg, Amberg Sulzbach District, Upper Palatinate, Bavaria, Germany"", ""score"": 22}, {""qid"": ""Q37303886"", ""label"": ""Sulzbach"", ""desc"": ""family name"", ""score"": 17}, {""qid"": ""Q624417"", ""label"": ""Sulzbach (Taunus)"", ""desc"": ""municipality in the Main-Taunus district in Hesse, Germany"", ""score"": 15}, {""qid"": ""Q67583360"", ""label"": ""Sulzbach"", ""desc"": ""cadastral municipality in Wels-Land District, Austria"", ""score"": 14}, {""qid"": ""Q675483"", ""label"": ""Sulzbach"", ""desc"": ""municipality in Birkenfeld District, Rhineland-Palatinate, Germany"", ""score"": 12}, {""qid"": ""Q693212"", ""label"": ""Sulzbach"", ""desc"": ""Ortsgemeinde of Bad Ems-Nassau, Rhine Lahn District, Rhineland Palatinate, Germany"", ""score"": 12}]"
084c4002-a1b0-4d43-9f75-83a31f9272ba,Tachau,tachau,Q191097,Tachov,21,alias_exact|coords_eu_il|country_CZ|has_sitelinks|search_rank_0,Q106330521,Tachau,13,auto,"[{""qid"": ""Q191097"", ""label"": ""Tachov"", ""desc"": ""town in the Czech Republic"", ""score"": 21}, {""qid"": ""Q106330521"", ""label"": ""Tachau"", ""desc"": ""family name"", ""score"": 13}, {""qid"": ""Q56285258"", ""label"": ""Tachau"", ""desc"": ""article in Otto's encyclopedia"", ""score"": 11}, {""qid"": ""Q27646156"", ""label"": ""Milíře"", ""desc"": ""Gemeinde in Tschechien"", ""score"": 11}, {""qid"": ""Q1315874"", ""label"": ""Tachauer Schmelzthal"", ""desc"": ""ehemalige Gemeinde in Tschechien"", ""score"": 9}, {""qid"": ""Q105996745"", ""label"": ""Tachauer"", ""desc"": ""family name"", ""score"": 8}, {""qid"": ""Q27696548"", ""label"": ""Tachaung Nawng"", ""desc"": """", ""score"": 4}]"
ecd11092-4c1e-4461-bcc2-e5a7de027e1a,Tel Aviv,tel-aviv,Q33935,Tel Aviv,26,name_exact|p31_settlement|coords_eu_il|country_IL|has_sitelinks|search_rank_0,Q15755268,Tel Aviv: Journal of the Institute of Archaeology of Tel Aviv,16,auto,"[{""qid"": ""Q33935"", ""label"": ""Tel Aviv"", ""desc"": ""city in Israel"", ""score"": 26}, {""qid"": ""Q15755268"", ""label"": ""Tel Aviv: Journal of the Institute of Archaeology of Tel Aviv"", ""desc"": ""academic journal"", ""score"": 16}, {""qid"": ""Q319239"", ""label"": ""Universität Tel Aviv"", ""desc"": ""Universität in Israel"", ""score"": 15}, {""qid"": ""Q192811"", ""label"": ""Bezirk Tel Aviv"", ""desc"": ""einer der sechs Bezirke im Staat Israel"", ""score"": 13}, {""qid"": ""Q16131234"", ""label"": ""תל אביב"", ""desc"": ""שיר של עומר אדם"", ""score"": 10}, {""qid"": ""Q1507974"", ""label"": ""Tel Aviv Stock Exchange"", ""desc"": ""In Tel Aviv sitzende israelische Börse"", ""score"": 9}, {""qid"": ""Q1267958"", ""label"": ""Tel Aviv Museum of Art"", ""desc"": ""Kunstmuseum in Israel"", ""score"": 9}, {""qid"": ""Q6583053"", ""label"": ""טל אביב"", ""desc"": ""צייר, מאייר וקריקטוריסט ישראלי"", ""score"": 6}, {""qid"": ""Q76626599"", ""label"": ""תל-אביב"", ""desc"": ""תצלום של ליזלוטה גרז'בינה"", ""score"": 4}, {""qid"": ""Q7005499"", ""label"": ""תל אביב (אונייה)"", ""desc"": ""אונייה הנוסעים והמשא הארצישראלית הראשונה, 1935"", ""score"": 2}]"
a2d4e128-acde-4488-aa54-e91377e5da5c,TestCity,testcity,,,0,,,,0,manual,[]
2439f4f5-c5e9-47f2-84ea-f0c8825d8824,The Hague,the-hague,Q36600,The Hague,26,name_exact|p31_settlement|coords_eu_il|country_NL|has_sitelinks|search_rank_0,Q11722011,Haags Historisch Museum/Rijksmuseum De Gevangenpoort,17,auto,"[{""qid"": ""Q36600"", ""label"": ""The Hague"", ""desc"": ""city and municipality in the Netherlands, seat of the Dutch government"", ""score"": 26}, {""qid"": ""Q11722011"", ""label"": ""Haags Historisch Museum/Rijksmuseum De Gevangenpoort"", ""desc"": ""museum in The Hague"", ""score"": 17}, {""qid"": ""Q2693497"", ""label"": ""The Hague University of Applied Sciences"", ""desc"": ""Hochschule in den Niederlanden"", ""score"": 15}, {""qid"": ""Q120435352"", ""label"": ""The Hague"", ""desc"": ""2015 EP by Golden Earring"", ""score"": 11}, {""qid"": ""Q7801"", ""label"": ""International Court of Justice"", ""desc"": ""primary judicial organ of the United Nations"", ""score"": 11}, {""qid"": ""Q1614034"", ""label"": ""Centre"", ""desc"": ""borough or district of The Hague, Netherlands"", ""score"": 9}, {""qid"": ""Q1141717"", ""label"": ""The Hague Academy of International Law"", ""desc"": ""School of international law in the Netherlands"", ""score"": 9}, {""qid"": ""Q80011977"", ""label"": ""The Hague"", ""desc"": ""drawing by Henry Keller (American, 1869-1949) (1938.131)"", ""score"": 5}, {""qid"": ""Q80218202"", ""label"": ""The Hague"", ""desc"": ""photograph by Erich Salomon"", ""score"": 5}, {""qid"": ""Q119942513"", ""label"": ""The Hague"", ""desc"": ""painting by Bernard Dunstan (1920–2017), Royal West of England Academy (RWA)"", ""score"": 5}]"
010c49de-431f-41be-9ef6-ade8bcfc647e,Tismenitsa,tismenitsa,Q156588,Tysmenytsia,21,alias_exact|coords_eu_il|country_UA|has_sitelinks|search_rank_0,Q45472779,Tyśmienica concentration camp,15,auto,"[{""qid"": ""Q156588"", ""label"": ""Tysmenytsia"", ""desc"": ""city of Ukraine"", ""score"": 21}, {""qid"": ""Q45472779"", ""label"": ""Tyśmienica concentration camp"", ""desc"": """", ""score"": 15}]"
632a5430-a70c-4620-b9a1-f29e66d4f612,Trebitsch,trebitsch,Q270704,Třebíč,19,alias_exact|coords_eu_il|has_sitelinks|search_rank_0,Q1677609,"Trzebicz, Lubusz Voivodeship",17,manual,"[{""qid"": ""Q270704"", ""label"": ""Třebíč"", ""desc"": ""town in the Czech Republic"", ""score"": 19}, {""qid"": ""Q1677609"", ""label"": ""Trzebicz, Lubusz Voivodeship"", ""desc"": ""village in Lubusz, Poland"", ""score"": 17}, {""qid"": ""Q56541113"", ""label"": ""Trebitsch"", ""desc"": ""family name"", ""score"": 15}, {""qid"": ""Q123603017"", ""label"": ""Trebitsch"", ""desc"": ""Bestand im Hamburger Staatsarchiv"", ""score"": 7}, {""qid"": ""Q106573031"", ""label"": ""Trebitschová"", ""desc"": ""שם משפחה"", ""score"": 6}, {""qid"": ""Q656877"", ""label"": ""טריביטש"", ""desc"": ""דף פירושונים"", ""score"": 6}, {""qid"": ""Q67804401"", ""label"": ""TREBITSCH investiční fond SICAV"", ""desc"": ""Czech company"", ""score"": 4}, {""qid"": ""Q333972"", ""label"": ""Ignaz Trebitsch-Lincoln"", ""desc"": ""buddhistischer Mönch, christlicher Priester, Mitglied des englischen Unterhauses, Militärberater, Spion"", ""score"": 4}]"
c22f4bec-f116-40a4-a1bc-acc8f33008d8,Triesch,triesch,Q37035043,Triesch,17,name_exact|has_sitelinks|search_rank_0,Q999899,Třešť,15,manual,"[{""qid"": ""Q37035043"", ""label"": ""Triesch"", ""desc"": ""family name"", ""score"": 17}, {""qid"": ""Q999899"", ""label"": ""Třešť"", ""desc"": ""Gemeinde in Tschechien"", ""score"": 15}, {""qid"": ""Q1054512"", ""label"": ""Cep"", ""desc"": ""Gemeinde in Tschechien"", ""score"": 11}, {""qid"": ""Q106331218"", ""label"": ""Triescher"", ""desc"": ""family name"", ""score"": 10}, {""qid"": ""Q37565592"", ""label"": ""Trieschman"", ""desc"": ""שם משפחה (Trieschman)"", ""score"": 8}, {""qid"": ""Q2453034"", ""label"": ""Triesch"", ""desc"": ""דף פירושונים"", ""score"": 7}, {""qid"": ""Q90805064"", ""label"": ""Triesch, Friedrich Gustav (BLKÖ)"", ""desc"": ""Artikel im Biographischen Lexikon des Kaiserthums Oesterreich (Bd. 47, S. 194)"", ""score"": 4}, {""qid"": ""Q106331219"", ""label"": ""Triescherová"", ""desc"": ""שם משפחה (Triescherová)"", ""score"": 2}, {""qid"": ""Q113467596"", ""label"": ""Triesch Voelker"", ""desc"": ""ceramic artist"", ""score"": 2}]"
4868bf88-9cc0-438b-a6af-c26d8cf96e57,Triest,triest,Q546,Trieste,23,alias_exact|p31_settlement|coords_eu_il|has_sitelinks|search_rank_0,Q16293,Province of Trieste,15,auto,"[{""qid"": ""Q546"", ""label"": ""Trieste"", ""desc"": ""city and seaport in northeastern Italy"", ""score"": 23}, {""qid"": ""Q16293"", ""label"": ""Province of Trieste"", ""desc"": ""former province in Italy"", ""score"": 15}, {""qid"": ""Q37068297"", ""label"": ""טריאסט"", ""desc"": ""שם משפחה (Triest)"", ""score"": 14}, {""qid"": ""Q56247123"", ""label"": ""Triest"", ""desc"": ""hamlet in Assenede, Belgium"", ""score"": 14}, {""qid"": ""Q3266259"", ""label"": ""Ludwig J. Triest"", ""desc"": ""Belgian botanist and researcher"", ""score"": 12}, {""qid"": ""Q131447547"", ""label"": ""Triest"", ""desc"": ""article in Meyer’s Universum, 1841"", ""score"": 7}, {""qid"": ""Q137759894"", ""label"": ""Triest"", ""desc"": ""article in Meyer’s Universum, 1859"", ""score"": 7}, {""qid"": ""Q13381"", ""label"": ""US Triestina Calcio 1918"", ""desc"": ""association football club based in Trieste, Friuli-Venezia Giulia, Italy"", ""score"": 6}, {""qid"": ""Q30087439"", ""label"": ""Triest"", ""desc"": ""Gemälde von Günter Richard Tuzina"", ""score"": 5}]"
6b49f559-e45c-447a-b46c-872d3b76506f,Troplowitz,troplowitz,Q382020,Opawica,17,alias_exact|coords_eu_il|country_PL|has_sitelinks|search_rank_2,Q106070110,Troplowitz,15,manual,"[{""qid"": ""Q382020"", ""label"": ""Opawica"", ""desc"": ""Dorf in Polen"", ""score"": 17}, {""qid"": ""Q106070110"", ""label"": ""Troplowitz"", ""desc"": ""family name"", ""score"": 15}, {""qid"": ""Q63505"", ""label"": ""Oscar Troplowitz"", ""desc"": ""German pharmacist (1863-1918)"", ""score"": 14}, {""qid"": ""Q15851574"", ""label"": ""Troplowitz"", ""desc"": ""דף פירושונים"", ""score"": 11}, {""qid"": ""Q109877868"", ""label"": ""Villa Troplowitz"", ""desc"": ""Wohngebäude in Hamburg-Winterhude"", ""score"": 9}, {""qid"": ""Q114809352"", ""label"": ""Troplowitzstraße"", ""desc"": ""street in Hamburg, Germany"", ""score"": 8}]"
65f148e1-13d0-4242-9c64-7f049895c013,Tübingen,tubingen,Q3806,Tübingen,26,name_exact|p31_settlement|coords_eu_il|country_DE|has_sitelinks|search_rank_0,Q1536443,Tübingen,18,auto,"[{""qid"": ""Q3806"", ""label"": ""Tübingen"", ""desc"": ""town in central Baden-Württemberg, Germany"", ""score"": 26}, {""qid"": ""Q1536443"", ""label"": ""Tübingen"", ""desc"": ""ship"", ""score"": 18}, {""qid"": ""Q8214"", ""label"": ""מחוז טיבינגן"", ""desc"": ""מחוז בגרמניה"", ""score"": 17}, {""qid"": ""Q1661161"", ""label"": ""Index Theologicus"", ""desc"": ""internationale Bibliographie für Theologie und Religionswissenschaft und Portal des Fachinformationsdienstes Theologie"", ""score"": 13}, {""qid"": ""Q1008665"", ""label"": ""Tübingen"", ""desc"": ""federal electoral district of Germany"", ""score"": 12}, {""qid"": ""Q32751737"", ""label"": ""Tübingen"", ""desc"": """", ""score"": 12}, {""qid"": ""Q153978"", ""label"": ""University of Tübingen"", ""desc"": ""public research university in Tübingen, Germany"", ""score"": 11}]"
5de7faa2-8428-4298-8d27-d5e60c4a9e8d,Turiisk,turiisk,Q1996528,Turiisk,26,name_exact|p31_settlement|coords_eu_il|country_UA|has_sitelinks|search_rank_0,Q2469611,Turiisk Raion,19,auto,"[{""qid"": ""Q1996528"", ""label"": ""Turiisk"", ""desc"": ""urban locality in Volyn Oblast, Ukraine"", ""score"": 26}, {""qid"": ""Q2469611"", ""label"": ""Turiisk Raion"", ""desc"": ""raion in Volyn Oblast, Ukraine"", ""score"": 19}, {""qid"": ""Q16720582"", ""label"": ""Turiisk"", ""desc"": ""railway station in Turiisk, Ukraine"", ""score"": 18}, {""qid"": ""Q55707080"", ""label"": ""Turiisk settlement hromada"", ""desc"": """", ""score"": 13}, {""qid"": ""Q12143722"", ""label"": ""flag of Turiisk Raion"", ""desc"": """", ""score"": 8}]"
329c0eb3-248f-492c-a3af-cecfd580ec91,Turin,turin,Q495,Turin,26,name_exact|p31_settlement|coords_eu_il|country_IT|has_sitelinks|search_rank_0,Q24663948,Turin,15,auto,"[{""qid"": ""Q495"", ""label"": ""Turin"", ""desc"": ""city and commune in Italy"", ""score"": 26}, {""qid"": ""Q24663948"", ""label"": ""Turin"", ""desc"": ""family name"", ""score"": 15}, {""qid"": ""Q2768"", ""label"": ""Torino FC"", ""desc"": ""Italian football club based in Turin, Piedmont"", ""score"": 14}, {""qid"": ""Q9672"", ""label"": ""Olympische Winterspiele 2006"", ""desc"": ""20. Austragung der Olympischen Winterspiele, in Turin, Italien"", ""score"": 13}, {""qid"": ""Q16287"", ""label"": ""Province of Turin"", ""desc"": ""former province in Italy (1859 to 2015)"", ""score"": 11}, {""qid"": ""Q2822396"", ""label"": ""Accademia delle Scienze Turin"", ""desc"": ""Akademie der Wissenschaften in Turin, Italien"", ""score"": 9}, {""qid"": ""Q572434"", ""label"": ""טורין טורמבר"", ""desc"": ""דמות בדיונית בכתבי טולקין"", ""score"": 8}, {""qid"": ""Q2239935"", ""label"": ""Turin"", ""desc"": ""עיר בארצות הברית"", ""score"": 7}, {""qid"": ""Q1938221"", ""label"": ""Turin"", ""desc"": ""town in Coweta County, Georgia, United States"", ""score"": 7}, {""qid"": ""Q7886"", ""label"": ""Lunge"", ""desc"": ""Körperorgan, das der Atmung dient"", ""score"": 6}]"
bcdb0699-07fd-4eae-a6ef-a2af1175a487,Turnau,turnau,Q691305,Turnau,20,name_exact|coords_eu_il|country_AT|has_sitelinks|search_rank_1,Q86531133,Turnau,17,manual,"[{""qid"": ""Q691305"", ""label"": ""Turnau"", ""desc"": ""municipality in Bruck-Mürzzuschlag District, Styria, Austria"", ""score"": 20}, {""qid"": ""Q86531133"", ""label"": ""Turnau"", ""desc"": ""family name"", ""score"": 17}, {""qid"": ""Q851419"", ""label"": ""Turnov"", ""desc"": ""Stadt in Tschechien"", ""score"": 17}, {""qid"": ""Q21611058"", ""label"": ""Katarzyna Turnau"", ""desc"": ""Polish botanist"", ""score"": 10}, {""qid"": ""Q134438612"", ""label"": ""Turnau"", ""desc"": ""locality in Bruck-Mürzzuschlag district, Austria"", ""score"": 10}, {""qid"": ""Q134438613"", ""label"": ""Turnau"", ""desc"": ""cadastral municipality in Bruck-Mürzzuschlag district, Austria"", ""score"": 10}, {""qid"": ""Q112604669"", ""label"": ""Turnau"", ""desc"": """", ""score"": 7}, {""qid"": ""Q106331482"", ""label"": ""Turnauer"", ""desc"": ""family name"", ""score"": 4}]"
17deefe0-10ad-4cea-b2f3-5908c229c420,Venice,venice,Q641,ונציה,23,alias_exact|p31_settlement|coords_eu_il|country_IT|has_sitelinks|search_rank_1,Q773853,Venice,17,auto,"[{""qid"": ""Q641"", ""label"": ""ונציה"", ""desc"": ""עיר באיטליה"", ""score"": 23}, {""qid"": ""Q773853"", ""label"": ""Venice"", ""desc"": ""beachfront neighborhood in Los Angeles, California, USA"", ""score"": 17}, {""qid"": ""Q4948"", ""label"": ""הרפובליקה של ונציה"", ""desc"": ""מדינה לשעבר בצפון מזרח איטליה, שהתקיימה מהמאה השביעית ועד כיבושה על ידי נפוליאון ב-1797"", ""score"": 15}, {""qid"": ""Q37556754"", ""label"": ""Venice"", ""desc"": ""family name"", ""score"": 11}, {""qid"": ""Q57325"", ""label"": ""Venice"", ""desc"": ""Stadt im US-Bundesstaat Florida"", ""score"": 9}, {""qid"": ""Q7919972"", ""label"": ""Venice"", ""desc"": ""2007 puzzle video game"", ""score"": 7}]"
34671fa9-2ff7-495c-baf0-dcca8dd19857,Vienna,vienna,Q1741,Vienna,26,name_exact|p31_settlement|coords_eu_il|country_AT|has_sitelinks|search_rank_0,Q1002926,Vienna,15,auto,"[{""qid"": ""Q1741"", ""label"": ""Vienna"", ""desc"": ""capital of and state in Austria"", ""score"": 26}, {""qid"": ""Q1002926"", ""label"": ""Vienna"", ""desc"": ""town in Fairfax County, Virginia, United States"", ""score"": 15}, {""qid"": ""Q11215"", ""label"": ""Windows 7"", ""desc"": ""מערכת הפעלה למחשבים שהופצה בשנת 2009"", ""score"": 12}, {""qid"": ""Q577544"", ""label"": ""Vienna"", ""desc"": ""city in Johnson County, Illinois, United States"", ""score"": 11}, {""qid"": ""Q4011458"", ""label"": ""Vienna"", ""desc"": ""weiblicher Vorname"", ""score"": 9}, {""qid"": ""Q1028144"", ""label"": ""Vienna"", ""desc"": ""Stadt im US-Bundesstaat Georgia"", ""score"": 7}, {""qid"": ""Q9304410"", ""label"": ""Vienna"", ""desc"": ""song written and composed by Warren Cann, Chris Cross, Billy Currie and Midge Ure, originally recorded by Ultravox and released in 1981"", ""score"": 7}]"
26efef1f-011c-44c7-bd7c-0f65ab1785ba,Vilnius,vilnius,Q216,Vilnius,26,name_exact|p31_settlement|coords_eu_il|country_LT|has_sitelinks|search_rank_0,Q389852,Vilnius Gediminas Technical University,17,auto,"[{""qid"": ""Q216"", ""label"": ""Vilnius"", ""desc"": ""capital and largest city of Lithuania"", ""score"": 26}, {""qid"": ""Q389852"", ""label"": ""Vilnius Gediminas Technical University"", ""desc"": ""public university in Vilnius, Lithuania"", ""score"": 17}, {""qid"": ""Q188061"", ""label"": ""Bezirk Vilnius"", ""desc"": ""ehemaliger Verwaltungsbezirk Litauens"", ""score"": 17}, {""qid"": ""Q658192"", ""label"": ""Universität Vilnius"", ""desc"": ""Universität in Litauen"", ""score"": 11}, {""qid"": ""Q118903"", ""label"": ""Vilnius District Municipality"", ""desc"": ""district municipality of Lithuania"", ""score"": 11}, {""qid"": ""Q150801"", ""label"": ""3072 Vilnius"", ""desc"": ""אסטרואיד"", ""score"": 10}, {""qid"": ""Q16476450"", ""label"": ""Vilnius"", ""desc"": ""daily newspaper published in Vilnius between 1920–1921"", ""score"": 9}, {""qid"": ""Q16476451"", ""label"": ""Vilnius"", ""desc"": ""bimonthly magazine of the Lithuanian Writers' Union, published since 1978"", ""score"": 7}, {""qid"": ""Q83649519"", ""label"": ""Vilnius"", ""desc"": ""ship built in 1939"", ""score"": 7}, {""qid"": ""Q500988"", ""label"": ""FK Žalgiris Vilnius"", ""desc"": ""litauischer Fußballverein"", ""score"": 6}, {""qid"": ""Q46942"", ""label"": ""Lietuvos rytas Vilnius"", ""desc"": ""litauischer Basketballverein‎"", ""score"": 6}]"
e72d02c4-6ce4-47a4-90bb-bc5eefa19e57,Wamburg,wamburg,,,0,,,,0,manual,[]
3f2eed9b-c1c9-469c-bb43-e883059e4e0a,Warsaw,warsaw,Q270,Warsaw,26,name_exact|p31_settlement|coords_eu_il|country_PL|has_sitelinks|search_rank_0,Q37500217,Warsaw,13,auto,"[{""qid"": ""Q270"", ""label"": ""Warsaw"", ""desc"": ""capital and largest city of Poland"", ""score"": 26}, {""qid"": ""Q37500217"", ""label"": ""Warsaw"", ""desc"": ""family name"", ""score"": 13}, {""qid"": ""Q992560"", ""label"": ""Warsaw"", ""desc"": ""Stadt im US-Bundesstaat Indiana"", ""score"": 13}, {""qid"": ""Q144488"", ""label"": ""University of Warsaw"", ""desc"": ""largest university in Poland"", ""score"": 13}, {""qid"": ""Q7970879"", ""label"": ""Warsaw"", ""desc"": ""Ort im US-Bundesstaat New York"", ""score"": 9}, {""qid"": ""Q1718656"", ""label"": ""Warsaw University of Technology"", ""desc"": ""technical university in Warsaw, Poland"", ""score"": 9}, {""qid"": ""Q1919763"", ""label"": ""Warsaw"", ""desc"": ""עיר במדינת קנטאקי שבארצות הברית"", ""score"": 7}, {""qid"": ""Q576165"", ""label"": ""Warsaw"", ""desc"": ""Stadt im US-Bundesstaat Illinois"", ""score"": 7}]"
ddd328e2-9060-4831-bde3-7e774da2b0c9,Wasiliszki,wasiliszki,Q2632629,Wassilischki,19,alias_exact|coords_eu_il|country_BY|has_sitelinks|search_rank_1,Q12678189,Vosyliškės,19,manual,"[{""qid"": ""Q2632629"", ""label"": ""Wassilischki"", ""desc"": ""Dorf in Belarus"", ""score"": 19}, {""qid"": ""Q12678189"", ""label"": ""Vosyliškės"", ""desc"": ""village in Lithuania"", ""score"": 19}, {""qid"": ""Q30006085"", ""label"": ""Wasiliszki Ghetto"", ""desc"": """", ""score"": 17}, {""qid"": ""Q12678188"", ""label"": ""Vosyliškė"", ""desc"": ""village in Lithuania"", ""score"": 17}, {""qid"": ""Q137396015"", ""label"": ""Wasiliszki Kryczalskie"", ""desc"": """", ""score"": 8}]"
649fa979-76cf-4a9d-a145-84a7b02a35b7,Weikersheim,weikersheim,Q61835,Weikersheim,26,name_exact|p31_settlement|coords_eu_il|country_DE|has_sitelinks|search_rank_0,Q32753275,Weikersheim,24,manual,"[{""qid"": ""Q61835"", ""label"": ""Weikersheim"", ""desc"": ""town in Germany"", ""score"": 26}, {""qid"": ""Q32753275"", ""label"": ""Weikersheim"", ""desc"": ""human settlement in Germany"", ""score"": 24}, {""qid"": ""Q66821456"", ""label"": ""Weikersheim"", ""desc"": ""railway station in Weikersheim, Germany"", ""score"": 18}, {""qid"": ""Q504517"", ""label"": ""Schloss Weikersheim"", ""desc"": ""Schloss in Deutschland"", ""score"": 11}, {""qid"": ""Q24209093"", ""label"": ""Weikersheim"", ""desc"": ""דף פירושונים"", ""score"": 7}, {""qid"": ""Q106121936"", ""label"": ""Weikersheimer"", ""desc"": ""family name"", ""score"": 6}]"
e42ab1ac-5589-4f7c-9667-ef8d0955d4d6,Wien,wien,Q1741,Vienna,25,alias_exact|p31_settlement|coords_eu_il|country_AT|has_sitelinks|search_rank_0,Q131612,Wiener Neustadt,19,auto,"[{""qid"": ""Q1741"", ""label"": ""Vienna"", ""desc"": ""capital of and state in Austria"", ""score"": 25}, {""qid"": ""Q131612"", ""label"": ""Wiener Neustadt"", ""desc"": ""city in Lower Austria, Austria"", ""score"": 19}, {""qid"": ""Q26397652"", ""label"": ""Wien"", ""desc"": """", ""score"": 16}, {""qid"": ""Q23638229"", ""label"": ""Wien"", ""desc"": ""family name"", ""score"": 15}, {""qid"": ""Q702289"", ""label"": ""נהר וינה"", ""desc"": ""נהר"", ""score"": 13}, {""qid"": ""Q165980"", ""label"": ""Universität Wien"", ""desc"": ""größte Hochschule in Österreich"", ""score"": 9}, {""qid"": ""Q15759796"", ""label"": ""Wiener Klinische Wochenschrift"", ""desc"": ""wissenschaftliche Fachzeitschrift"", ""score"": 8}, {""qid"": ""Q1002722"", ""label"": ""Wien"", ""desc"": ""civil town in Marathon County, Wisconsin"", ""score"": 7}, {""qid"": ""Q18029622"", ""label"": ""Vienna History Wiki"", ""desc"": ""history wiki of the City of Vienna"", ""score"": 6}, {""qid"": ""Q697173"", ""label"": ""Wiener Zeitung"", ""desc"": ""Austrian newspaper, published since 1703"", ""score"": 4}, {""qid"": ""Q2568998"", ""label"": ""Wiener Medizinische Wochenschrift"", ""desc"": ""Wissenschaftliche Fachzeitschrift"", ""score"": 4}]"
012e7e36-1d60-4983-a65b-917e95bba27f,Worms,worms,Q604063,World Register of Marine Species,21,alias_exact|coords_eu_il|country_BE|has_sitelinks|search_rank_0,Q3852,וורמס,21,manual,"[{""qid"": ""Q604063"", ""label"": ""World Register of Marine Species"", ""desc"": ""web-based database of marine species"", ""score"": 21}, {""qid"": ""Q3852"", ""label"": ""וורמס"", ""desc"": ""עיר בגרמניה"", ""score"": 21}, {""qid"": ""Q7903060"", ""label"": ""Worms"", ""desc"": ""artillery strategy computer game series"", ""score"": 13}, {""qid"": ""Q24514449"", ""label"": ""Worms"", ""desc"": ""family name"", ""score"": 11}, {""qid"": ""Q6073593"", ""label"": ""TCG Karamursel"", ""desc"": """", ""score"": 8}, {""qid"": ""Q278771"", ""label"": ""Worms"", ""desc"": ""Computerspiel aus dem Jahr 1995"", ""score"": 7}, {""qid"": ""Q180712"", ""label"": ""תולעת מחשב"", ""desc"": ""תוכנה זדונית"", ""score"": 6}]"
cdaf406c-f847-48c1-98f3-01f65075692e,Wriezen,wriezen,Q588598,Wriezen,26,name_exact|p31_settlement|coords_eu_il|country_DE|has_sitelinks|search_rank_0,Q19964101,Wriezen railway station,19,auto,"[{""qid"": ""Q588598"", ""label"": ""Wriezen"", ""desc"": ""town in Brandenburg state, Germany"", ""score"": 26}, {""qid"": ""Q19964101"", ""label"": ""Wriezen railway station"", ""desc"": ""railway station in Wriezen, Brandenburg state, Germany"", ""score"": 19}, {""qid"": ""Q32764683"", ""label"": ""Wriezen"", ""desc"": """", ""score"": 18}, {""qid"": ""Q99296983"", ""label"": ""Wriezener Karree"", ""desc"": ""Straße in Berlin-Friedrichshain"", ""score"": 11}, {""qid"": ""Q2594453"", ""label"": ""Wriezener Bahn"", ""desc"": ""Bahnstrecke in Deutschland"", ""score"": 10}, {""qid"": ""Q110584781"", ""label"": ""Wriezener Alte Oder"", ""desc"": """", ""score"": 9}, {""qid"": ""Q60087544"", ""label"": ""Wriezener Straße"", ""desc"": ""Straße in Berlin-Gesundbrunnen"", ""score"": 9}, {""qid"": ""Q24208587"", ""label"": ""Wriezen"", ""desc"": ""דף פירושונים"", ""score"": 7}]"
2a2d5ad7-4340-4d80-9dd6-fe01816dddb1,Würzburg,wurzburg,Q2999,Würzburg,26,name_exact|p31_settlement|coords_eu_il|country_DE|has_sitelinks|search_rank_0,Q10458,מחוז וירצבורג,17,auto,"[{""qid"": ""Q2999"", ""label"": ""Würzburg"", ""desc"": ""city in the region of Franconia, Northern Bavaria, Germany"", ""score"": 26}, {""qid"": ""Q10458"", ""label"": ""מחוז וירצבורג"", ""desc"": ""rural district in Lower Franconia, Bavaria, Germany"", ""score"": 17}, {""qid"": ""Q105991855"", ""label"": ""Würzburg"", ""desc"": ""family name"", ""score"": 13}, {""qid"": ""Q161976"", ""label"": ""Julius-Maximilians-Universität Würzburg"", ""desc"": ""Universität in Deutschland"", ""score"": 13}, {""qid"": ""Q30503685"", ""label"": ""Würzburg"", ""desc"": ""hill in Germany"", ""score"": 12}, {""qid"": ""Q37167772"", ""label"": ""Wurzburg"", ""desc"": ""family name"", ""score"": 7}, {""qid"": ""Q27715435"", ""label"": ""Würzburger medizinhistorische Mitteilungen"", ""desc"": ""wissenschaftliche Fachzeitschrift"", ""score"": 2}]"
a27a8dff-4f4a-4cce-b077-8d5b6bc31207,Zamosc,zamosc,Q145972,Zamość,26,name_exact|p31_settlement|coords_eu_il|country_PL|has_sitelinks|search_rank_0,Q21650205,Zamoscie,19,auto,"[{""qid"": ""Q145972"", ""label"": ""Zamość"", ""desc"": ""historical city in the Lublin Voivodeship of southeastern Poland"", ""score"": 26}, {""qid"": ""Q21650205"", ""label"": ""Zamoscie"", ""desc"": ""village in Sluck district, Belarus"", ""score"": 19}, {""qid"": ""Q2160215"", ""label"": ""Gmina Zamość"", ""desc"": ""rural gmina of Poland"", ""score"": 17}, {""qid"": ""Q914135"", ""label"": ""Zamość County"", ""desc"": ""administrative division (powiat) in the Lublin Voivodeship of southeastern Poland"", ""score"": 15}, {""qid"": ""Q8065935"", ""label"": ""Zamość"", ""desc"": ""village in Gmina Sieroszewice, Poland"", ""score"": 14}, {""qid"": ""Q8065941"", ""label"": ""Zamość"", ""desc"": ""village in Masovian Voivodeship, Poland"", ""score"": 12}, {""qid"": ""Q8065938"", ""label"": ""Zamość, Pomeranian Voivodeship"", ""desc"": ""village in Pomeranian, Poland"", ""score"": 11}, {""qid"": ""Q6492607"", ""label"": ""Zamoscie"", ""desc"": ""Weiler in der Rajon Talačyn, Belarus"", ""score"": 9}]"
2b96ded7-06a8-4e09-b6c3-fb5684a4d91d,Zell,zell,Q31614,Zell im Fichtelgebirge,21,alias_exact|coords_eu_il|country_DE|has_sitelinks|search_rank_0,Q1308178,Zell,16,auto,"[{""qid"": ""Q31614"", ""label"": ""Zell im Fichtelgebirge"", ""desc"": ""market municipality in the district of Hof, Bavaria, Germany"", ""score"": 21}, {""qid"": ""Q1308178"", ""label"": ""Zell"", ""desc"": ""quarter of Esslingen am Neckar, Baden-Württemberg, Germany"", ""score"": 16}, {""qid"": ""Q187475"", ""label"": ""Zell"", ""desc"": ""parrt of Geisenfeld"", ""score"": 16}, {""qid"": ""Q37569944"", ""label"": ""Zell"", ""desc"": ""Familienname"", ""score"": 15}, {""qid"": ""Q187503"", ""label"": ""Zell"", ""desc"": ""municipality of Cham, Germany"", ""score"": 12}, {""qid"": ""Q67211"", ""label"": ""Zell"", ""desc"": ""municipality in Switzerland"", ""score"": 12}, {""qid"": ""Q187493"", ""label"": ""Zell"", ""desc"": ""municipality in Klagenfurt-Land District, Carinthia, Austria"", ""score"": 12}, {""qid"": ""Q21014462"", ""label"": ""Zelllinie"", ""desc"": ""immortalisierter eukaryotischer Zellklon, entstanden aus einem Zelltyp eines Eukaryoten"", ""score"": 10}, {""qid"": ""Q7141"", ""label"": ""Zellbiologie"", ""desc"": ""Kategorie der Biologie"", ""score"": 6}, {""qid"": ""Q29548"", ""label"": ""Zellmembran"", ""desc"": ""Grenzschicht einer Zelle"", ""score"": 4}, {""qid"": ""Q187733"", ""label"": ""Zeller"", ""desc"": ""family name"", ""score"": 4}, {""qid"": ""Q14599311"", ""label"": ""Apoptose"", ""desc"": ""biologischer Prozess: „Suizidprogramm“ einzelner biologischer Zellen"", ""score"": 4}]"
48ca0895-a552-4770-a811-8e55a0d09fc8,Zhovkva,zhovkva,Q864836,Zhovkva,22,name_exact|coords_eu_il|country_UA|has_sitelinks|search_rank_0,Q955630,Zhovkva Raion,19,manual,"[{""qid"": ""Q864836"", ""label"": ""Zhovkva"", ""desc"": ""city in Lvivska oblast, Ukraine"", ""score"": 22}, {""qid"": ""Q955630"", ""label"": ""Zhovkva Raion"", ""desc"": ""former raion of Ukraine"", ""score"": 19}, {""qid"": ""Q16699292"", ""label"": ""Zhovkva"", ""desc"": ""railway station"", ""score"": 18}, {""qid"": ""Q2425762"", ""label"": ""Zhovkva Castle"", ""desc"": ""17th century castle in the town of Zhovka, Ukraine"", ""score"": 13}, {""qid"": ""Q106684120"", ""label"": ""Zhovkva urban hromada"", ""desc"": ""hromada in Lviv Oblast, Ukraine"", ""score"": 9}, {""qid"": ""Q28704553"", ""label"": ""flag of Zhovkva Raion"", ""desc"": """", ""score"": 8}]"
7bc04dfd-2013-4ff6-a37d-bcd8e7eee0e7,Zolochiv,zolochiv,Q623594,Zolochiv,22,name_exact|coords_eu_il|country_UA|has_sitelinks|search_rank_0,Q2608054,Zolochiv Raion,19,manual,"[{""qid"": ""Q623594"", ""label"": ""Zolochiv"", ""desc"": ""city in Lviv Oblast in western Ukraine"", ""score"": 22}, {""qid"": ""Q2608054"", ""label"": ""Zolochiv Raion"", ""desc"": ""former raion in Lviv Oblast"", ""score"": 19}, {""qid"": ""Q12107002"", ""label"": ""Zolochiv"", ""desc"": ""railway station in Zolochiv, Kharkiv Oblast, Ukraine"", ""score"": 18}, {""qid"": ""Q2010577"", ""label"": ""Zolochiv, Kharkiv Oblast"", ""desc"": ""urban type settlement and hromada Bohodukhiv raion, Kharkiv Oblast, Ukraine"", ""score"": 15}, {""qid"": ""Q1975552"", ""label"": ""Zolochiv Raion"", ""desc"": ""former raion of Kharkiv Oblast (1923-2020)"", ""score"": 11}, {""qid"": ""Q103839840"", ""label"": ""Zolochiv Raion"", ""desc"": ""raion in Lviv Oblast, Ukraine (established in 2020)"", ""score"": 9}]"
651c61d7-d4e6-4aad-9331-11602daf4a48,Zürich,zurich,Q72,Zurich,26,name_exact|p31_settlement|coords_eu_il|country_CH|has_sitelinks|search_rank_0,Q11943,Canton of Zurich,19,auto,"[{""qid"": ""Q72"", ""label"": ""Zurich"", ""desc"": ""most populous city in Switzerland and capital of the canton of Zurich"", ""score"": 26}, {""qid"": ""Q11943"", ""label"": ""Canton of Zurich"", ""desc"": ""canton in Switzerland"", ""score"": 19}, {""qid"": ""Q230426"", ""label"": ""Zurich Insurance Group"", ""desc"": ""Swiss insurance company"", ""score"": 14}, {""qid"": ""Q40313234"", ""label"": ""Schauspielhaus Zürich"", ""desc"": ""Theaterproduktionsgesellschaft in Zürich"", ""score"": 13}, {""qid"": ""Q33729618"", ""label"": ""Zürich"", ""desc"": ""Wikimedia duplicated page"", ""score"": 12}, {""qid"": ""Q660732"", ""label"": ""Bezirk Zürich"", ""desc"": ""Bezirk im Kanton Zürich, Schweiz"", ""score"": 11}, {""qid"": ""Q230408"", ""label"": ""Zurich Film Festival"", ""desc"": ""film festival"", ""score"": 9}, {""qid"": ""Q2269690"", ""label"": ""13025 Zurich"", ""desc"": ""אסטרואיד"", ""score"": 8}, {""qid"": ""Q37537027"", ""label"": ""Zurich"", ""desc"": ""שם משפחה (Zurich)"", ""score"": 7}]"
8f93f0bf-4186-4353-a0b0-5acfce92bc5f,אבערראבבינער,city-8f93f0bf,,,0,,,,0,manual,[]
86002dcf-2bed-4f84-8a48-4ccc86cea6ba,אמשניץ,city-86002dcf,,,0,,,,0,manual,[]
9251dd0e-a5c4-45ba-bdfd-27de53f16539,אפען,city-9251dd0e,Q931140,open proxy,14,alias_partial|has_sitelinks|search_rank_0,,,0,auto,"[{""qid"": ""Q931140"", ""label"": ""open proxy"", ""desc"": ""proxy server accessible to any Internet user"", ""score"": 14}]"
9b2624c7-a4fe-4e4a-933b-639cf39d2773,דיהרנפורט,city-9b2624c7,Q995429,Brzeg Dolny,25,alias_exact|p31_settlement|coords_eu_il|country_PL|has_sitelinks|search_rank_0,,,0,auto,"[{""qid"": ""Q995429"", ""label"": ""Brzeg Dolny"", ""desc"": ""city of Poland"", ""score"": 25}]"
d2e1f8ec-307f-4f91-bf5a-fbc773f5a9be,דיניויץ,city-d2e1f8ec,,,0,,,,0,manual,[]
0721c4fe-b21f-49ba-8c22-2e88972ac7eb,ווערדין,city-0721c4fe,,,0,,,,0,manual,[]
fb467505-f936-4ef7-b689-939005551f6a,ויעלקאשט,city-fb467505,,,0,,,,0,manual,[]
0208938d-3176-475c-8b48-d8343aa4aaa4,ולאטאווי,city-0208938d,,,0,,,,0,manual,[]
ae8f4639-0a49-4134-8218-71fac82176c1,זאמחוב,city-ae8f4639,,,0,,,,0,manual,[]
b2bfe939-5b36-419e-82d3-7a50e931d253,טורהאוויץ,city-b2bfe939,,,0,,,,0,manual,[]
bebad93d-e843-4c04-885f-59152f7d5c0b,טשערנאוויץ,city-bebad93d,Q157725,Chernivtsi,25,alias_exact|p31_settlement|coords_eu_il|country_UA|has_sitelinks|search_rank_0,Q168856,Chernivtsi Oblast,17,auto,"[{""qid"": ""Q157725"", ""label"": ""Chernivtsi"", ""desc"": ""capital city of Chernivtsi Oblast in western Ukraine and historical center of the Bukovina"", ""score"": 25}, {""qid"": ""Q168856"", ""label"": ""Chernivtsi Oblast"", ""desc"": ""oblast of Ukraine"", ""score"": 17}, {""qid"": ""Q20502620"", ""label"": ""Czernowitz Ghetto"", ""desc"": ""Nazi ghetto in Romania"", ""score"": 15}]"
fb7ee147-f50f-4f8f-92f3-82b1e34c7f96,יוזעפאף,city-fb7ee147,Q985534,Józefów,21,alias_exact|coords_eu_il|country_PL|has_sitelinks|search_rank_0,,,0,auto,"[{""qid"": ""Q985534"", ""label"": ""Józefów"", ""desc"": ""city and urban gmina of Poland"", ""score"": 21}]"
e6e1e6d0-e5ed-44bd-ad45-80031dafb019,לעטשוב=לאצוב,city-e6e1e6d0,,,0,,,,0,manual,[]
70c1a26a-af53-444b-92fa-d1c9a7408ea6,מיץ,city-70c1a26a,Q8492,juice,16,alias_exact|has_sitelinks|search_rank_0,Q11550473,juice,14,manual,"[{""qid"": ""Q8492"", ""label"": ""juice"", ""desc"": ""naturally occurring liquid present in fruits, vegetables and plants"", ""score"": 16}, {""qid"": ""Q11550473"", ""label"": ""juice"", ""desc"": ""liquid contained in or squeezed from solid food like fruit and vegetables"", ""score"": 14}, {""qid"": ""Q64386"", ""label"": ""gallbladder"", ""desc"": ""organ in humans and other vertebrates"", ""score"": 10}, {""qid"": ""Q65979"", ""label"": ""bile"", ""desc"": ""fluid produced by the liver of most vertebrates that aids the process of digestion"", ""score"": 8}, {""qid"": ""Q20932605"", ""label"": ""fruit juice"", ""desc"": ""juice contained in or squeezed from fruit"", ""score"": 6}, {""qid"": ""Q1375049"", ""label"": ""Zitronensaft"", ""desc"": ""Fruchtsaft"", ""score"": 4}, {""qid"": ""Q219059"", ""label"": ""מיץ תפוזים"", ""desc"": ""מיץ פירות המופק מסחיטת תפוזים"", ""score"": 4}]"
77a30656-67d8-481b-803a-cbb42820e918,נאווי דוואהר,city-77a30656,,,0,,,,0,manual,[]
b3953102-c7d6-4b30-aff2-73315442afa2,סטאבנץ,city-b3953102,,,0,,,,0,manual,[]
596f7a3f-e279-4719-81d4-d6c6a39a2135,קאסנטין הישנה,city-596f7a3f,,,0,,,,0,manual,[]
5d026843-a4a0-4a9d-8d48-c519076970aa,ראנינבורג,city-5d026843,,,0,,,,0,manual,[]
8375c608-fa73-49c6-84da-a9bb8fcf05a1,שערשאווי,city-8375c608,,,0,,,,0,manual,[]
ddafbbdc-a731-4005-94a6-a3fcd31a59a2,שקוד האזפוט,city-ddafbbdc,,,0,,,,0,manual,[]
